Info: Read library: '/x/03. 3D Assets/4. Details/colorbond/colorbond.blend', 'X:\03. 3D Assets\4. Details\colorbond\colorbond.blend', parent '<direct>'
Warning: Unable to open '/x/03. 3D Assets/4. Details/colorbond/colorbond.blend': No such file or directory
Info: Cannot find lib '/x/03. 3D Assets/4. Details/colorbond/colorbond.blend'
Info: LIB: NodeTree: 'Poliigon_Adjustments.001' missing from 'X:/03. 3D Assets/4. Details/colorbond/colorbond.blend', parent '<direct>'
Warning: 1 libraries and 1 linked data-blocks are missing (including 0 ObjectData and 0 Proxies), please check the Info and Outliner editors for details
## SCENE
blender_version_saved (4, 1, 23) running 4.2.9 LTS scenes ['Scene'] active Scene
engine CYCLES cycles_samples 300 device GPU res 1920 1080 300 fps 30 frames 1 660 current 15
color display sRGB view Filmic look None exposure 0.0 gamma 1.0 curve False film_transparent False
world Studio World use_nodes True color [0.05, 0.05, 0.05]
  WNODE Reflection rotation MAPPING  {Vector*=[0.0, 0.0, 0.0], Location=[0.0, 0.0, 0.0], Rotation=[0.0, 0.0, 0.0], Scale=[1.0, 1.0, 1.0]}
  WNODE Texture Coordinate TEX_COORD  {}
  WNODE Map Mask MAPPING  {Vector*=[0.0, 0.0, 0.0], Location=[0.44, 0.41, 0.0], Rotation=[0.0, 0.0, 0.0], Scale=[0.6, 0.6, 0.6]}
  WNODE Map Overlay MAPPING  {Vector*=[0.0, 0.0, 0.0], Location=[0.5, 0.5, 0.0], Rotation=[0.0, 0.0, 0.0], Scale=[1.3, 1.3, 1.3]}
  WNODE Mask Image TEX_IMAGE  image=Mask Round.jpg.001 size=[256, 256] {Vector*=[0.0, 0.0, 0.0]}
  WNODE Overlay Image TEX_IMAGE  image=Flying Embers 1.jpg.001 size=[3072, 3072] {Vector*=[0.0, 0.0, 0.0]}
  WNODE Brightness/Contrast BRIGHTCONTRAST  {Color*=[1.0, 1.0, 1.0, 1.0], Bright=0.0, Contrast=0.0}
  WNODE Color Ramp VALTORGB  {Fac*=0.5}
  WNODE Mask inverter INVERT  {Fac=1.0, Color*=[0.0, 0.0, 0.0, 1.0]}
  WNODE Hue/Saturation/Value.001 HUE_SAT  {Hue=0.5, Saturation=1.0, Value=1.0, Fac=1.0, Color*=[0.8, 0.8, 0.8, 1.0]}
  WNODE Mask Multiply MIX_RGB  blend=MULTIPLY {Fac=1.0, Color1*=[0.5, 0.5, 0.5, 1.0], Color2*=[0.5, 0.5, 0.5, 1.0]}
  WNODE Overlay Influence MIX_RGB  blend=OVERLAY {Fac=0.98, Color1*=[0.5, 0.5, 0.5, 1.0], Color2*=[0.5, 0.5, 0.5, 1.0]}
  WNODE Background Color RGB  color=[1.0, 1.0, 1.0, 1.0] {}
  WNODE Background.001 BACKGROUND  {Color*=[0.8, 0.8, 0.8, 1.0], Strength*=1.0, Weight=0.0}
  WNODE World Output OUTPUT_WORLD  {}
  WNODE Background-Reflection mix MIX_SHADER  {Fac*=0.5}
  WNODE Hue/Saturation/Value HUE_SAT  {Hue=0.5, Saturation=1.0, Value=1.0, Fac=1.0, Color*=[0.8, 0.8, 0.8, 1.0]}
  WNODE Mix (Legacy) MIX_RGB  blend=MIX {Fac=1.0, Color1=[1.0, 1.0, 1.0, 1.0], Color2*=[0.5, 0.5, 0.5, 1.0]}
  WNODE Background BACKGROUND  {Color*=[0.8, 0.8, 0.8, 1.0], Strength*=1.0, Weight=0.0}
  WNODE reflection strength MATH  op=MULTIPLY {Value=1.0, Value*=0.5, Value=0.5}
  WNODE Light Path LIGHT_PATH  {}
  WNODE Environment Texture TEX_ENVIRONMENT  image=Abstract 01.jpg.001 size=[3072, 1536] packed=True path=X:/11. Apps and Add Ons/ProLighting Addon Textures/textures/Abstract 01.jpg cs=sRGB {Vector*=[0.0, 0.0, 0.0]}
  WNODE Background.002 BACKGROUND  {Color=[0.231, 0.231, 0.231, 1.0], Strength=2.0, Weight=0.0}
  WLINK Reflection rotation.Vector -> Environment Texture.Vector
  WLINK Environment Texture.Color -> Hue/Saturation/Value.Color
  WLINK Hue/Saturation/Value.Color -> Mix (Legacy).Color2
  WLINK Mix (Legacy).Color -> Background.Color
  WLINK reflection strength.Value -> Background.Strength
  WLINK Texture Coordinate.Camera -> Map Overlay.Vector
  WLINK Texture Coordinate.Camera -> Map Mask.Vector
  WLINK Map Mask.Vector -> Mask Image.Vector
  WLINK Mask Image.Color -> Color Ramp.Fac
  WLINK Color Ramp.Color -> Mask inverter.Color
  WLINK Mask inverter.Color -> Mask Multiply.Color2
  WLINK Map Overlay.Vector -> Overlay Image.Vector
  WLINK Overlay Image.Color -> Brightness/Contrast.Color
  WLINK Brightness/Contrast.Color -> Hue/Saturation/Value.001.Color
  WLINK Hue/Saturation/Value.001.Color -> Overlay Influence.Color2
  WLINK Background Color.Color -> Overlay Influence.Color1
  WLINK Overlay Influence.Color -> Mask Multiply.Color1
  WLINK Mask Multiply.Color -> Background.001.Color
  WLINK Light Path.Is Camera Ray -> Background.001.Strength
  WLINK Texture Coordinate.Generated -> Reflection rotation.Vector
  WLINK Light Path.Is Glossy Ray -> reflection strength.Value
  WLINK Background.001.Background -> Background-Reflection mix.Shader
  WLINK Background.Background -> Background-Reflection mix.Shader
  WLINK reflection strength.Value -> Background-Reflection mix.Fac
  WLINK Background.002.Background -> World Output.Surface
## COLLECTIONS
- Scene Collection objects=0 all=471 exclude=False hide_vp=False coll_hide_vp=False coll_hide_render=False
  - Master objects=0 all=79 exclude=False hide_vp=False coll_hide_vp=False coll_hide_render=False
    - Animation objects=70 all=79 exclude=False hide_vp=False coll_hide_vp=False coll_hide_render=False
      - retired objects=1 all=1 exclude=True hide_vp=False coll_hide_vp=False coll_hide_render=False  [EFFECTIVELY HIDDEN]
      - 1. alpha set up objects=5 all=5 exclude=True hide_vp=False coll_hide_vp=False coll_hide_render=False  [EFFECTIVELY HIDDEN]
      - 2. bravo set up objects=3 all=3 exclude=False hide_vp=False coll_hide_vp=False coll_hide_render=False
  - Heritage Wtach Bases objects=0 all=56 exclude=False hide_vp=False coll_hide_vp=False coll_hide_render=False
    - MEGACHEAP watch objects=26 all=26 exclude=True hide_vp=False coll_hide_vp=False coll_hide_render=False  [EFFECTIVELY HIDDEN]
    - Heritage_Cyber objects=30 all=30 exclude=False hide_vp=False coll_hide_vp=False coll_hide_render=False
  - straps.004 objects=188 all=188 exclude=True hide_vp=False coll_hide_vp=False coll_hide_render=False  [EFFECTIVELY HIDDEN]
  - REF objects=19 all=19 exclude=True hide_vp=False coll_hide_vp=False coll_hide_render=False  [EFFECTIVELY HIDDEN]
  - spare objects=3 all=85 exclude=True hide_vp=False coll_hide_vp=False coll_hide_render=True  [EFFECTIVELY HIDDEN]
    - Cams & Straps objects=0 all=82 exclude=True hide_vp=False coll_hide_vp=False coll_hide_render=False  [EFFECTIVELY HIDDEN]
      - 1. black base with black face objects=0 all=3 exclude=True hide_vp=False coll_hide_vp=False coll_hide_render=False  [EFFECTIVELY HIDDEN]
        - straps.001 objects=0 all=0 exclude=True hide_vp=False coll_hide_vp=False coll_hide_render=False  [EFFECTIVELY HIDDEN]
        - cam objects=3 all=3 exclude=True hide_vp=False coll_hide_vp=False coll_hide_render=False  [EFFECTIVELY HIDDEN]
      - 2. rose gold with black face objects=3 all=33 exclude=True hide_vp=False coll_hide_vp=False coll_hide_render=False  [EFFECTIVELY HIDDEN]
        - straps.002 objects=30 all=30 exclude=True hide_vp=False coll_hide_vp=False coll_hide_render=False  [EFFECTIVELY HIDDEN]
      - 3. gold base with black face objects=3 all=13 exclude=True hide_vp=False coll_hide_vp=False coll_hide_render=False  [EFFECTIVELY HIDDEN]
        - gold straps objects=10 all=10 exclude=True hide_vp=False coll_hide_vp=False coll_hide_render=False  [EFFECTIVELY HIDDEN]
      - 4. silver base with white face objects=3 all=3 exclude=True hide_vp=False coll_hide_vp=False coll_hide_render=False  [EFFECTIVELY HIDDEN]
        - straps objects=0 all=0 exclude=True hide_vp=False coll_hide_vp=False coll_hide_render=False  [EFFECTIVELY HIDDEN]
      - 5. rose gold with white face objects=3 all=3 exclude=True hide_vp=False coll_hide_vp=False coll_hide_render=False  [EFFECTIVELY HIDDEN]
        - straps.003 objects=0 all=0 exclude=True hide_vp=False coll_hide_vp=False coll_hide_render=False  [EFFECTIVELY HIDDEN]
      - Master.001 objects=25 all=27 exclude=True hide_vp=False coll_hide_vp=False coll_hide_render=False  [EFFECTIVELY HIDDEN]
        - cam calibration objects=2 all=2 exclude=True hide_vp=False coll_hide_vp=False coll_hide_render=False  [EFFECTIVELY HIDDEN]
  - Collection 6 objects=42 all=42 exclude=False hide_vp=False coll_hide_vp=False coll_hide_render=False
  - import objects=2 all=2 exclude=True hide_vp=False coll_hide_vp=False coll_hide_render=False  [EFFECTIVELY HIDDEN]
## LIGHTS
  1. Point                     POINT W=30.0      color=[1.0, 1.0, 1.0] radius=0.00 pos=[0.0, 0.0, 0.0] dir=[-0.0, -0.0, -1.0] in_layer=False hide_render=False cols=['1. alpha set up'] anim=False constraints=[]
  Area                         AREA  W=500.0     color=[1.0, 1.0, 1.0] shape=ELLIPSE size=1.00x1.00 spread=180 pos=[0.0, 0.0, 0.0] dir=[-0.0, -0.0, -1.0] in_layer=False hide_render=False cols=['1. alpha set up'] anim=False constraints=[]
  Area.003                     AREA  W=50.0      color=[1.0, 1.0, 1.0] shape=DISK size=2.00x1.00 spread=180 pos=[0.0, 0.0, 0.0] dir=[-0.0, -0.0, -1.0] in_layer=False hide_render=False cols=['1. alpha set up'] anim=False constraints=[]
  Area.004                     AREA  W=500.0     color=[1.0, 1.0, 1.0] shape=SQUARE size=2.00x1.00 spread=180 pos=[0.0, 0.0, 0.0] dir=[-0.0, -0.0, -1.0] in_layer=False hide_render=False cols=['retired'] anim=False constraints=[]
  Area.005                     POINT W=1000.0    color=[1.0, 1.0, 1.0] radius=0.05 pos=[0.0, 0.0, 0.0] dir=[-0.0, -0.0, -1.0] in_layer=False hide_render=False cols=['1. alpha set up'] anim=False constraints=[]
  Light_a                      AREA  W=4427.9    color=[1.0, 1.0, 1.0] shape=SQUARE size=8.00x1.00 spread=180 pos=[0.0, 0.0, 0.0] dir=[-0.0, -0.0, -1.0] in_layer=False hide_render=False cols=['Master.001'] anim=False constraints=[]
  Light_a.001                  AREA  W=4427.9    color=[1.0, 1.0, 1.0] shape=SQUARE size=8.00x1.00 spread=180 pos=[0.0, 0.0, 0.0] dir=[-0.0, -0.0, -1.0] in_layer=False hide_render=False cols=['Master.001'] anim=False constraints=[]
  Light_a.002                  AREA  W=4427.9    color=[1.0, 1.0, 1.0] shape=SQUARE size=8.00x1.00 spread=180 pos=[0.0, 0.0, 0.0] dir=[-0.0, -0.0, -1.0] in_layer=False hide_render=False cols=['Master.001'] anim=False constraints=[]
  Light_a.003                  AREA  W=4427.9    color=[1.0, 1.0, 1.0] shape=SQUARE size=8.00x1.00 spread=180 pos=[0.0, 0.0, 0.0] dir=[-0.0, -0.0, -1.0] in_layer=False hide_render=False cols=['Master.001'] anim=False constraints=[]
  Light_a.004                  AREA  W=4427.9    color=[1.0, 1.0, 1.0] shape=SQUARE size=8.00x1.00 spread=180 pos=[0.0, 0.0, 0.0] dir=[-0.0, -0.0, -1.0] in_layer=False hide_render=False cols=['Master.001'] anim=False constraints=[]
  Light_b                      POINT W=200.0     color=[1.0, 1.0, 1.0] radius=1.00 pos=[0.0, 0.0, 0.0] dir=[-0.0, -0.0, -1.0] in_layer=False hide_render=False cols=['Master.001'] anim=False constraints=[]
  Light_b.001                  POINT W=200.0     color=[1.0, 1.0, 1.0] radius=1.00 pos=[0.0, 0.0, 0.0] dir=[-0.0, -0.0, -1.0] in_layer=False hide_render=False cols=['Master.001'] anim=False constraints=[]
  Light_b.002                  POINT W=200.0     color=[1.0, 1.0, 1.0] radius=1.00 pos=[0.0, 0.0, 0.0] dir=[-0.0, -0.0, -1.0] in_layer=False hide_render=False cols=['Master.001'] anim=False constraints=[]
  Light_b.003                  POINT W=200.0     color=[1.0, 1.0, 1.0] radius=1.00 pos=[0.0, 0.0, 0.0] dir=[-0.0, -0.0, -1.0] in_layer=False hide_render=False cols=['Master.001'] anim=False constraints=[]
  Light_b.004                  POINT W=200.0     color=[1.0, 1.0, 1.0] radius=1.00 pos=[0.0, 0.0, 0.0] dir=[-0.0, -0.0, -1.0] in_layer=False hide_render=False cols=['Master.001'] anim=False constraints=[]
  Light_c                      AREA  W=500.0     color=[1.0, 1.0, 1.0] shape=SQUARE size=2.00x1.00 spread=180 pos=[0.0, 0.0, 0.0] dir=[-0.0, -0.0, -1.0] in_layer=False hide_render=False cols=['Master.001'] anim=False constraints=[]
  Light_c.001                  AREA  W=500.0     color=[1.0, 1.0, 1.0] shape=SQUARE size=2.00x1.00 spread=180 pos=[0.0, 0.0, 0.0] dir=[-0.0, -0.0, -1.0] in_layer=False hide_render=False cols=['Master.001'] anim=False constraints=[]
  Light_c.002                  AREA  W=500.0     color=[1.0, 1.0, 1.0] shape=SQUARE size=2.00x1.00 spread=180 pos=[0.0, 0.0, 0.0] dir=[-0.0, -0.0, -1.0] in_layer=False hide_render=False cols=['Master.001'] anim=False constraints=[]
  Light_c.003                  AREA  W=500.0     color=[1.0, 1.0, 1.0] shape=SQUARE size=2.00x1.00 spread=180 pos=[0.0, 0.0, 0.0] dir=[-0.0, -0.0, -1.0] in_layer=False hide_render=False cols=['Master.001'] anim=False constraints=[]
  Light_c.004                  AREA  W=500.0     color=[1.0, 1.0, 1.0] shape=SQUARE size=2.00x1.00 spread=180 pos=[0.0, 0.0, 0.0] dir=[-0.0, -0.0, -1.0] in_layer=False hide_render=False cols=['Master.001'] anim=False constraints=[]
  Light_d                      AREA  W=500.0     color=[1.0, 1.0, 1.0] shape=DISK size=2.00x1.00 spread=180 pos=[0.0, 0.0, 0.0] dir=[-0.0, -0.0, -1.0] in_layer=False hide_render=False cols=['Master.001'] anim=False constraints=[]
  Light_d.001                  AREA  W=500.0     color=[1.0, 1.0, 1.0] shape=DISK size=2.00x1.00 spread=180 pos=[0.0, 0.0, 0.0] dir=[-0.0, -0.0, -1.0] in_layer=False hide_render=False cols=['Master.001'] anim=False constraints=[]
  Light_d.002                  AREA  W=500.0     color=[1.0, 1.0, 1.0] shape=DISK size=2.00x1.00 spread=180 pos=[0.0, 0.0, 0.0] dir=[-0.0, -0.0, -1.0] in_layer=False hide_render=False cols=['Master.001'] anim=False constraints=[]
  Light_d.003                  AREA  W=500.0     color=[1.0, 1.0, 1.0] shape=DISK size=2.00x1.00 spread=180 pos=[0.0, 0.0, 0.0] dir=[-0.0, -0.0, -1.0] in_layer=False hide_render=False cols=['Master.001'] anim=False constraints=[]
  Light_d.004                  AREA  W=500.0     color=[1.0, 1.0, 1.0] shape=DISK size=2.00x1.00 spread=180 pos=[0.0, 0.0, 0.0] dir=[-0.0, -0.0, -1.0] in_layer=False hide_render=False cols=['Master.001'] anim=False constraints=[]
  Light_e                      POINT W=10.0      color=[1.0, 1.0, 1.0] radius=0.00 pos=[0.0, 0.0, 0.0] dir=[-0.0, -0.0, -1.0] in_layer=False hide_render=False cols=['Master.001'] anim=False constraints=[]
  Light_e.001                  POINT W=10.0      color=[1.0, 1.0, 1.0] radius=0.00 pos=[0.0, 0.0, 0.0] dir=[-0.0, -0.0, -1.0] in_layer=False hide_render=False cols=['Master.001'] anim=False constraints=[]
  Light_e.002                  POINT W=10.0      color=[1.0, 1.0, 1.0] radius=0.00 pos=[0.0, 0.0, 0.0] dir=[-0.0, -0.0, -1.0] in_layer=False hide_render=False cols=['Master.001'] anim=False constraints=[]
  Light_e.003                  POINT W=10.0      color=[1.0, 1.0, 1.0] radius=0.00 pos=[0.0, 0.0, 0.0] dir=[-0.0, -0.0, -1.0] in_layer=False hide_render=False cols=['Master.001'] anim=False constraints=[]
  Light_e.004                  POINT W=10.0      color=[1.0, 1.0, 1.0] radius=0.00 pos=[0.0, 0.0, 0.0] dir=[-0.0, -0.0, -1.0] in_layer=False hide_render=False cols=['Master.001'] anim=False constraints=[]
  Point.001                    POINT W=100.0     color=[1.0, 1.0, 1.0] radius=5.80 pos=[0.0, 0.0, 0.0] dir=[-0.0, -0.0, -1.0] in_layer=False hide_render=True cols=['spare'] anim=False constraints=[]
  Point_Ceiling                AREA  W=15000.0   color=[1.0, 1.0, 1.0] shape=RECTANGLE size=2.54x0.25 spread=180 pos=[-0.09, 11.03, 33.47] dir=[0.0, -0.0, 1.0] in_layer=True hide_render=False cols=['2. bravo set up'] anim=False constraints=[]
  Point_south                  AREA  W=15000.0   color=[1.0, 1.0, 1.0] shape=RECTANGLE size=2.54x0.25 spread=180 pos=[-0.09, -6.94, 7.26] dir=[-0.0, -0.85, 0.52] in_layer=True hide_render=False cols=['2. bravo set up'] anim=False constraints=[]
## CAMERAS
  cam 1            lens=105.5 sensor=36 dof=False f=3.00 focus_dist=10.00 focus_obj=hartley front.008 pos=[0.0, 0.0, 0.0] active=False anim=False constraints=[]
  cam 1.001        lens=105.5 sensor=36 dof=False f=3.00 focus_dist=10.00 focus_obj=hartley front.008 pos=[0.0, 0.0, 0.0] active=False anim=False constraints=[]
  cam 1.002        lens=105.5 sensor=36 dof=False f=3.00 focus_dist=10.00 focus_obj=hartley front.008 pos=[0.0, 0.0, 0.0] active=False anim=False constraints=[]
  cam 1.003        lens=105.5 sensor=36 dof=False f=3.00 focus_dist=10.00 focus_obj=hartley front.008 pos=[0.0, 0.0, 0.0] active=False anim=False constraints=[]
  cam 1.004        lens=105.5 sensor=36 dof=False f=3.00 focus_dist=10.00 focus_obj=hartley front.008 pos=[0.0, 0.0, 0.0] active=False anim=False constraints=[]
  cam 10           lens=65.5 sensor=36 dof=False f=3.00 focus_dist=10.00 focus_obj=cam 10 dof pos=[0.01, -4.42, -3.39] active=True anim=False constraints=[]
  cam 2            lens=76.7 sensor=36 dof=False f=3.00 focus_dist=10.00 focus_obj=hartley front.001 pos=[0.0, 0.0, 0.0] active=False anim=False constraints=[]
  cam 2.001        lens=76.7 sensor=36 dof=False f=3.00 focus_dist=10.00 focus_obj=hartley front.001 pos=[0.0, 0.0, 0.0] active=False anim=False constraints=[]
  cam 2.002        lens=76.7 sensor=36 dof=False f=3.00 focus_dist=10.00 focus_obj=hartley front.001 pos=[0.0, 0.0, 0.0] active=False anim=False constraints=[]
  cam 2.003        lens=76.7 sensor=36 dof=False f=3.00 focus_dist=10.00 focus_obj=hartley front.001 pos=[0.0, 0.0, 0.0] active=False anim=False constraints=[]
  cam 2.004        lens=76.7 sensor=36 dof=False f=3.00 focus_dist=10.00 focus_obj=hartley front.001 pos=[0.0, 0.0, 0.0] active=False anim=False constraints=[]
  cam 3            lens=102.6 sensor=36 dof=False f=0.50 focus_dist=10.00 focus_obj=hartley front.001 pos=[0.0, 0.0, 0.0] active=False anim=False constraints=[]
  cam 3.001        lens=102.6 sensor=36 dof=False f=0.50 focus_dist=10.00 focus_obj=hartley front.001 pos=[0.0, 0.0, 0.0] active=False anim=False constraints=[]
  cam 3.002        lens=102.6 sensor=36 dof=False f=0.50 focus_dist=10.00 focus_obj=hartley front.001 pos=[0.0, 0.0, 0.0] active=False anim=False constraints=[]
  cam 3.003        lens=102.6 sensor=36 dof=False f=0.50 focus_dist=10.00 focus_obj=hartley front.001 pos=[0.0, 0.0, 0.0] active=False anim=False constraints=[]
  cam 3.004        lens=102.6 sensor=36 dof=False f=0.50 focus_dist=10.00 focus_obj=hartley front.001 pos=[0.0, 0.0, 0.0] active=False anim=False constraints=[]
  markers [(1, 'cam 10')]
## ROOTS
  1. mesh band parent_gold             EMPTY  subtree=12 cols=['straps.004'] loc=[0.0, 0.0, 0.0] anim=False
  1. mesh band parent_gold.001         EMPTY  subtree=12 cols=['Animation'] loc=[0.0, -1.05, -23.07] anim=True
  1. black mesh band parent.001        EMPTY  subtree=10 cols=['straps.002'] loc=[0.0, 0.0, 0.0] anim=True
  1. black mesh band parent.002        EMPTY  subtree=10 cols=['gold straps'] loc=[0.0, 0.0, 0.0] anim=True
  1. black mesh band parent.003        EMPTY  subtree=10 cols=['Animation'] loc=[0.01, -1.05, -3.36] anim=True
  1. black mesh band parent.004        EMPTY  subtree=10 cols=['straps.004'] loc=[0.0, 0.0, 0.0] anim=False
  1. mesh band parent.rose gold        EMPTY  subtree=10 cols=['straps.002'] loc=[0.0, 0.0, 0.0] anim=True
  1. mesh band parent.rose gold.001    EMPTY  subtree=10 cols=['straps.004'] loc=[0.0, 0.0, 0.0] anim=False
  1. mesh band parent.rose gold.002    EMPTY  subtree=10 cols=['Animation'] loc=[0.0, -1.05, -23.07] anim=True
  1. mesh band parent_silver           EMPTY  subtree=10 cols=['straps.004'] loc=[0.0, 0.0, 0.0] anim=False
  1. mesh band parent_silver.001       EMPTY  subtree=10 cols=['Animation'] loc=[0.0, -1.05, -23.07] anim=True
  master parent.002                    EMPTY  subtree=7 cols=['REF'] loc=[0.0, 0.0, 0.0] anim=False
  1. Black Base with  black face       EMPTY  subtree=6 cols=['Heritage_Cyber'] loc=[0.0, -2.11, -21.17] anim=True
  2. rose gold base with black face    EMPTY  subtree=6 cols=['Heritage_Cyber'] loc=[0.0, -2.11, 2.3] anim=True
  2. rose gold base with black face.001 EMPTY  subtree=6 cols=['Animation'] loc=[100.0, -2.11, 2.3] anim=True
  3. gold base with black face         EMPTY  subtree=6 cols=['Heritage_Cyber'] loc=[0.0, -2.11, -21.17] anim=True
  3. gold base with black face.001     EMPTY  subtree=6 cols=['Animation'] loc=[200.0, -2.11, 2.3] anim=True
  4. Silver Base with white face       EMPTY  subtree=6 cols=['Heritage_Cyber'] loc=[0.0, -2.11, -21.17] anim=True
  4. Silver Base with white face.001   EMPTY  subtree=6 cols=['Animation'] loc=[300.0, -2.11, 2.3] anim=True
  5. rose gold with white face.001     EMPTY  subtree=6 cols=['Heritage_Cyber'] loc=[0.0, -2.11, -21.17] anim=True
  5. rose gold with white face.002     EMPTY  subtree=6 cols=['Animation'] loc=[400.0, -2.11, 2.3] anim=True
  leather beige with rose gold         EMPTY  subtree=6 cols=['Collection 6'] loc=[0.0, -1.37, -23.81] anim=True
  leather black with black             EMPTY  subtree=6 cols=['Collection 6'] loc=[0.01, -1.37, 2.08] anim=True
  leather black with gold              EMPTY  subtree=6 cols=['Collection 6'] loc=[0.0, -1.37, -23.81] anim=True
  leather black with rose gold         EMPTY  subtree=6 cols=['Collection 6'] loc=[0.0, -1.37, -23.81] anim=True
  leather black with silver            EMPTY  subtree=6 cols=['Collection 6'] loc=[0.0, -1.37, -23.81] anim=True
  leather pink with rose gold          EMPTY  subtree=6 cols=['Collection 6'] loc=[0.02, -1.37, -3.96] anim=True
  leather white with silver            EMPTY  subtree=6 cols=['Collection 6'] loc=[0.0, -1.37, -23.81] anim=True
  Strap Black Leather black buckle     EMPTY  subtree=6 cols=['straps.004'] loc=[0.0, 0.0, 0.0] anim=False
  Strap Black Leather black buckle.001 EMPTY  subtree=6 cols=['straps.004'] loc=[0.0, 0.0, 0.0] anim=False
  Strap Black Leather black buckle.002 EMPTY  subtree=6 cols=['straps.004'] loc=[0.0, 0.0, 0.0] anim=False
  Strap Black Leather black buckle.003 EMPTY  subtree=6 cols=['straps.004'] loc=[0.0, 0.0, 0.0] anim=False
  Strap Black Leather black buckle.004 EMPTY  subtree=6 cols=['straps.004'] loc=[0.0, 0.0, 0.0] anim=False
  Strap Black Leather black buckle.005 EMPTY  subtree=6 cols=['straps.004'] loc=[0.0, 0.0, 0.0] anim=False
  Strap Black Leather black buckle.006 EMPTY  subtree=6 cols=['straps.004'] loc=[0.0, 0.0, 0.0] anim=False
  Strap Black Leather black buckle.007 EMPTY  subtree=6 cols=['straps.004'] loc=[0.0, 0.0, 0.0] anim=False
  Strap Black Leather black buckle.008 EMPTY  subtree=6 cols=['straps.004'] loc=[0.0, 0.0, 0.0] anim=False
  Strap Black Leather black buckle.009 EMPTY  subtree=6 cols=['straps.004'] loc=[0.0, 0.0, 0.0] anim=False
  Strap Black Leather black buckle.010 EMPTY  subtree=6 cols=['straps.004'] loc=[0.0, 0.0, 0.0] anim=False
  Strap Black Leather black buckle.011 EMPTY  subtree=6 cols=['straps.004'] loc=[0.0, 0.0, 0.0] anim=False
  Strap Black Leather black buckle.012 EMPTY  subtree=6 cols=['straps.004'] loc=[0.0, 0.0, 0.0] anim=False
  Strap Black Leather black buckle.013 EMPTY  subtree=6 cols=['straps.004'] loc=[0.0, 0.0, 0.0] anim=False
  Strap Black Leather gold buckle.001  EMPTY  subtree=6 cols=['straps.004'] loc=[0.0, 0.0, 0.0] anim=False
  Strap Black Leather gold buckle.002  EMPTY  subtree=6 cols=['straps.004'] loc=[0.0, 0.0, 0.0] anim=False
  Strap Black Leather gold buckle.003  EMPTY  subtree=6 cols=['straps.004'] loc=[0.0, 0.0, 0.0] anim=False
  Strap Black Leather gold buckle.004  EMPTY  subtree=6 cols=['straps.004'] loc=[0.0, 0.0, 0.0] anim=False
  Strap Brown Leather black buckle.001 EMPTY  subtree=6 cols=['straps.004'] loc=[0.0, 0.0, 0.0] anim=False
  Strap Brown Leather black buckle.002 EMPTY  subtree=6 cols=['straps.004'] loc=[0.0, 0.0, 0.0] anim=False
  Strap White Leather black buckle.001 EMPTY  subtree=6 cols=['straps.004'] loc=[0.0, 0.0, 0.0] anim=False
  Strap White Leather black buckle.002 EMPTY  subtree=6 cols=['straps.004'] loc=[0.0, 0.0, 0.0] anim=False
  Strap White Leather black buckle.003 EMPTY  subtree=6 cols=['straps.004'] loc=[0.0, 0.0, 0.0] anim=False
  Strap White Leather black buckle.004 EMPTY  subtree=6 cols=['straps.004'] loc=[0.0, 0.0, 0.0] anim=False
  Strap White Leather black buckle.005 EMPTY  subtree=6 cols=['straps.004'] loc=[0.0, 0.0, 0.0] anim=False
  Strap White Leather black buckle.006 EMPTY  subtree=6 cols=['straps.004'] loc=[0.0, 0.0, 0.0] anim=False
  cam 10 parent                        EMPTY  subtree=4 cols=['Animation'] loc=[0.02, -2.26, 2.15] anim=True
  gold                                 EMPTY  subtree=2 cols=['REF'] loc=[0.0, 0.0, 0.0] anim=True
  master parent.001                    EMPTY  subtree=2 cols=['REF'] loc=[0.0, 0.0, 0.0] anim=False
  master parent.005 rose gold          EMPTY  subtree=2 cols=['REF'] loc=[0.0, 0.0, 0.0] anim=False
  master parent.006 black              EMPTY  subtree=2 cols=['REF'] loc=[0.0, 0.0, 0.0] anim=False
  master parent.008                    EMPTY  subtree=2 cols=['REF'] loc=[0.0, 0.0, 0.0] anim=False
  __polySurface827group3group003       MESH   subtree=1 cols=['MEGACHEAP watch'] loc=[0.0, 0.0, 0.0] anim=False
  _Group006                            MESH   subtree=1 cols=['MEGACHEAP watch'] loc=[0.0, 0.0, 0.0] anim=False
  _group3group2___polySurface482       MESH   subtree=1 cols=['MEGACHEAP watch'] loc=[0.0, 0.0, 0.0] anim=False
  _group3group2__polySurface2460       MESH   subtree=1 cols=['MEGACHEAP watch'] loc=[0.0, 0.0, 0.0] anim=False
  _group3group2_polySurface892         MESH   subtree=1 cols=['MEGACHEAP watch'] loc=[0.0, 0.0, 0.0] anim=False
  _group3group2_polySurface893         MESH   subtree=1 cols=['MEGACHEAP watch'] loc=[0.0, 0.0, 0.0] anim=False
  _group3group2_polySurface894         MESH   subtree=1 cols=['MEGACHEAP watch'] loc=[0.0, 0.0, 0.0] anim=False
  _group3group2_polySurface895         MESH   subtree=1 cols=['MEGACHEAP watch'] loc=[0.0, 0.0, 0.0] anim=False
  _group3group2_polySurface896         MESH   subtree=1 cols=['MEGACHEAP watch'] loc=[0.0, 0.0, 0.0] anim=False
  _group3group2_polySurface898         MESH   subtree=1 cols=['MEGACHEAP watch'] loc=[0.0, 0.0, 0.0] anim=False
  _group3group2_polySurface899         MESH   subtree=1 cols=['MEGACHEAP watch'] loc=[0.0, 0.0, 0.0] anim=False
  _group3group2_polySurface900         MESH   subtree=1 cols=['MEGACHEAP watch'] loc=[0.0, 0.0, 0.0] anim=False
  _group3group2_polySurface901         MESH   subtree=1 cols=['MEGACHEAP watch'] loc=[0.0, 0.0, 0.0] anim=False
  _group3group2_polySurface902         MESH   subtree=1 cols=['MEGACHEAP watch'] loc=[0.0, 0.0, 0.0] anim=False
  _group3group2_polySurface940         MESH   subtree=1 cols=['MEGACHEAP watch'] loc=[0.0, 0.0, 0.0] anim=False
  _group48_pCube041                    MESH   subtree=1 cols=['MEGACHEAP watch'] loc=[0.0, 0.0, 0.0] anim=False
  _group9_pCube002                     MESH   subtree=1 cols=['MEGACHEAP watch'] loc=[0.0, 0.0, 0.0] anim=False
  _pCylinder006                        MESH   subtree=1 cols=['MEGACHEAP watch'] loc=[0.0, 0.0, 0.0] anim=False
  _ZBrush_defualt_group003             MESH   subtree=1 cols=['MEGACHEAP watch'] loc=[0.0, 0.0, 0.0] anim=False
  _ZBrush_defualt_group004             MESH   subtree=1 cols=['MEGACHEAP watch'] loc=[0.0, 0.0, 0.0] anim=False
  backdrop                             MESH   subtree=1 cols=['2. bravo set up'] loc=[0.0, 20.94, -2.13] anim=False
  cam 10 dof                           EMPTY  subtree=1 cols=['Animation'] loc=[0.02, -2.25, 2.18] anim=False
  Empty                                EMPTY  subtree=1 cols=['cam calibration'] loc=[0.0, 0.0, 0.0] anim=False
  Empty.001                            EMPTY  subtree=1 cols=['cam calibration'] loc=[0.0, 0.0, 0.0] anim=False
  Grass_Bermuda Grass.Cut.035 System   MESH   subtree=1 cols=[] loc=[0.0, 0.0, 0.0] anim=False
  Grass_Blue Gramagrass.000 System     MESH   subtree=1 cols=[] loc=[0.0, 0.0, 0.0] anim=False
  Grass_Kentucky_Bluegrass.000 System  MESH   subtree=1 cols=[] loc=[0.0, 0.0, 0.0] anim=False
  Gscatter example plane               MESH   subtree=1 cols=[] loc=[0.0, 0.0, 0.0] anim=False
  Hiding Boxes                         MESH   subtree=1 cols=['Animation'] loc=[-0.35, -1.13, -24.87] anim=False
  imagetostl_mesh0.001                 MESH   subtree=1 cols=['MEGACHEAP watch'] loc=[0.0, 0.0, 0.0] anim=False
  Leaves_Dead Generic Leaf.034 System  MESH   subtree=1 cols=[] loc=[0.0, 0.0, 0.0] anim=False
  Object008                            MESH   subtree=1 cols=['MEGACHEAP watch'] loc=[0.0, 0.0, 0.0] anim=False
  Object009                            MESH   subtree=1 cols=['MEGACHEAP watch'] loc=[0.0, 0.0, 0.0] anim=False
  Plane.002                            MESH   subtree=1 cols=['1. alpha set up'] loc=[0.0, 0.0, 0.0] anim=False
  Plane.026                            MESH   subtree=1 cols=['spare'] loc=[0.0, 0.0, 0.0] anim=False
  polySurface007                       MESH   subtree=1 cols=['MEGACHEAP watch'] loc=[0.0, 0.0, 0.0] anim=False
  polySurface007.010                   MESH   subtree=1 cols=['import'] loc=[0.0, 0.0, 0.0] anim=False
  polySurface008                       MESH   subtree=1 cols=['MEGACHEAP watch'] loc=[0.0, 0.0, 0.0] anim=False
  polySurface009                       MESH   subtree=1 cols=['MEGACHEAP watch'] loc=[0.0, 0.0, 0.0] anim=False
  polySurface009.010                   MESH   subtree=1 cols=['import'] loc=[0.0, 0.0, 0.0] anim=False
  REF - black face                     EMPTY  subtree=1 cols=['REF'] loc=[0.0, 0.0, 0.0] anim=False
  REF - White Face                     EMPTY  subtree=1 cols=['REF'] loc=[0.0, 0.0, 0.0] anim=False
  RockBoulderLarge010_LOD1 System      MESH   subtree=1 cols=[] loc=[0.0, 0.0, 0.0] anim=False
  stick.001 System                     MESH   subtree=1 cols=[] loc=[0.0, 0.0, 0.0] anim=False
  Weed_Chickweed Grass Blade.008 System MESH   subtree=1 cols=[] loc=[0.0, 0.0, 0.0] anim=False
  Weed_Dandelion_Whitehead.027 System  MESH   subtree=1 cols=[] loc=[0.0, 0.0, 0.0] anim=False
  Weed_Dandelion_Yellowhead.017 System MESH   subtree=1 cols=[] loc=[0.0, 0.0, 0.0] anim=False
## TREES (roots with subtree > 5, depth<=3)
- 1. mesh band parent_gold [EMPTY] mods= mats=[] kids=11 hide_render=False
  - Object008.004 [MESH] faces=15328 verts=15330 mods= mats=['MetalStainlessSteelBrushed002_4K_shiny_gold'] kids=0 hide_render=False
  - Object009.004 [MESH] faces=6240 verts=6242 mods= mats=['metalstainlesssteel shiny_silver.002'] kids=0 hide_render=False
  - _ZBrush_defualt_group003.004 [MESH] faces=1 verts=3 mods= mats=['sfsfs.002'] kids=0 hide_render=False
  - _group3group2__polySurface2460.004 [MESH] faces=3432 verts=3510 mods= mats=['MetalStainlessSteelBrushed002_4k_gold'] kids=0 hide_render=False
  - _group3group2_polySurface898.001 [MESH] faces=389664 verts=384912 mods= mats=['MetalStainlessSteelBrushed002_4K_shiny_gold'] kids=0 hide_render=False
  - _group3group2_polySurface901.001 [MESH] faces=358 verts=360 mods= mats=['MetalStainlessSteelBrushed002_4K_shiny_gold'] kids=0 hide_render=False
  - _group3group2_polySurface902.004 [MESH] faces=39488 verts=39560 mods= mats=['MetalStainlessSteelBrushed002_4k_gold_hartley_mesh'] kids=0 hide_render=False
  - _pCylinder006.004 [MESH] faces=390812 verts=386046 mods= mats=['MetalStainlessSteelBrushed002_4K_shiny_gold'] kids=0 hide_render=False
  - polySurface007.004 [MESH] faces=6640 verts=6642 mods= mats=['MetalStainlessSteelBrushed002_4K_shiny_gold', 'metalstainlesssteel shiny_silver.002'] kids=0 hide_render=False
  - polySurface008.004 [MESH] faces=21568 verts=21572 mods= mats=['MetalStainlessSteelBrushed002_4K_shiny_gold', 'metalstainlesssteel shiny_silver.002'] kids=0 hide_render=False
  - polySurface009.004 [MESH] faces=6640 verts=6642 mods= mats=['MetalStainlessSteelBrushed002_4K_shiny_gold', 'metalstainlesssteel shiny_silver.002'] kids=0 hide_render=False
- 1. mesh band parent_gold.001 [EMPTY] mods= mats=[] kids=11 hide_render=False
  - Object008.012 [MESH] faces=15328 verts=15330 mods= mats=['MetalStainlessSteelBrushed002_4K_shiny_gold.006'] kids=0 hide_render=False
  - Object009.012 [MESH] faces=6240 verts=6242 mods= mats=['metalstainlesssteel shiny_silver.009'] kids=0 hide_render=False
  - _ZBrush_defualt_group003.012 [MESH] faces=1 verts=3 mods= mats=['sfsfs.007'] kids=0 hide_render=False
  - _group3group2__polySurface2460.012 [MESH] faces=3432 verts=3510 mods= mats=['MetalStainlessSteelBrushed002_4k_gold.001'] kids=0 hide_render=False
  - _group3group2_polySurface898.002 [MESH] faces=389664 verts=384912 mods= mats=['MetalStainlessSteelBrushed002_4K_shiny_gold.006'] kids=0 hide_render=False
  - _group3group2_polySurface901.002 [MESH] faces=358 verts=360 mods= mats=['MetalStainlessSteelBrushed002_4K_shiny_gold.006'] kids=0 hide_render=False
  - _group3group2_polySurface902.012 [MESH] faces=39488 verts=39560 mods= mats=['MetalStainlessSteelBrushed002_4k_gold_hartley_mesh.001'] kids=0 hide_render=False
  - _pCylinder006.013 [MESH] faces=390812 verts=386046 mods= mats=['MetalStainlessSteelBrushed002_4K_shiny_gold.006'] kids=0 hide_render=False
  - polySurface007.012 [MESH] faces=7059 verts=7117 mods= mats=['MetalStainlessSteelBrushed002_4K_shiny_gold.006', 'metalstainlesssteel shiny_silver.012'] kids=0 hide_render=False
  - polySurface008.012 [MESH] faces=21568 verts=21572 mods= mats=['MetalStainlessSteelBrushed002_4K_shiny_gold.006', 'metalstainlesssteel shiny_silver.009'] kids=0 hide_render=False
  - polySurface009.012 [MESH] faces=7062 verts=7121 mods= mats=['MetalStainlessSteelBrushed002_4K_shiny_gold.006', 'metalstainlesssteel shiny_silver.012'] kids=0 hide_render=False
- 1. black mesh band parent.001 [EMPTY] mods= mats=[] kids=9 hide_render=False
  - Object008.006 [MESH] faces=15328 verts=15330 mods= mats=['MetalStainlessSteelBrushed002_4K_shiny_black.002'] kids=0 hide_render=False
  - Object009.006 [MESH] faces=6240 verts=6242 mods= mats=['metalstainlesssteel shiny_silver.006'] kids=0 hide_render=False
  - _ZBrush_defualt_group003.006 [MESH] faces=1 verts=3 mods= mats=['sfsfs.005'] kids=0 hide_render=False
  - _group3group2__polySurface2460.006 [MESH] faces=3432 verts=3510 mods= mats=['MetalStainlessSteelBrushed002_4k_black.001'] kids=0 hide_render=False
  - _group3group2_polySurface902.006 [MESH] faces=39488 verts=39560 mods= mats=['MetalStainlessSteelBrushed002_4k_black_hartley_mesh..001'] kids=0 hide_render=False
  - _pCylinder006.007 [MESH] faces=780834 verts=771318 mods= mats=['MetalStainlessSteelBrushed002_4K_shiny_black.002'] kids=0 hide_render=False
  - polySurface007.006 [MESH] faces=6640 verts=6642 mods= mats=['MetalStainlessSteelBrushed002_4K_shiny_black.002', 'metalstainlesssteel shiny_silver.006'] kids=0 hide_render=False
  - polySurface008.006 [MESH] faces=21568 verts=21572 mods= mats=['MetalStainlessSteelBrushed002_4K_shiny_black.002', 'metalstainlesssteel shiny_silver.006'] kids=0 hide_render=False
  - polySurface009.006 [MESH] faces=6640 verts=6642 mods= mats=['MetalStainlessSteelBrushed002_4K_shiny_black.002', 'metalstainlesssteel shiny_silver.006'] kids=0 hide_render=False
- 1. black mesh band parent.002 [EMPTY] mods= mats=[] kids=9 hide_render=False
  - Object008.007 [MESH] faces=15328 verts=15330 mods= mats=['MetalStainlessSteelBrushed002_4K_shiny_black.002'] kids=0 hide_render=False
  - Object009.007 [MESH] faces=6240 verts=6242 mods= mats=['metalstainlesssteel shiny_silver.006'] kids=0 hide_render=False
  - _ZBrush_defualt_group003.007 [MESH] faces=1 verts=3 mods= mats=['sfsfs.005'] kids=0 hide_render=False
  - _group3group2__polySurface2460.007 [MESH] faces=3432 verts=3510 mods= mats=['MetalStainlessSteelBrushed002_4k_black.001'] kids=0 hide_render=False
  - _group3group2_polySurface902.007 [MESH] faces=39488 verts=39560 mods= mats=['MetalStainlessSteelBrushed002_4k_black_hartley_mesh..001'] kids=0 hide_render=False
  - _pCylinder006.008 [MESH] faces=780834 verts=771318 mods= mats=['MetalStainlessSteelBrushed002_4K_shiny_black.002'] kids=0 hide_render=False
  - polySurface007.007 [MESH] faces=6640 verts=6642 mods= mats=['MetalStainlessSteelBrushed002_4K_shiny_black.002', 'metalstainlesssteel shiny_silver.006'] kids=0 hide_render=False
  - polySurface008.007 [MESH] faces=21568 verts=21572 mods= mats=['MetalStainlessSteelBrushed002_4K_shiny_black.002', 'metalstainlesssteel shiny_silver.006'] kids=0 hide_render=False
  - polySurface009.007 [MESH] faces=6640 verts=6642 mods= mats=['MetalStainlessSteelBrushed002_4K_shiny_black.002', 'metalstainlesssteel shiny_silver.006'] kids=0 hide_render=False
- 1. black mesh band parent.003 [EMPTY] mods= mats=[] kids=9 hide_render=False
  - Object008.011 [MESH] faces=15328 verts=15330 mods= mats=['MetalStainlessSteelBrushed002_4K_shiny_black.003'] kids=0 hide_render=False
  - Object009.011 [MESH] faces=6240 verts=6242 mods= mats=['metalstainlesssteel shiny_silver.008'] kids=0 hide_render=False
  - _ZBrush_defualt_group003.011 [MESH] faces=1 verts=3 mods= mats=['sfsfs.006'] kids=0 hide_render=False
  - _group3group2__polySurface2460.011 [MESH] faces=3432 verts=3510 mods= mats=['MetalStainlessSteelBrushed002_4k_black.002'] kids=0 hide_render=False
  - _group3group2_polySurface902.011 [MESH] faces=39488 verts=39560 mods= mats=['MetalStainlessSteelBrushed002_4k_black_hartley_mesh..002'] kids=0 hide_render=False
  - _pCylinder006.012 [MESH] faces=780834 verts=771318 mods= mats=['MetalStainlessSteelBrushed002_4K_shiny_black.003'] kids=0 hide_render=False
  - polySurface007.011 [MESH] faces=7059 verts=7117 mods= mats=['MetalStainlessSteelBrushed002_4K_shiny_black.003', 'metalstainlesssteel shiny_silver.012'] kids=0 hide_render=False
  - polySurface008.011 [MESH] faces=21568 verts=21572 mods= mats=['MetalStainlessSteelBrushed002_4K_shiny_black.003', 'metalstainlesssteel shiny_silver.008'] kids=0 hide_render=False
  - polySurface009.011 [MESH] faces=7062 verts=7121 mods= mats=['MetalStainlessSteelBrushed002_4K_shiny_black.003', 'metalstainlesssteel shiny_silver.012'] kids=0 hide_render=False
- 1. black mesh band parent.004 [EMPTY] mods= mats=[] kids=9 hide_render=False
  - Object008.005 [MESH] faces=15328 verts=15330 mods= mats=['MetalStainlessSteelBrushed002_4K_shiny_black.002'] kids=0 hide_render=False
  - Object009.005 [MESH] faces=6240 verts=6242 mods= mats=['metalstainlesssteel shiny_silver.006'] kids=0 hide_render=False
  - _ZBrush_defualt_group003.005 [MESH] faces=1 verts=3 mods= mats=['sfsfs.005'] kids=0 hide_render=False
  - _group3group2__polySurface2460.005 [MESH] faces=3432 verts=3510 mods= mats=['MetalStainlessSteelBrushed002_4k_black.001'] kids=0 hide_render=False
  - _group3group2_polySurface902.005 [MESH] faces=39488 verts=39560 mods= mats=['MetalStainlessSteelBrushed002_4k_black_hartley_mesh..001'] kids=0 hide_render=False
  - _pCylinder006.006 [MESH] faces=780834 verts=771318 mods= mats=['MetalStainlessSteelBrushed002_4K_shiny_black.002'] kids=0 hide_render=False
  - polySurface007.005 [MESH] faces=6640 verts=6642 mods= mats=['MetalStainlessSteelBrushed002_4K_shiny_black.002', 'metalstainlesssteel shiny_silver.006'] kids=0 hide_render=False
  - polySurface008.005 [MESH] faces=21568 verts=21572 mods= mats=['MetalStainlessSteelBrushed002_4K_shiny_black.002', 'metalstainlesssteel shiny_silver.006'] kids=0 hide_render=False
  - polySurface009.005 [MESH] faces=6640 verts=6642 mods= mats=['MetalStainlessSteelBrushed002_4K_shiny_black.002', 'metalstainlesssteel shiny_silver.006'] kids=0 hide_render=False
- 1. mesh band parent.rose gold [EMPTY] mods= mats=[] kids=9 hide_render=False
  - Object008.001 [MESH] faces=15328 verts=15330 mods= mats=['MetalStainlessSteelBrushed002_4K_shiny_rosegold.001'] kids=0 hide_render=False
  - Object009.001 [MESH] faces=6240 verts=6242 mods= mats=['metalstainlesssteel shiny_silver.003'] kids=0 hide_render=False
  - _ZBrush_defualt_group003.001 [MESH] faces=1 verts=3 mods= mats=['sfsfs.003'] kids=0 hide_render=False
  - _group3group2__polySurface2460.001 [MESH] faces=3432 verts=3510 mods= mats=['MetalStainlessSteelBrushed002_4k_rosegold.001'] kids=0 hide_render=False
  - _group3group2_polySurface902.001 [MESH] faces=39488 verts=39560 mods= mats=['MetalStainlessSteelBrushed002_4k_rosegold_hartley_mesh.001'] kids=0 hide_render=False
  - _pCylinder006.001 [MESH] faces=780834 verts=771318 mods= mats=['MetalStainlessSteelBrushed002_4K_shiny_rosegold.001'] kids=0 hide_render=False
  - polySurface007.001 [MESH] faces=6640 verts=6642 mods= mats=['MetalStainlessSteelBrushed002_4K_shiny_rosegold.001', 'metalstainlesssteel shiny_silver.003'] kids=0 hide_render=False
  - polySurface008.001 [MESH] faces=21568 verts=21572 mods= mats=['MetalStainlessSteelBrushed002_4K_shiny_rosegold.001', 'metalstainlesssteel shiny_silver.003'] kids=0 hide_render=False
  - polySurface009.001 [MESH] faces=6640 verts=6642 mods= mats=['MetalStainlessSteelBrushed002_4K_shiny_rosegold.001', 'metalstainlesssteel shiny_silver.003'] kids=0 hide_render=False
- 1. mesh band parent.rose gold.001 [EMPTY] mods= mats=[] kids=9 hide_render=False
  - Object008.008 [MESH] faces=15328 verts=15330 mods= mats=['MetalStainlessSteelBrushed002_4K_shiny_rosegold.001'] kids=0 hide_render=False
  - Object009.008 [MESH] faces=6240 verts=6242 mods= mats=['metalstainlesssteel shiny_silver.003'] kids=0 hide_render=False
  - _ZBrush_defualt_group003.008 [MESH] faces=1 verts=3 mods= mats=['sfsfs.003'] kids=0 hide_render=False
  - _group3group2__polySurface2460.008 [MESH] faces=3432 verts=3510 mods= mats=['MetalStainlessSteelBrushed002_4k_rosegold.001'] kids=0 hide_render=False
  - _group3group2_polySurface902.008 [MESH] faces=39488 verts=39560 mods= mats=['MetalStainlessSteelBrushed002_4k_rosegold_hartley_mesh.001'] kids=0 hide_render=False
  - _pCylinder006.009 [MESH] faces=780834 verts=771318 mods= mats=['MetalStainlessSteelBrushed002_4K_shiny_rosegold.001'] kids=0 hide_render=False
  - polySurface007.008 [MESH] faces=6640 verts=6642 mods= mats=['MetalStainlessSteelBrushed002_4K_shiny_rosegold.001', 'metalstainlesssteel shiny_silver.003'] kids=0 hide_render=False
  - polySurface008.008 [MESH] faces=21568 verts=21572 mods= mats=['MetalStainlessSteelBrushed002_4K_shiny_rosegold.001', 'metalstainlesssteel shiny_silver.003'] kids=0 hide_render=False
  - polySurface009.008 [MESH] faces=6640 verts=6642 mods= mats=['MetalStainlessSteelBrushed002_4K_shiny_rosegold.001', 'metalstainlesssteel shiny_silver.003'] kids=0 hide_render=False
- 1. mesh band parent.rose gold.002 [EMPTY] mods= mats=[] kids=9 hide_render=False
  - Object008.003 [MESH] faces=15328 verts=15330 mods= mats=['MetalStainlessSteelBrushed002_4K_shiny_rosegold.002'] kids=0 hide_render=False
  - Object009.003 [MESH] faces=6240 verts=6242 mods= mats=['metalstainlesssteel shiny_silver.007'] kids=0 hide_render=False
  - _ZBrush_defualt_group003.003 [MESH] faces=1 verts=3 mods= mats=['sfsfs.001'] kids=0 hide_render=False
  - _group3group2__polySurface2460.003 [MESH] faces=3432 verts=3510 mods= mats=['MetalStainlessSteelBrushed002_4k_rosegold.002'] kids=0 hide_render=False
  - _group3group2_polySurface902.003 [MESH] faces=39488 verts=39560 mods= mats=['MetalStainlessSteelBrushed002_4k_rosegold_hartley_mesh.002'] kids=0 hide_render=False
  - _pCylinder006.003 [MESH] faces=780834 verts=771318 mods= mats=['MetalStainlessSteelBrushed002_4K_shiny_rosegold.002'] kids=0 hide_render=False
  - polySurface007.003 [MESH] faces=7059 verts=7117 mods= mats=['MetalStainlessSteelBrushed002_4K_shiny_rosegold.002', 'metalstainlesssteel shiny_silver.012'] kids=0 hide_render=False
  - polySurface008.003 [MESH] faces=21568 verts=21572 mods= mats=['MetalStainlessSteelBrushed002_4K_shiny_rosegold.002', 'metalstainlesssteel shiny_silver.007'] kids=0 hide_render=False
  - polySurface009.003 [MESH] faces=7062 verts=7121 mods= mats=['MetalStainlessSteelBrushed002_4K_shiny_rosegold.002', 'metalstainlesssteel shiny_silver.012'] kids=0 hide_render=False
- 1. mesh band parent_silver [EMPTY] mods= mats=[] kids=9 hide_render=False
  - Object008.002 [MESH] faces=15328 verts=15330 mods= mats=['metalstainlesssteel shiny_silver.004'] kids=0 hide_render=False
  - Object009.002 [MESH] faces=6240 verts=6242 mods= mats=['metalstainlesssteel shiny_silver.004'] kids=0 hide_render=False
  - _ZBrush_defualt_group003.002 [MESH] faces=1 verts=3 mods= mats=['sfsfs.004'] kids=0 hide_render=False
  - _group3group2__polySurface2460.002 [MESH] faces=3432 verts=3510 mods= mats=['x MetalStainlessSteelBrushed002_2K'] kids=0 hide_render=False
  - _group3group2_polySurface902.002 [MESH] faces=39488 verts=39560 mods= mats=['MetalStainlessSteelBrushed002_4k_silver_hartley_mesh.001'] kids=0 hide_render=False
  - _pCylinder006.002 [MESH] faces=780834 verts=771318 mods= mats=['metalstainlesssteel shiny_silver.004'] kids=0 hide_render=False
  - polySurface007.002 [MESH] faces=6640 verts=6642 mods= mats=['metalstainlesssteel shiny_silver.004', 'metalstainlesssteel shiny_silver.004'] kids=0 hide_render=False
  - polySurface008.002 [MESH] faces=21568 verts=21572 mods= mats=['metalstainlesssteel shiny_silver.004', 'metalstainlesssteel shiny_silver.004'] kids=0 hide_render=False
  - polySurface009.002 [MESH] faces=6640 verts=6642 mods= mats=['metalstainlesssteel shiny_silver.004', 'metalstainlesssteel shiny_silver.004'] kids=0 hide_render=False
- 1. mesh band parent_silver.001 [EMPTY] mods= mats=[] kids=9 hide_render=False
  - Object008.013 [MESH] faces=15328 verts=15330 mods= mats=['metalstainlesssteel shiny_silver.010'] kids=0 hide_render=False
  - Object009.013 [MESH] faces=6240 verts=6242 mods= mats=['metalstainlesssteel shiny_silver.010'] kids=0 hide_render=False
  - _ZBrush_defualt_group003.013 [MESH] faces=1 verts=3 mods= mats=['sfsfs.008'] kids=0 hide_render=False
  - _group3group2__polySurface2460.013 [MESH] faces=3432 verts=3510 mods= mats=['x MetalStainlessSteelBrushed002_2K.002'] kids=0 hide_render=False
  - _group3group2_polySurface902.013 [MESH] faces=39488 verts=39560 mods= mats=['MetalStainlessSteelBrushed002_4k_silver_hartley_mesh.002'] kids=0 hide_render=False
  - _pCylinder006.014 [MESH] faces=780834 verts=771318 mods= mats=['metalstainlesssteel shiny_silver.010'] kids=0 hide_render=False
  - polySurface007.013 [MESH] faces=7059 verts=7117 mods= mats=['metalstainlesssteel shiny_silver.010', 'metalstainlesssteel shiny_silver.012'] kids=0 hide_render=False
  - polySurface008.013 [MESH] faces=21568 verts=21572 mods= mats=['metalstainlesssteel shiny_silver.010', 'metalstainlesssteel shiny_silver.010'] kids=0 hide_render=False
  - polySurface009.013 [MESH] faces=7062 verts=7121 mods= mats=['metalstainlesssteel shiny_silver.010', 'metalstainlesssteel shiny_silver.012'] kids=0 hide_render=False
- master parent.002 [EMPTY] mods= mats=[] kids=6 hide_render=False
  - step to obj [MESH] faces=3592 verts=3586 mods=['BEVEL', 'NODES'] mats=['MetalStainlessSteelBrushed002_4K_shiny_gold.005', 'MetalStainlessSteelBrushed002_4k_gold.003', 'x Glass: Clear.004', 'metalstainlesssteel shiny_silver.005'] kids=0 hide_render=False
  - step to obj.001 [MESH] faces=498 verts=583 mods=['NODES'] mats=['MetalStainlessSteelBrushed002_4K_shiny_gold.005', 'MetalStainlessSteelBrushed002_4k_gold.003', 'x Glass: Clear.004', 'metalstainlesssteel shiny_silver.005'] kids=0 hide_render=False
  - step to obj.003 [MESH] faces=640 verts=720 mods=['BEVEL', 'NODES'] mats=['MetalStainlessSteelBrushed002_4K_shiny_gold.005', 'MetalStainlessSteelBrushed002_4k_gold_no text', 'x Glass: Clear.004', 'metalstainlesssteel shiny_silver.005'] kids=0 hide_render=False
  - step to obj.004 [MESH] faces=3319 verts=3108 mods= mats=['MetalStainlessSteelBrushed002_4K_shiny_gold.005', 'MetalStainlessSteelBrushed002_4k_gold.003', 'x Glass: Clear.004', 'metalstainlesssteel shiny_silver.005'] kids=0 hide_render=False
  - watch base.003 [MESH] faces=73629 verts=65461 mods=['NODES'] mats=['metalstainlesssteel shiny_silver.005', 'MetalStainlessSteelBrushed002_4K_shiny_gold.005', 'metalstainlesssteel dull'] kids=0 hide_render=False
  - watch base_numbers backplate [MESH] faces=1418 verts=1418 mods=['SUBSURF'] mats=['Material'] kids=0 hide_render=False
- 1. Black Base with  black face [EMPTY] mods= mats=[] kids=4 hide_render=False
  - 1. Base Mesh [MESH] faces=7964 verts=7209 mods= mats=['x metal shiny black_0.005 bevel', 'x MetalStainlessSteelRadial002_2K_TEXT', 'x MetalStainlessSteelBrushed002_2K', 'x metal shiny black_0.003 bevel', 'x WatchFace_black and white', 'x metal shiny silver_0.003 bevel', 'x black mild reflective', 'x Glass: Clear IOR1.008', 'MetalStainlessSteelBrushed002_4k_black', 'metalstainlesssteel shiny_silver', 'x Glass: Clear IOR1.1'] kids=0 hide_render=False
  - 1. Minute hand [MESH] faces=30 verts=45 mods= mats=['metalstainlesssteel shiny_silver'] kids=0 hide_render=False
  - 1. hour hand [MESH] faces=30 verts=45 mods= mats=['metalstainlesssteel shiny_silver'] kids=0 hide_render=False
  - 1. second hand parent [EMPTY] mods= mats=[] kids=1 hide_render=False
    - 1. second hand [MESH] faces=37 verts=70 mods=['SOLIDIFY'] mats=['x metal shiny silver_0.005 bevel'] kids=0 hide_render=False
- 2. rose gold base with black face [EMPTY] mods= mats=[] kids=4 hide_render=False
  - 1. Base Mesh.002 [MESH] faces=7964 verts=7209 mods= mats=['x metal shiny rose gold_0.005 bevel', 'x MetalStainlessSteelRadial002_2K_TEXT', 'x MetalStainlessSteelBrushed002_2K.001', 'x metal shiny rose gold 0.003 bevel', 'x WatchFace_black and white', 'x metal shiny silver_0.003 bevel', 'x black mild reflective', 'x Glass: Clear IOR1.008', 'x MetalStainlessSteelBrushed002_2K', 'x Glass: Clear IOR1.1'] kids=0 hide_render=False
  - 1. Minute hand.002 [MESH] faces=30 verts=45 mods= mats=['MetalStainlessSteelBrushed002_4K_shiny_rosegold.001'] kids=0 hide_render=False
  - 1. hour hand.002 [MESH] faces=30 verts=45 mods= mats=['MetalStainlessSteelBrushed002_4K_shiny_rosegold.001'] kids=0 hide_render=False
  - 1. second hand parent.002 [EMPTY] mods= mats=[] kids=1 hide_render=False
    - 1. second hand.002 [MESH] faces=37 verts=70 mods=['SOLIDIFY'] mats=['MetalStainlessSteelBrushed002_4K_shiny_rosegold.001'] kids=0 hide_render=False
- 2. rose gold base with black face.001 [EMPTY] mods= mats=[] kids=4 hide_render=False
  - 1. Base Mesh.007 [MESH] faces=7964 verts=7209 mods= mats=['x metal shiny rose gold_0.005 bevel.001', 'x MetalStainlessSteelRadial002_2K_TEXT.001', 'x MetalStainlessSteelBrushed002_2K.003', 'x metal shiny rose gold 0.003 bevel.001', 'x WatchFace_black and white.001', 'x metal shiny silver_0.003 bevel.001', 'x black mild reflective.001', 'x Glass: Clear.001', 'x MetalStainlessSteelBrushed002_2K.002'] kids=0 hide_render=False
  - 1. Minute hand.007 [MESH] faces=30 verts=45 mods= mats=['MetalStainlessSteelBrushed002_4K_shiny_rosegold.002'] kids=0 hide_render=False
  - 1. hour hand.007 [MESH] faces=30 verts=45 mods= mats=['MetalStainlessSteelBrushed002_4K_shiny_rosegold.002'] kids=0 hide_render=False
  - 1. second hand parent.007 [EMPTY] mods= mats=[] kids=1 hide_render=False
    - 1. second hand.007 [MESH] faces=37 verts=70 mods=['SOLIDIFY'] mats=['MetalStainlessSteelBrushed002_4K_shiny_rosegold.002'] kids=0 hide_render=False
- 3. gold base with black face [EMPTY] mods= mats=[] kids=4 hide_render=False
  - 1. Base Mesh.003 [MESH] faces=7964 verts=7209 mods= mats=['x metal shiny gold_0.005 bevel.001', 'x MetalStainlessSteelRadial002_2K_TEXT', 'MetalStainlessSteelBrushed002_4k_gold', 'x metal shiny gold_0.003 bevel', 'x WatchFace_black and white', 'x metal shiny silver_0.003 bevel', 'x black mild reflective', 'x Glass: Clear IOR1.008', 'x MetalStainlessSteelBrushed002_2K', 'x Glass: Clear IOR1.1'] kids=0 hide_render=False
  - 1. Minute hand.003 [MESH] faces=30 verts=45 mods= mats=['MetalStainlessSteelBrushed002_4K_shiny_gold.001'] kids=0 hide_render=False
  - 1. hour hand.003 [MESH] faces=30 verts=45 mods= mats=['MetalStainlessSteelBrushed002_4K_shiny_gold.001'] kids=0 hide_render=False
  - 1. second hand parent.003 [EMPTY] mods= mats=[] kids=1 hide_render=False
    - 1. second hand.003 [MESH] faces=37 verts=70 mods=['SOLIDIFY'] mats=['MetalStainlessSteelBrushed002_4K_shiny_gold.001'] kids=0 hide_render=False
- 3. gold base with black face.001 [EMPTY] mods= mats=[] kids=4 hide_render=False
  - 1. Base Mesh.006 [MESH] faces=7964 verts=7209 mods= mats=['x metal shiny gold_0.005 bevel.002', 'x MetalStainlessSteelRadial002_2K_TEXT.001', 'MetalStainlessSteelBrushed002_4k_gold.001', 'x metal shiny gold_0.003 bevel.001', 'x WatchFace_black and white.001', 'x metal shiny silver_0.003 bevel.001', 'x black mild reflective.001', 'x Glass: Clear.001', 'x MetalStainlessSteelBrushed002_2K.002'] kids=0 hide_render=False
  - 1. Minute hand.006 [MESH] faces=30 verts=45 mods= mats=['MetalStainlessSteelBrushed002_4K_shiny_gold.007'] kids=0 hide_render=False
  - 1. hour hand.006 [MESH] faces=30 verts=45 mods= mats=['MetalStainlessSteelBrushed002_4K_shiny_gold.007'] kids=0 hide_render=False
  - 1. second hand parent.006 [EMPTY] mods= mats=[] kids=1 hide_render=False
    - 1. second hand.006 [MESH] faces=37 verts=70 mods=['SOLIDIFY'] mats=['MetalStainlessSteelBrushed002_4K_shiny_gold.007'] kids=0 hide_render=False
- 4. Silver Base with white face [EMPTY] mods= mats=[] kids=4 hide_render=False
  - 1. Base Mesh.001 [MESH] faces=7964 verts=7209 mods= mats=['x metal shiny silver_0.005 bevel', 'x MetalStainlessSteelRadial002_2K_TEXT', 'x MetalStainlessSteelBrushed002_2K', 'x metal shiny silver_0.003 bevel', 'x WatchFace_white base and black', 'x metal shiny silver_0.003 bevel', 'x white mild reflective.001', 'x Glass: Clear IOR1.008', 'x Glass: Clear IOR1.1'] kids=0 hide_render=False
  - 1. Minute hand.001 [MESH] faces=30 verts=45 mods= mats=['metalstainlesssteel shiny_silver'] kids=0 hide_render=False
  - 1. hour hand.001 [MESH] faces=30 verts=45 mods= mats=['metalstainlesssteel shiny_silver'] kids=0 hide_render=False
  - 1. second hand parent.001 [EMPTY] mods= mats=[] kids=1 hide_render=False
    - 1. second hand.001 [MESH] faces=37 verts=70 mods=['SOLIDIFY'] mats=['x metal shiny silver_0.005 bevel'] kids=0 hide_render=False
- 4. Silver Base with white face.001 [EMPTY] mods= mats=[] kids=4 hide_render=False
  - 1. Base Mesh.008 [MESH] faces=7964 verts=7209 mods= mats=['x metal shiny silver_0.005 bevel.001', 'x MetalStainlessSteelRadial002_2K_TEXT.001', 'x MetalStainlessSteelBrushed002_2K.002', 'x metal shiny silver_0.003 bevel.001', 'x WatchFace_white base and black.001', 'x metal shiny silver_0.003 bevel.001', 'x white mild reflective.002', 'x Glass: Clear.001'] kids=0 hide_render=False
  - 1. Minute hand.008 [MESH] faces=30 verts=45 mods= mats=['metalstainlesssteel shiny_silver.011'] kids=0 hide_render=False
  - 1. hour hand.008 [MESH] faces=30 verts=45 mods= mats=['metalstainlesssteel shiny_silver.011'] kids=0 hide_render=False
  - 1. second hand parent.008 [EMPTY] mods= mats=[] kids=1 hide_render=False
    - 1. second hand.008 [MESH] faces=37 verts=70 mods=['SOLIDIFY'] mats=['x metal shiny silver_0.005 bevel.001'] kids=0 hide_render=False
- 5. rose gold with white face.001 [EMPTY] mods= mats=[] kids=4 hide_render=False
  - 1. Base Mesh.004 [MESH] faces=7964 verts=7209 mods= mats=['x metal shiny rose gold_0.005 bevel', 'x MetalStainlessSteelRadial002_2K_TEXT', 'x MetalStainlessSteelBrushed002_2K', 'x metal shiny rose gold 0.003 bevel', 'x WatchFace_white base and black', 'x metal shiny silver_0.003 bevel', 'x white mild reflective.001', 'x Glass: Clear IOR1.008', 'MetalStainlessSteelBrushed002_4k_rosegold.001', 'x Glass: Clear IOR1.1'] kids=0 hide_render=False
  - 1. Minute hand.004 [MESH] faces=30 verts=45 mods= mats=['MetalStainlessSteelBrushed002_4K_shiny_rosegold.001'] kids=0 hide_render=False
  - 1. hour hand.004 [MESH] faces=30 verts=45 mods= mats=['MetalStainlessSteelBrushed002_4K_shiny_rosegold.001'] kids=0 hide_render=False
  - 1. second hand parent.004 [EMPTY] mods= mats=[] kids=1 hide_render=False
    - 1. second hand.004 [MESH] faces=37 verts=70 mods=['SOLIDIFY'] mats=['MetalStainlessSteelBrushed002_4K_shiny_rosegold.001'] kids=0 hide_render=False
- 5. rose gold with white face.002 [EMPTY] mods= mats=[] kids=4 hide_render=False
  - 1. Base Mesh.005 [MESH] faces=7964 verts=7209 mods= mats=['x metal shiny rose gold_0.005 bevel.001', 'x MetalStainlessSteelRadial002_2K_TEXT.001', 'x MetalStainlessSteelBrushed002_2K.002', 'x metal shiny rose gold 0.003 bevel.001', 'x WatchFace_white base and black.001', 'x metal shiny silver_0.003 bevel.001', 'x white mild reflective.002', 'x Glass: Clear.001', 'MetalStainlessSteelBrushed002_4k_rosegold.002'] kids=0 hide_render=False
  - 1. Minute hand.005 [MESH] faces=30 verts=45 mods= mats=['MetalStainlessSteelBrushed002_4K_shiny_rosegold.002'] kids=0 hide_render=False
  - 1. hour hand.005 [MESH] faces=30 verts=45 mods= mats=['MetalStainlessSteelBrushed002_4K_shiny_rosegold.002'] kids=0 hide_render=False
  - 1. second hand parent.005 [EMPTY] mods= mats=[] kids=1 hide_render=False
    - 1. second hand.005 [MESH] faces=37 verts=70 mods=['SOLIDIFY'] mats=['MetalStainlessSteelBrushed002_4K_shiny_rosegold.002'] kids=0 hide_render=False
- leather beige with rose gold [EMPTY] mods= mats=[] kids=5 hide_render=False
  - BézierCurve_lower.031 [CURVE] mods= mats=[] kids=0 hide_render=False
  - BézierCurve_upper.031 [CURVE] mods= mats=[] kids=0 hide_render=False
  - leather strap.063 [MESH] faces=1200 verts=1296 mods=['BEVEL', 'SUBSURF', 'CURVE'] mats=['Leather_texture_beige\\.002', 'FabricRope001_1K_black.004', 'Metal_hartley_leatherbuckle_silver.003', 'felt_basic straps.003'] kids=0 hide_render=False
  - leather strap.064 [MESH] faces=4372 verts=4424 mods=['BEVEL', 'SUBSURF', 'CURVE'] mats=['Leather_texture_beige\\.002', 'FabricRope001_1K_biege.002', 'Metal_hartley_leatherbuckle_silver.003', 'felt_basic straps.003'] kids=0 hide_render=False
  - metal lock.032 [MESH] faces=8848 verts=8852 mods= mats=['rose gold metal with hartley_new'] kids=0 hide_render=False
- leather black with black [EMPTY] mods= mats=[] kids=5 hide_render=False
  - BézierCurve_lower.026 [CURVE] mods= mats=[] kids=0 hide_render=False
  - BézierCurve_upper.026 [CURVE] mods= mats=[] kids=0 hide_render=False
  - leather strap.053 [MESH] faces=1200 verts=1296 mods=['BEVEL', 'SUBSURF', 'CURVE'] mats=['Leather_texture_black.002', 'FabricRope001_1K_black.005', 'Metal_hartley_leatherbuckle_silver.003', 'felt_basic straps.003'] kids=0 hide_render=False
  - leather strap.054 [MESH] faces=4372 verts=4424 mods=['BEVEL', 'SUBSURF', 'CURVE'] mats=['Leather_texture_black.002', 'FabricRope001_1K_black.004', 'Metal_hartley_leatherbuckle_silver.003', 'felt_basic straps.003'] kids=0 hide_render=False
  - metal lock.027 [MESH] faces=8848 verts=8852 mods= mats=['black metal with hartley.003'] kids=0 hide_render=False
- leather black with gold [EMPTY] mods= mats=[] kids=5 hide_render=False
  - BézierCurve_lower.030 [CURVE] mods= mats=[] kids=0 hide_render=False
  - BézierCurve_upper.030 [CURVE] mods= mats=[] kids=0 hide_render=False
  - leather strap.061 [MESH] faces=1200 verts=1296 mods=['BEVEL', 'SUBSURF', 'CURVE'] mats=['Leather_texture_black.002', 'FabricRope001_1K_black.005', 'Metal_hartley_leatherbuckle_silver.003', 'felt_basic straps.003'] kids=0 hide_render=False
  - leather strap.062 [MESH] faces=4372 verts=4424 mods=['BEVEL', 'SUBSURF', 'CURVE'] mats=['Leather_texture_black.002', 'FabricRope001_1K_black.004', 'Metal_hartley_leatherbuckle_silver.003', 'felt_basic straps.003'] kids=0 hide_render=False
  - metal lock.031 [MESH] faces=8848 verts=8852 mods= mats=['gold metal with hartley.002'] kids=0 hide_render=False
- leather black with rose gold [EMPTY] mods= mats=[] kids=5 hide_render=False
  - BézierCurve_lower.027 [CURVE] mods= mats=[] kids=0 hide_render=False
  - BézierCurve_upper.027 [CURVE] mods= mats=[] kids=0 hide_render=False
  - leather strap.055 [MESH] faces=1200 verts=1296 mods=['BEVEL', 'SUBSURF', 'CURVE'] mats=['Leather_texture_black.002', 'FabricRope001_1K_black.005', 'Metal_hartley_leatherbuckle_silver.003', 'felt_basic straps.003'] kids=0 hide_render=False
  - leather strap.056 [MESH] faces=4372 verts=4424 mods=['BEVEL', 'SUBSURF', 'CURVE'] mats=['Leather_texture_black.002', 'FabricRope001_1K_black.004', 'Metal_hartley_leatherbuckle_silver.003', 'felt_basic straps.003'] kids=0 hide_render=False
  - metal lock.028 [MESH] faces=8848 verts=8852 mods= mats=['rose gold metal with hartley_new'] kids=0 hide_render=False
- leather black with silver [EMPTY] mods= mats=[] kids=5 hide_render=False
  - BézierCurve_lower.029 [CURVE] mods= mats=[] kids=0 hide_render=False
  - BézierCurve_upper.029 [CURVE] mods= mats=[] kids=0 hide_render=False
  - leather strap.059 [MESH] faces=1200 verts=1296 mods=['BEVEL', 'SUBSURF', 'CURVE'] mats=['Leather_texture_black.002', 'FabricRope001_1K_black.005', 'Metal_hartley_leatherbuckle_silver.003', 'felt_basic straps.003'] kids=0 hide_render=False
  - leather strap.060 [MESH] faces=4372 verts=4424 mods=['BEVEL', 'SUBSURF', 'CURVE'] mats=['Leather_texture_black.002', 'FabricRope001_1K_black.004', 'Metal_hartley_leatherbuckle_silver.003', 'felt_basic straps.003'] kids=0 hide_render=False
  - metal lock.030 [MESH] faces=8848 verts=8852 mods= mats=['silver metal with hartley.005'] kids=0 hide_render=False
- leather pink with rose gold [EMPTY] mods= mats=[] kids=5 hide_render=False
  - BézierCurve_lower.032 [CURVE] mods= mats=[] kids=0 hide_render=False
  - BézierCurve_upper.032 [CURVE] mods= mats=[] kids=0 hide_render=False
  - leather strap.065 [MESH] faces=1200 verts=1296 mods=['BEVEL', 'SUBSURF', 'CURVE'] mats=['Leather_texture_pink.002', 'FabricRope001_1K_black.006', 'Metal_hartley_leatherbuckle_silver.004', 'felt_basic straps.004'] kids=0 hide_render=False
  - leather strap.066 [MESH] faces=4372 verts=4424 mods=['BEVEL', 'SUBSURF', 'CURVE'] mats=['Leather_texture_pink.002', 'FabricRope001_1K_pink.002', 'Metal_hartley_leatherbuckle_silver.004', 'felt_basic straps.004'] kids=0 hide_render=False
  - metal lock.033 [MESH] faces=8848 verts=8852 mods= mats=['rose gold metal with hartley_new.001'] kids=0 hide_render=False
- leather white with silver [EMPTY] mods= mats=[] kids=5 hide_render=False
  - BézierCurve_lower.028 [CURVE] mods= mats=[] kids=0 hide_render=False
  - BézierCurve_upper.028 [CURVE] mods= mats=[] kids=0 hide_render=False
  - leather strap.057 [MESH] faces=1200 verts=1296 mods=['BEVEL', 'SUBSURF', 'CURVE'] mats=['Leather_texture_white.002', 'Metal_hartley_leatherbuckle_silver.003', 'felt_basic straps.003'] kids=0 hide_render=False
  - leather strap.058 [MESH] faces=4372 verts=4424 mods=['BEVEL', 'SUBSURF', 'CURVE'] mats=['Leather_texture_white.002', 'FabricRope001_1K_white.002', 'Metal_hartley_leatherbuckle_silver.003', 'felt_basic straps.003'] kids=0 hide_render=False
  - metal lock.029 [MESH] faces=8848 verts=8852 mods= mats=['silver metal with hartley.004'] kids=0 hide_render=False
- Strap Black Leather black buckle [EMPTY] mods= mats=[] kids=5 hide_render=False
  - BézierCurve_lower [CURVE] mods= mats=[] kids=0 hide_render=False
  - BézierCurve_upper [CURVE] mods= mats=[] kids=0 hide_render=False
  - leather strap.001 [MESH] faces=1200 verts=1296 mods=['BEVEL', 'SUBSURF', 'CURVE'] mats=['Leather_texture_black', 'FabricRope001_1K_black.002', 'Metal_hartley_leatherbuckle_silver.002', 'felt_basic straps.002'] kids=0 hide_render=False
  - leather strap.002 [MESH] faces=4372 verts=4424 mods=['BEVEL', 'SUBSURF', 'CURVE'] mats=['Leather_texture_black', 'FabricRope001_1K_black', 'Metal_hartley_leatherbuckle_silver.002', 'felt_basic straps.002'] kids=0 hide_render=False
  - metal lock.001 [MESH] faces=8848 verts=8852 mods= mats=['black metal with hartley'] kids=0 hide_render=False
- Strap Black Leather black buckle.001 [EMPTY] mods= mats=[] kids=5 hide_render=False
  - BézierCurve_lower.003 [CURVE] mods= mats=[] kids=0 hide_render=False
  - BézierCurve_upper.003 [CURVE] mods= mats=[] kids=0 hide_render=False
  - leather strap.007 [MESH] faces=4372 verts=4424 mods=['BEVEL', 'SUBSURF', 'CURVE'] mats=['Leather_texture_black', 'FabricRope001_1K_black', 'Metal_hartley_leatherbuckle_silver.002', 'felt_basic straps.002'] kids=0 hide_render=False
  - leather strap.008 [MESH] faces=1200 verts=1296 mods=['BEVEL', 'SUBSURF', 'CURVE'] mats=['Leather_texture_black', 'FabricRope001_1K_black.002', 'Metal_hartley_leatherbuckle_silver.002', 'felt_basic straps.002'] kids=0 hide_render=False
  - metal lock.004 [MESH] faces=8848 verts=8852 mods= mats=['rose gold metal with hartley.001'] kids=0 hide_render=False
- Strap Black Leather black buckle.002 [EMPTY] mods= mats=[] kids=5 hide_render=False
  - BézierCurve_lower.004 [CURVE] mods= mats=[] kids=0 hide_render=False
  - BézierCurve_upper.004 [CURVE] mods= mats=[] kids=0 hide_render=False
  - leather strap.009 [MESH] faces=4372 verts=4424 mods=['BEVEL', 'SUBSURF', 'CURVE'] mats=['Leather_texture_beige\\', 'FabricRope001_1K_biege', 'Metal_hartley_leatherbuckle_silver.002', 'felt_basic straps.002'] kids=0 hide_render=False
  - leather strap.010 [MESH] faces=1200 verts=1296 mods=['BEVEL', 'SUBSURF', 'CURVE'] mats=['Leather_texture_beige\\', 'FabricRope001_1K_black', 'Metal_hartley_leatherbuckle_silver.002', 'felt_basic straps.002'] kids=0 hide_render=False
  - metal lock.005 [MESH] faces=8848 verts=8852 mods= mats=['rose gold metal with hartley.001'] kids=0 hide_render=False
- Strap Black Leather black buckle.003 [EMPTY] mods= mats=[] kids=5 hide_render=False
  - BézierCurve_lower.007 [CURVE] mods= mats=[] kids=0 hide_render=False
  - BézierCurve_upper.007 [CURVE] mods= mats=[] kids=0 hide_render=False
  - leather strap.015 [MESH] faces=4372 verts=4424 mods=['BEVEL', 'SUBSURF', 'CURVE'] mats=['Leather_texture_black', 'FabricRope001_1K_black', 'Metal_hartley_leatherbuckle_silver.002', 'felt_basic straps.002'] kids=0 hide_render=False
  - leather strap.016 [MESH] faces=1200 verts=1296 mods=['BEVEL', 'SUBSURF', 'CURVE'] mats=['Leather_texture_black', 'FabricRope001_1K_black.002', 'Metal_hartley_leatherbuckle_silver.002', 'felt_basic straps.002'] kids=0 hide_render=False
  - metal lock.008 [MESH] faces=8848 verts=8852 mods= mats=['silver metal with hartley'] kids=0 hide_render=False
- Strap Black Leather black buckle.004 [EMPTY] mods= mats=[] kids=5 hide_render=False
  - BézierCurve_lower.010 [CURVE] mods= mats=[] kids=0 hide_render=False
  - BézierCurve_upper.010 [CURVE] mods= mats=[] kids=0 hide_render=False
  - leather strap.021 [MESH] faces=4372 verts=4424 mods=['BEVEL', 'SUBSURF', 'CURVE'] mats=['Leather_texture_black', 'FabricRope001_1K_black', 'Metal_hartley_leatherbuckle_silver.002', 'felt_basic straps.002'] kids=0 hide_render=False
  - leather strap.022 [MESH] faces=1200 verts=1296 mods=['BEVEL', 'SUBSURF', 'CURVE'] mats=['Leather_texture_black', 'FabricRope001_1K_black.002', 'Metal_hartley_leatherbuckle_silver.002', 'felt_basic straps.002'] kids=0 hide_render=False
  - metal lock.011 [MESH] faces=8848 verts=8852 mods= mats=['black metal with hartley.001'] kids=0 hide_render=False
- Strap Black Leather black buckle.005 [EMPTY] mods= mats=[] kids=5 hide_render=False
  - BézierCurve_lower.011 [CURVE] mods= mats=[] kids=0 hide_render=False
  - BézierCurve_upper.011 [CURVE] mods= mats=[] kids=0 hide_render=False
  - leather strap.023 [MESH] faces=4372 verts=4424 mods=['BEVEL', 'SUBSURF', 'CURVE'] mats=['Leather_texture_pink', 'FabricRope001_1K_pink', 'Metal_hartley_leatherbuckle_silver.002', 'felt_basic straps.002'] kids=0 hide_render=False
  - leather strap.024 [MESH] faces=1200 verts=1296 mods=['BEVEL', 'SUBSURF', 'CURVE'] mats=['Leather_texture_pink', 'FabricRope001_1K_black.002', 'Metal_hartley_leatherbuckle_silver.002', 'felt_basic straps.002'] kids=0 hide_render=False
  - metal lock.012 [MESH] faces=8848 verts=8852 mods= mats=['black metal with hartley.001'] kids=0 hide_render=False
- Strap Black Leather black buckle.006 [EMPTY] mods= mats=[] kids=5 hide_render=False
  - BézierCurve_lower.012 [CURVE] mods= mats=[] kids=0 hide_render=False
  - BézierCurve_upper.012 [CURVE] mods= mats=[] kids=0 hide_render=False
  - leather strap.025 [MESH] faces=4372 verts=4424 mods=['BEVEL', 'SUBSURF', 'CURVE'] mats=['Leather_texture_peach', 'FabricRope001_1K_peach', 'Metal_hartley_leatherbuckle_silver.002', 'felt_basic straps.002'] kids=0 hide_render=False
  - leather strap.026 [MESH] faces=1200 verts=1296 mods=['BEVEL', 'SUBSURF', 'CURVE'] mats=['Leather_texture_peach', 'FabricRope001_1K_black.002', 'Metal_hartley_leatherbuckle_silver.002', 'felt_basic straps.002'] kids=0 hide_render=False
  - metal lock.013 [MESH] faces=8848 verts=8852 mods= mats=['black metal with hartley.001'] kids=0 hide_render=False
- Strap Black Leather black buckle.007 [EMPTY] mods= mats=[] kids=5 hide_render=False
  - BézierCurve_lower.013 [CURVE] mods= mats=[] kids=0 hide_render=False
  - BézierCurve_upper.013 [CURVE] mods= mats=[] kids=0 hide_render=False
  - leather strap.027 [MESH] faces=1200 verts=1296 mods=['BEVEL', 'SUBSURF', 'CURVE'] mats=['Leather_texture_peach.001', 'FabricRope001_1K_black.001', 'Metal_hartley_leatherbuckle_silver.001', 'felt_basic straps.001'] kids=0 hide_render=False
  - leather strap.028 [MESH] faces=4372 verts=4424 mods=['BEVEL', 'SUBSURF', 'CURVE'] mats=['Leather_texture_peach.001', 'FabricRope001_1K_peach.001', 'Metal_hartley_leatherbuckle_silver.001', 'felt_basic straps.001'] kids=0 hide_render=False
  - metal lock.014 [MESH] faces=8848 verts=8852 mods= mats=['rose gold metal with hartley.002'] kids=0 hide_render=False
- Strap Black Leather black buckle.008 [EMPTY] mods= mats=[] kids=5 hide_render=False
  - BézierCurve_lower.014 [CURVE] mods= mats=[] kids=0 hide_render=False
  - BézierCurve_upper.014 [CURVE] mods= mats=[] kids=0 hide_render=False
  - leather strap.029 [MESH] faces=1200 verts=1296 mods=['BEVEL', 'SUBSURF', 'CURVE'] mats=['Leather_texture_pink.001', 'FabricRope001_1K_black.001', 'Metal_hartley_leatherbuckle_silver.001', 'felt_basic straps.001'] kids=0 hide_render=False
  - leather strap.030 [MESH] faces=4372 verts=4424 mods=['BEVEL', 'SUBSURF', 'CURVE'] mats=['Leather_texture_pink.001', 'FabricRope001_1K_pink.001', 'Metal_hartley_leatherbuckle_silver.001', 'felt_basic straps.001'] kids=0 hide_render=False
  - metal lock.015 [MESH] faces=8848 verts=8852 mods= mats=['rose gold metal with hartley.002'] kids=0 hide_render=False
- Strap Black Leather black buckle.009 [EMPTY] mods= mats=[] kids=5 hide_render=False
  - BézierCurve_lower.015 [CURVE] mods= mats=[] kids=0 hide_render=False
  - BézierCurve_upper.015 [CURVE] mods= mats=[] kids=0 hide_render=False
  - leather strap.031 [MESH] faces=1200 verts=1296 mods=['BEVEL', 'SUBSURF', 'CURVE'] mats=['Leather_texture_black.001', 'FabricRope001_1K_black.001', 'Metal_hartley_leatherbuckle_silver.001', 'felt_basic straps.001'] kids=0 hide_render=False
  - leather strap.032 [MESH] faces=4372 verts=4424 mods=['BEVEL', 'SUBSURF', 'CURVE'] mats=['Leather_texture_black.001', 'FabricRope001_1K_black.003', 'Metal_hartley_leatherbuckle_silver.001', 'felt_basic straps.001'] kids=0 hide_render=False
  - metal lock.016 [MESH] faces=8848 verts=8852 mods= mats=['rose gold metal with hartley.002'] kids=0 hide_render=False
- Strap Black Leather black buckle.010 [EMPTY] mods= mats=[] kids=5 hide_render=False
  - BézierCurve_lower.018 [CURVE] mods= mats=[] kids=0 hide_render=False
  - BézierCurve_upper.018 [CURVE] mods= mats=[] kids=0 hide_render=False
  - leather strap.037 [MESH] faces=1200 verts=1296 mods=['BEVEL', 'SUBSURF', 'CURVE'] mats=['Leather_texture_black.001', 'FabricRope001_1K_black.001', 'Metal_hartley_leatherbuckle_silver.001', 'felt_basic straps.001'] kids=0 hide_render=False
  - leather strap.038 [MESH] faces=4372 verts=4424 mods=['BEVEL', 'SUBSURF', 'CURVE'] mats=['Leather_texture_black.001', 'FabricRope001_1K_black.003', 'Metal_hartley_leatherbuckle_silver.001', 'felt_basic straps.001'] kids=0 hide_render=False
  - metal lock.019 [MESH] faces=8848 verts=8852 mods= mats=['silver metal with hartley.003'] kids=0 hide_render=False
- Strap Black Leather black buckle.011 [EMPTY] mods= mats=[] kids=5 hide_render=False
  - BézierCurve_lower.021 [CURVE] mods= mats=[] kids=0 hide_render=False
  - BézierCurve_upper.021 [CURVE] mods= mats=[] kids=0 hide_render=False
  - leather strap.043 [MESH] faces=1200 verts=1296 mods=['BEVEL', 'SUBSURF', 'CURVE'] mats=['Leather_texture_beige\\.001', 'FabricRope001_1K_black.003', 'Metal_hartley_leatherbuckle_silver.001', 'felt_basic straps.001'] kids=0 hide_render=False
  - leather strap.044 [MESH] faces=4372 verts=4424 mods=['BEVEL', 'SUBSURF', 'CURVE'] mats=['Leather_texture_beige\\.001', 'FabricRope001_1K_biege.001', 'Metal_hartley_leatherbuckle_silver.001', 'felt_basic straps.001'] kids=0 hide_render=False
  - metal lock.022 [MESH] faces=8848 verts=8852 mods= mats=['rose gold metal with hartley.003'] kids=0 hide_render=False
- Strap Black Leather black buckle.012 [EMPTY] mods= mats=[] kids=5 hide_render=False
  - BézierCurve_lower.022 [CURVE] mods= mats=[] kids=0 hide_render=False
  - BézierCurve_upper.022 [CURVE] mods= mats=[] kids=0 hide_render=False
  - leather strap.045 [MESH] faces=1200 verts=1296 mods=['BEVEL', 'SUBSURF', 'CURVE'] mats=['Leather_texture_black.001', 'FabricRope001_1K_black.001', 'Metal_hartley_leatherbuckle_silver.001', 'felt_basic straps.001'] kids=0 hide_render=False
  - leather strap.046 [MESH] faces=4372 verts=4424 mods=['BEVEL', 'SUBSURF', 'CURVE'] mats=['Leather_texture_black.001', 'FabricRope001_1K_black.003', 'Metal_hartley_leatherbuckle_silver.001', 'felt_basic straps.001'] kids=0 hide_render=False
  - metal lock.023 [MESH] faces=8848 verts=8852 mods= mats=['rose gold metal with hartley.003'] kids=0 hide_render=False
- Strap Black Leather black buckle.013 [EMPTY] mods= mats=[] kids=5 hide_render=False
  - BézierCurve_lower.025 [CURVE] mods= mats=[] kids=0 hide_render=False
  - BézierCurve_upper.025 [CURVE] mods= mats=[] kids=0 hide_render=False
  - leather strap.051 [MESH] faces=4372 verts=4424 mods=['BEVEL', 'SUBSURF', 'CURVE'] mats=['Leather_texture_black.001', 'FabricRope001_1K_black.003', 'Metal_hartley_leatherbuckle_silver.001', 'felt_basic straps.001'] kids=0 hide_render=False
  - leather strap.052 [MESH] faces=1200 verts=1296 mods=['BEVEL', 'SUBSURF', 'CURVE'] mats=['Leather_texture_black.001', 'FabricRope001_1K_black.001', 'Metal_hartley_leatherbuckle_silver.001', 'felt_basic straps.001'] kids=0 hide_render=False
  - metal lock.026 [MESH] faces=8848 verts=8852 mods= mats=['black metal with hartley.002'] kids=0 hide_render=False
- Strap Black Leather gold buckle.001 [EMPTY] mods= mats=[] kids=5 hide_render=False
  - BézierCurve_lower.006 [CURVE] mods= mats=[] kids=0 hide_render=False
  - BézierCurve_upper.006 [CURVE] mods= mats=[] kids=0 hide_render=False
  - leather strap.013 [MESH] faces=4372 verts=4424 mods=['BEVEL', 'SUBSURF', 'CURVE'] mats=['Leather_texture_black', 'FabricRope001_1K_black', 'Metal_hartley_leatherbuckle_silver.002', 'felt_basic straps.002'] kids=0 hide_render=False
  - leather strap.014 [MESH] faces=1200 verts=1296 mods=['BEVEL', 'SUBSURF', 'CURVE'] mats=['Leather_texture_black', 'FabricRope001_1K_black.002', 'Metal_hartley_leatherbuckle_silver.002', 'felt_basic straps.002'] kids=0 hide_render=False
  - metal lock.007 [MESH] faces=8848 verts=8852 mods= mats=['gold metal with hartley'] kids=0 hide_render=False
- Strap Black Leather gold buckle.002 [EMPTY] mods= mats=[] kids=5 hide_render=False
  - BézierCurve_lower.020 [CURVE] mods= mats=[] kids=0 hide_render=False
  - BézierCurve_upper.020 [CURVE] mods= mats=[] kids=0 hide_render=False
  - leather strap.041 [MESH] faces=1200 verts=1296 mods=['BEVEL', 'SUBSURF', 'CURVE'] mats=['leather texture light brown.001', 'FabricRope001_1K_brown.001', 'Metal_hartley_leatherbuckle_silver.001', 'felt_basic straps.001'] kids=0 hide_render=False
  - leather strap.042 [MESH] faces=4372 verts=4424 mods=['BEVEL', 'SUBSURF', 'CURVE'] mats=['leather texture light brown.001', 'FabricRope001_1K_brown.001', 'Metal_hartley_leatherbuckle_silver.001', 'felt_basic straps.001'] kids=0 hide_render=False
  - metal lock.021 [MESH] faces=8848 verts=8852 mods= mats=['gold metal with hartley.001'] kids=0 hide_render=False
- Strap Black Leather gold buckle.003 [EMPTY] mods= mats=[] kids=5 hide_render=False
  - BézierCurve_lower.005 [CURVE] mods= mats=[] kids=0 hide_render=False
  - BézierCurve_upper.005 [CURVE] mods= mats=[] kids=0 hide_render=False
  - leather strap.011 [MESH] faces=4372 verts=4424 mods=['BEVEL', 'SUBSURF', 'CURVE'] mats=['leather texture light brown', 'FabricRope001_1K_brown', 'Metal_hartley_leatherbuckle_silver.002', 'felt_basic straps.002'] kids=0 hide_render=False
  - leather strap.012 [MESH] faces=1200 verts=1296 mods=['BEVEL', 'SUBSURF', 'CURVE'] mats=['leather texture light brown', 'FabricRope001_1K_brown', 'Metal_hartley_leatherbuckle_silver.002', 'felt_basic straps.002'] kids=0 hide_render=False
  - metal lock.006 [MESH] faces=8848 verts=8852 mods= mats=['gold metal with hartley'] kids=0 hide_render=False
- Strap Black Leather gold buckle.004 [EMPTY] mods= mats=[] kids=5 hide_render=False
  - BézierCurve_lower.019 [CURVE] mods= mats=[] kids=0 hide_render=False
  - BézierCurve_upper.019 [CURVE] mods= mats=[] kids=0 hide_render=False
  - leather strap.039 [MESH] faces=1200 verts=1296 mods=['BEVEL', 'SUBSURF', 'CURVE'] mats=['Leather_texture_black.001', 'FabricRope001_1K_black.001', 'Metal_hartley_leatherbuckle_silver.001', 'felt_basic straps.001'] kids=0 hide_render=False
  - leather strap.040 [MESH] faces=4372 verts=4424 mods=['BEVEL', 'SUBSURF', 'CURVE'] mats=['Leather_texture_black.001', 'FabricRope001_1K_black.003', 'Metal_hartley_leatherbuckle_silver.001', 'felt_basic straps.001'] kids=0 hide_render=False
  - metal lock.020 [MESH] faces=8848 verts=8852 mods= mats=['gold metal with hartley.001'] kids=0 hide_render=False
- Strap Brown Leather black buckle.001 [EMPTY] mods= mats=[] kids=5 hide_render=False
  - BézierCurve_lower.001 [CURVE] mods= mats=[] kids=0 hide_render=False
  - BézierCurve_upper.001 [CURVE] mods= mats=[] kids=0 hide_render=False
  - leather strap.003 [MESH] faces=4372 verts=4424 mods=['BEVEL', 'SUBSURF', 'CURVE'] mats=['Leather_texture_dark brown', 'FabricRope001_1K_dark brown', 'Metal_hartley_leatherbuckle_silver.002', 'felt_basic straps.002'] kids=0 hide_render=False
  - leather strap.004 [MESH] faces=1200 verts=1296 mods=['BEVEL', 'SUBSURF', 'CURVE'] mats=['Leather_texture_dark brown', 'FabricRope001_1K_dark brown', 'Metal_hartley_leatherbuckle_silver.002', 'felt_basic straps.002'] kids=0 hide_render=False
  - metal lock.002 [MESH] faces=8848 verts=8852 mods= mats=['black metal with hartley'] kids=0 hide_render=False
- Strap Brown Leather black buckle.002 [EMPTY] mods= mats=[] kids=5 hide_render=False
  - BézierCurve_lower.024 [CURVE] mods= mats=[] kids=0 hide_render=False
  - BézierCurve_upper.024 [CURVE] mods= mats=[] kids=0 hide_render=False
  - leather strap.049 [MESH] faces=1200 verts=1296 mods=['BEVEL', 'SUBSURF', 'CURVE'] mats=['Leather_texture_dark brown.001', 'FabricRope001_1K_dark brown.001', 'Metal_hartley_leatherbuckle_silver.001', 'felt_basic straps.001'] kids=0 hide_render=False
  - leather strap.050 [MESH] faces=4372 verts=4424 mods=['BEVEL', 'SUBSURF', 'CURVE'] mats=['Leather_texture_dark brown.001', 'FabricRope001_1K_dark brown.001', 'Metal_hartley_leatherbuckle_silver.001', 'felt_basic straps.001'] kids=0 hide_render=False
  - metal lock.025 [MESH] faces=8848 verts=8852 mods= mats=['black metal with hartley.002'] kids=0 hide_render=False
- Strap White Leather black buckle.001 [EMPTY] mods= mats=[] kids=5 hide_render=False
  - BézierCurve_lower.008 [CURVE] mods= mats=[] kids=0 hide_render=False
  - BézierCurve_upper.008 [CURVE] mods= mats=[] kids=0 hide_render=False
  - leather strap.017 [MESH] faces=4372 verts=4424 mods=['BEVEL', 'SUBSURF', 'CURVE'] mats=['Leather_texture_white', 'FabricRope001_1K_white', 'Metal_hartley_leatherbuckle_silver.002', 'felt_basic straps.002'] kids=0 hide_render=False
  - leather strap.018 [MESH] faces=1200 verts=1296 mods=['BEVEL', 'SUBSURF', 'CURVE'] mats=['Leather_texture_white', 'Metal_hartley_leatherbuckle_silver.002', 'felt_basic straps.002'] kids=0 hide_render=False
  - metal lock.009 [MESH] faces=8848 verts=8852 mods= mats=['silver metal with hartley.001'] kids=0 hide_render=False
- Strap White Leather black buckle.002 [EMPTY] mods= mats=[] kids=5 hide_render=False
  - BézierCurve_lower.002 [CURVE] mods= mats=[] kids=0 hide_render=False
  - BézierCurve_upper.002 [CURVE] mods= mats=[] kids=0 hide_render=False
  - leather strap.005 [MESH] faces=4372 verts=4424 mods=['BEVEL', 'SUBSURF', 'CURVE'] mats=['Leather_texture_white', 'FabricRope001_1K_white', 'Metal_hartley_leatherbuckle_silver.002', 'felt_basic straps.002'] kids=0 hide_render=False
  - leather strap.006 [MESH] faces=1200 verts=1296 mods=['BEVEL', 'SUBSURF', 'CURVE'] mats=['Leather_texture_white', 'Metal_hartley_leatherbuckle_silver.002', 'felt_basic straps.002'] kids=0 hide_render=False
  - metal lock.003 [MESH] faces=8848 verts=8852 mods= mats=['black metal with hartley'] kids=0 hide_render=False
- Strap White Leather black buckle.003 [EMPTY] mods= mats=[] kids=5 hide_render=False
  - BézierCurve_lower.009 [CURVE] mods= mats=[] kids=0 hide_render=False
  - BézierCurve_upper.009 [CURVE] mods= mats=[] kids=0 hide_render=False
  - leather strap.019 [MESH] faces=4372 verts=4424 mods=['BEVEL', 'SUBSURF', 'CURVE'] mats=['Leather_texture_grey', 'FabricRope001_1K_grey', 'Metal_hartley_leatherbuckle_silver.002', 'felt_basic straps.002'] kids=0 hide_render=False
  - leather strap.020 [MESH] faces=1200 verts=1296 mods=['BEVEL', 'SUBSURF', 'CURVE'] mats=['Leather_texture_grey', 'Metal_hartley_leatherbuckle_silver.002', 'felt_basic straps.002'] kids=0 hide_render=False
  - metal lock.010 [MESH] faces=8848 verts=8852 mods= mats=['silver metal with hartley.001'] kids=0 hide_render=False
- Strap White Leather black buckle.004 [EMPTY] mods= mats=[] kids=5 hide_render=False
  - BézierCurve_lower.016 [CURVE] mods= mats=[] kids=0 hide_render=False
  - BézierCurve_upper.016 [CURVE] mods= mats=[] kids=0 hide_render=False
  - leather strap.033 [MESH] faces=1200 verts=1296 mods=['BEVEL', 'SUBSURF', 'CURVE'] mats=['Leather_texture_grey.001', 'Metal_hartley_leatherbuckle_silver.001', 'felt_basic straps.001'] kids=0 hide_render=False
  - leather strap.034 [MESH] faces=4372 verts=4424 mods=['BEVEL', 'SUBSURF', 'CURVE'] mats=['Leather_texture_grey.001', 'FabricRope001_1K_grey.001', 'Metal_hartley_leatherbuckle_silver.001', 'felt_basic straps.001'] kids=0 hide_render=False
  - metal lock.017 [MESH] faces=8848 verts=8852 mods= mats=['silver metal with hartley.002'] kids=0 hide_render=False
- Strap White Leather black buckle.005 [EMPTY] mods= mats=[] kids=5 hide_render=False
  - BézierCurve_lower.023 [CURVE] mods= mats=[] kids=0 hide_render=False
  - BézierCurve_upper.023 [CURVE] mods= mats=[] kids=0 hide_render=False
  - leather strap.047 [MESH] faces=1200 verts=1296 mods=['BEVEL', 'SUBSURF', 'CURVE'] mats=['Leather_texture_white.001', 'Metal_hartley_leatherbuckle_silver.001', 'felt_basic straps.001'] kids=0 hide_render=False
  - leather strap.048 [MESH] faces=4372 verts=4424 mods=['BEVEL', 'SUBSURF', 'CURVE'] mats=['Leather_texture_white.001', 'FabricRope001_1K_white.001', 'Metal_hartley_leatherbuckle_silver.001', 'felt_basic straps.001'] kids=0 hide_render=False
  - metal lock.024 [MESH] faces=8848 verts=8852 mods= mats=['black metal with hartley.002'] kids=0 hide_render=False
- Strap White Leather black buckle.006 [EMPTY] mods= mats=[] kids=5 hide_render=False
  - BézierCurve_lower.017 [CURVE] mods= mats=[] kids=0 hide_render=False
  - BézierCurve_upper.017 [CURVE] mods= mats=[] kids=0 hide_render=False
  - leather strap.035 [MESH] faces=1200 verts=1296 mods=['BEVEL', 'SUBSURF', 'CURVE'] mats=['Leather_texture_white.001', 'Metal_hartley_leatherbuckle_silver.001', 'felt_basic straps.001'] kids=0 hide_render=False
  - leather strap.036 [MESH] faces=4372 verts=4424 mods=['BEVEL', 'SUBSURF', 'CURVE'] mats=['Leather_texture_white.001', 'FabricRope001_1K_white.001', 'Metal_hartley_leatherbuckle_silver.001', 'felt_basic straps.001'] kids=0 hide_render=False
  - metal lock.018 [MESH] faces=8848 verts=8852 mods= mats=['silver metal with hartley.002'] kids=0 hide_render=False
## MATERIALS
MAT ConcretePolished001_2K_advanced  users={} examples=[]
   Base Color: <-CURVE_RGB:RGB Curves curves=[[(0.0, 0.0), (1.0, 1.0)], [(0.0, 0.0), (1.0, 1.0)], [(0.0, 0.0), (1.0, 1.0)], [(0.0, 0.0), (1.0, 1.0)]] {Fac=1.0, Color<-(MIX:Mix.001 blend=MIX {Factor<-(MIX:Mix blend=ADD {Factor=1.0, A<-(INVERT:Invert Color {Fac=1.0, Color<-(VALTORGB:Color Ramp)}), B<-(INVERT:Invert Color.001 {Fac=1.0, Color<-(VALTORGB:Color Ramp.001)})}), A<-(GROUP:ConcretePolished001_2K group=ConcretePolished001_2K {'Scale': 0.333, 'Aspect Ratio': 1.0, 'Global Rotation': 0.0, 'Roughness Adj.': 0.0, 'Normal Strength': 1.0} {UV<-(TEX_COORD:Texture Coordinate {})}), B=[0.124, 0.124, 0.124, 1.0]})}
   Metallic: <-GROUP:ConcretePolished001_2K group=ConcretePolished001_2K {'Scale': 0.333, 'Aspect Ratio': 1.0, 'Global Rotation': 0.0, 'Roughness Adj.': 0.0, 'Normal Strength': 1.0} {UV<-(TEX_COORD:Texture Coordinate {})}
   Roughness: <-MATH:Math {Value<-(MIX:Mix.002 blend=ADD {Factor=0.217, A<-(GROUP:ConcretePolished001_2K group=ConcretePolished001_2K {'Scale': 0.333, 'Aspect Ratio': 1.0, 'Global Rotation': 0.0, 'Roughness Adj.': 0.0, 'Normal Strength': 1.0} {UV<-(TEX_COORD:Texture Coordinate {})}), B<-(MIX:Mix blend=ADD {Factor=1.0, A<-(INVERT:Invert Color {Fac=1.0, Color<-(VALTORGB:Color Ramp)}), B<-(INVERT:Invert Color.001 {Fac=1.0, Color<-(VALTORGB:Color Ramp.001)})})}), Value=0.15}
   IOR: 1.45
   Alpha: <-GROUP:ConcretePolished001_2K group=ConcretePolished001_2K {'Scale': 0.333, 'Aspect Ratio': 1.0, 'Global Rotation': 0.0, 'Roughness Adj.': 0.0, 'Normal Strength': 1.0} {UV<-(TEX_COORD:Texture Coordinate {})}
   Normal: <-BUMP:Bump {Strength=1.0, Height<-(INVERT:Invert Color.002 {Fac=1.0, Color<-(MIX:Mix blend=ADD {Factor=1.0, A<-(INVERT:Invert Color {Fac=1.0, Color<-(VALTORGB:Color Ramp)}), B<-(INVERT:Invert Color.001 {Fac=1.0, Color<-(VALTORGB:Color Ramp.001)})})}), Normal<-(GROUP:ConcretePolished001_2K group=ConcretePolished001_2K {'Scale': 0.333, 'Aspect Ratio': 1.0, 'Global Rotation': 0.0, 'Roughness Adj.': 0.0, 'Normal Strength': 1.0} {UV<-(TEX_COORD:Texture Coordinate {})})}
   Anisotropic: 0.0
   Anisotropic Rotation: 0.0
   Coat Weight: 0.0
   Coat Roughness: 0.03
   Transmission Weight: <-GROUP:ConcretePolished001_2K group=ConcretePolished001_2K {'Scale': 0.333, 'Aspect Ratio': 1.0, 'Global Rotation': 0.0, 'Roughness Adj.': 0.0, 'Normal Strength': 1.0} {UV<-(TEX_COORD:Texture Coordinate {})}
   Emission Color: <-GROUP:ConcretePolished001_2K group=ConcretePolished001_2K {'Scale': 0.333, 'Aspect Ratio': 1.0, 'Global Rotation': 0.0, 'Roughness Adj.': 0.0, 'Normal Strength': 1.0} {UV<-(TEX_COORD:Texture Coordinate {})}
   Emission Strength: 1.0
   Specular IOR Level: 0.5
   Sheen Weight: 0.0
   images: ['ConcretePolished001_AO_2K(2048x2048)', 'ConcretePolished001_COL_2K(2048x2048)', 'ConcretePolished001_GLOSS_2K(2048x2048)', 'ConcretePolished001_NRM_2K(2048x2048)']
MAT Dots Stroke (no nodes) diffuse=[0.8, 0.8, 0.8, 1.0] users={}
MAT FabricRope001_1K_biege  users={'Strap Black Leather black buckle.002': 1} examples=[['leather strap.009[1]']]
   Base Color: [0.686, 0.484, 0.295]
   Metallic: <-GROUP:FabricRope001_1K group=FabricRope001_1K {'Scale': 1.0, 'Aspect Ratio': 1.0, 'Global Rotation': 0.0, 'Roughness Adj.': 0.0, 'Normal Strength': 1.0} {UV<-(TEX_COORD:Texture Coordinate {})}
   Roughness: <-GROUP:FabricRope001_1K group=FabricRope001_1K {'Scale': 1.0, 'Aspect Ratio': 1.0, 'Global Rotation': 0.0, 'Roughness Adj.': 0.0, 'Normal Strength': 1.0} {UV<-(TEX_COORD:Texture Coordinate {})}
   IOR: 1.45
   Alpha: <-GROUP:FabricRope001_1K group=FabricRope001_1K {'Scale': 1.0, 'Aspect Ratio': 1.0, 'Global Rotation': 0.0, 'Roughness Adj.': 0.0, 'Normal Strength': 1.0} {UV<-(TEX_COORD:Texture Coordinate {})}
   Normal: <-GROUP:FabricRope001_1K group=FabricRope001_1K {'Scale': 1.0, 'Aspect Ratio': 1.0, 'Global Rotation': 0.0, 'Roughness Adj.': 0.0, 'Normal Strength': 1.0} {UV<-(TEX_COORD:Texture Coordinate {})}
   Anisotropic: 0.0
   Anisotropic Rotation: 0.0
   Coat Weight: 0.0
   Coat Roughness: 0.03
   Transmission Weight: <-GROUP:FabricRope001_1K group=FabricRope001_1K {'Scale': 1.0, 'Aspect Ratio': 1.0, 'Global Rotation': 0.0, 'Roughness Adj.': 0.0, 'Normal Strength': 1.0} {UV<-(TEX_COORD:Texture Coordinate {})}
   Emission Color: <-GROUP:FabricRope001_1K group=FabricRope001_1K {'Scale': 1.0, 'Aspect Ratio': 1.0, 'Global Rotation': 0.0, 'Roughness Adj.': 0.0, 'Normal Strength': 1.0} {UV<-(TEX_COORD:Texture Coordinate {})}
   Emission Strength: 1.0
   Specular IOR Level: 0.5
   Sheen Weight: 0.0
   images: ['FabricRope001_AO_1K(1024x1024)', 'FabricRope001_COL_1K(1024x1024)', 'FabricRope001_DISP16_1K(1024x1024)', 'FabricRope001_GLOSS_1K(1024x1024)', 'FabricRope001_NRM_1K(1024x1024)']
MAT FabricRope001_1K_biege.001  users={'Strap Black Leather black buckle.011': 1} examples=[['leather strap.044[1]']]
   Base Color: [0.686, 0.484, 0.295]
   Metallic: <-GROUP:FabricRope001_1K group=FabricRope001_1K.003 {'Scale': 1.0, 'Aspect Ratio': 1.0, 'Global Rotation': 0.0, 'Roughness Adj.': 0.0, 'Normal Strength': 1.0} {UV<-(TEX_COORD:Texture Coordinate {})}
   Roughness: <-GROUP:FabricRope001_1K group=FabricRope001_1K.003 {'Scale': 1.0, 'Aspect Ratio': 1.0, 'Global Rotation': 0.0, 'Roughness Adj.': 0.0, 'Normal Strength': 1.0} {UV<-(TEX_COORD:Texture Coordinate {})}
   IOR: 1.45
   Alpha: <-GROUP:FabricRope001_1K group=FabricRope001_1K.003 {'Scale': 1.0, 'Aspect Ratio': 1.0, 'Global Rotation': 0.0, 'Roughness Adj.': 0.0, 'Normal Strength': 1.0} {UV<-(TEX_COORD:Texture Coordinate {})}
   Normal: <-GROUP:FabricRope001_1K group=FabricRope001_1K.003 {'Scale': 1.0, 'Aspect Ratio': 1.0, 'Global Rotation': 0.0, 'Roughness Adj.': 0.0, 'Normal Strength': 1.0} {UV<-(TEX_COORD:Texture Coordinate {})}
   Anisotropic: 0.0
   Anisotropic Rotation: 0.0
   Coat Weight: 0.0
   Coat Roughness: 0.03
   Transmission Weight: <-GROUP:FabricRope001_1K group=FabricRope001_1K.003 {'Scale': 1.0, 'Aspect Ratio': 1.0, 'Global Rotation': 0.0, 'Roughness Adj.': 0.0, 'Normal Strength': 1.0} {UV<-(TEX_COORD:Texture Coordinate {})}
   Emission Color: <-GROUP:FabricRope001_1K group=FabricRope001_1K.003 {'Scale': 1.0, 'Aspect Ratio': 1.0, 'Global Rotation': 0.0, 'Roughness Adj.': 0.0, 'Normal Strength': 1.0} {UV<-(TEX_COORD:Texture Coordinate {})}
   Emission Strength: 1.0
   Specular IOR Level: 0.5
   Sheen Weight: 0.0
   images: ['FabricRope001_AO_1K.003(1024x1024)', 'FabricRope001_COL_1K.003(1024x1024)', 'FabricRope001_DISP16_1K.003(1024x1024)', 'FabricRope001_GLOSS_1K.003(1024x1024)', 'FabricRope001_NRM_1K.003(1024x1024)']
MAT FabricRope001_1K_biege.002  users={'leather beige with rose gold': 1} examples=[['leather strap.064[1]']]
   Base Color: [0.686, 0.484, 0.295]
   Metallic: <-GROUP:FabricRope001_1K group=FabricRope001_1K.004 {'Scale': 1.0, 'Aspect Ratio': 1.0, 'Global Rotation': 0.0, 'Roughness Adj.': 0.0, 'Normal Strength': 1.0} {UV<-(TEX_COORD:Texture Coordinate {})}
   Roughness: <-GROUP:FabricRope001_1K group=FabricRope001_1K.004 {'Scale': 1.0, 'Aspect Ratio': 1.0, 'Global Rotation': 0.0, 'Roughness Adj.': 0.0, 'Normal Strength': 1.0} {UV<-(TEX_COORD:Texture Coordinate {})}
   IOR: 1.45
   Alpha: <-GROUP:FabricRope001_1K group=FabricRope001_1K.004 {'Scale': 1.0, 'Aspect Ratio': 1.0, 'Global Rotation': 0.0, 'Roughness Adj.': 0.0, 'Normal Strength': 1.0} {UV<-(TEX_COORD:Texture Coordinate {})}
   Normal: <-GROUP:FabricRope001_1K group=FabricRope001_1K.004 {'Scale': 1.0, 'Aspect Ratio': 1.0, 'Global Rotation': 0.0, 'Roughness Adj.': 0.0, 'Normal Strength': 1.0} {UV<-(TEX_COORD:Texture Coordinate {})}
   Anisotropic: 0.0
   Anisotropic Rotation: 0.0
   Coat Weight: 0.0
   Coat Roughness: 0.03
   Transmission Weight: <-GROUP:FabricRope001_1K group=FabricRope001_1K.004 {'Scale': 1.0, 'Aspect Ratio': 1.0, 'Global Rotation': 0.0, 'Roughness Adj.': 0.0, 'Normal Strength': 1.0} {UV<-(TEX_COORD:Texture Coordinate {})}
   Emission Color: <-GROUP:FabricRope001_1K group=FabricRope001_1K.004 {'Scale': 1.0, 'Aspect Ratio': 1.0, 'Global Rotation': 0.0, 'Roughness Adj.': 0.0, 'Normal Strength': 1.0} {UV<-(TEX_COORD:Texture Coordinate {})}
   Emission Strength: 1.0
   Specular IOR Level: 0.5
   Sheen Weight: 0.0
   images: ['FabricRope001_AO_1K.004(1024x1024)', 'FabricRope001_COL_1K.004(1024x1024)', 'FabricRope001_DISP16_1K.004(1024x1024)', 'FabricRope001_GLOSS_1K.004(1024x1024)', 'FabricRope001_NRM_1K.004(1024x1024)']
MAT FabricRope001_1K_black  users={'Strap Black Leather black buckle': 1, 'Strap Black Leather black buckle.001': 1, 'Strap Black Leather black buckle.002': 1, 'Strap Black Leather gold buckle.001': 1, 'Strap Black Leather black buckle.003': 1, 'Strap Black Leather black buckle.004': 1} examples=[['leather strap.002[1]'], ['leather strap.007[1]']]
   Base Color: [0.007, 0.005, 0.003]
   Metallic: <-GROUP:FabricRope001_1K group=FabricRope001_1K {'Scale': 1.0, 'Aspect Ratio': 1.0, 'Global Rotation': 0.0, 'Roughness Adj.': 0.0, 'Normal Strength': 1.0} {UV<-(TEX_COORD:Texture Coordinate {})}
   Roughness: <-GROUP:FabricRope001_1K group=FabricRope001_1K {'Scale': 1.0, 'Aspect Ratio': 1.0, 'Global Rotation': 0.0, 'Roughness Adj.': 0.0, 'Normal Strength': 1.0} {UV<-(TEX_COORD:Texture Coordinate {})}
   IOR: 1.45
   Alpha: <-GROUP:FabricRope001_1K group=FabricRope001_1K {'Scale': 1.0, 'Aspect Ratio': 1.0, 'Global Rotation': 0.0, 'Roughness Adj.': 0.0, 'Normal Strength': 1.0} {UV<-(TEX_COORD:Texture Coordinate {})}
   Normal: <-GROUP:FabricRope001_1K group=FabricRope001_1K {'Scale': 1.0, 'Aspect Ratio': 1.0, 'Global Rotation': 0.0, 'Roughness Adj.': 0.0, 'Normal Strength': 1.0} {UV<-(TEX_COORD:Texture Coordinate {})}
   Anisotropic: 0.0
   Anisotropic Rotation: 0.0
   Coat Weight: 0.0
   Coat Roughness: 0.03
   Transmission Weight: <-GROUP:FabricRope001_1K group=FabricRope001_1K {'Scale': 1.0, 'Aspect Ratio': 1.0, 'Global Rotation': 0.0, 'Roughness Adj.': 0.0, 'Normal Strength': 1.0} {UV<-(TEX_COORD:Texture Coordinate {})}
   Emission Color: <-GROUP:FabricRope001_1K group=FabricRope001_1K {'Scale': 1.0, 'Aspect Ratio': 1.0, 'Global Rotation': 0.0, 'Roughness Adj.': 0.0, 'Normal Strength': 1.0} {UV<-(TEX_COORD:Texture Coordinate {})}
   Emission Strength: 1.0
   Specular IOR Level: 0.5
   Sheen Weight: 0.0
   images: ['FabricRope001_AO_1K(1024x1024)', 'FabricRope001_COL_1K(1024x1024)', 'FabricRope001_DISP16_1K(1024x1024)', 'FabricRope001_GLOSS_1K(1024x1024)', 'FabricRope001_NRM_1K(1024x1024)']
MAT FabricRope001_1K_black.001  users={'Strap Black Leather black buckle.007': 1, 'Strap Black Leather black buckle.008': 1, 'Strap Black Leather black buckle.009': 1, 'Strap Black Leather black buckle.010': 1, 'Strap Black Leather gold buckle.004': 1, 'Strap Black Leather black buckle.012': 1, 'Strap Black Leather black buckle.013': 1} examples=[['leather strap.027[1]'], ['leather strap.029[1]']]
   Base Color: [0.011, 0.011, 0.011]
   Metallic: <-GROUP:FabricRope001_1K group=FabricRope001_1K.001 {'Scale': 1.0, 'Aspect Ratio': 1.0, 'Global Rotation': 0.0, 'Roughness Adj.': 0.0, 'Normal Strength': 1.0} {UV<-(TEX_COORD:Texture Coordinate {})}
   Roughness: <-GROUP:FabricRope001_1K group=FabricRope001_1K.001 {'Scale': 1.0, 'Aspect Ratio': 1.0, 'Global Rotation': 0.0, 'Roughness Adj.': 0.0, 'Normal Strength': 1.0} {UV<-(TEX_COORD:Texture Coordinate {})}
   IOR: 1.45
   Alpha: <-GROUP:FabricRope001_1K group=FabricRope001_1K.001 {'Scale': 1.0, 'Aspect Ratio': 1.0, 'Global Rotation': 0.0, 'Roughness Adj.': 0.0, 'Normal Strength': 1.0} {UV<-(TEX_COORD:Texture Coordinate {})}
   Normal: <-GROUP:FabricRope001_1K group=FabricRope001_1K.001 {'Scale': 1.0, 'Aspect Ratio': 1.0, 'Global Rotation': 0.0, 'Roughness Adj.': 0.0, 'Normal Strength': 1.0} {UV<-(TEX_COORD:Texture Coordinate {})}
   Anisotropic: 0.0
   Anisotropic Rotation: 0.0
   Coat Weight: 0.0
   Coat Roughness: 0.03
   Transmission Weight: <-GROUP:FabricRope001_1K group=FabricRope001_1K.001 {'Scale': 1.0, 'Aspect Ratio': 1.0, 'Global Rotation': 0.0, 'Roughness Adj.': 0.0, 'Normal Strength': 1.0} {UV<-(TEX_COORD:Texture Coordinate {})}
   Emission Color: <-GROUP:FabricRope001_1K group=FabricRope001_1K.001 {'Scale': 1.0, 'Aspect Ratio': 1.0, 'Global Rotation': 0.0, 'Roughness Adj.': 0.0, 'Normal Strength': 1.0} {UV<-(TEX_COORD:Texture Coordinate {})}
   Emission Strength: 1.0
   Specular IOR Level: 0.5
   Sheen Weight: 0.0
   images: ['FabricRope001_AO_1K.001(1024x1024)', 'FabricRope001_COL_1K.001(1024x1024)', 'FabricRope001_DISP16_1K.001(1024x1024)', 'FabricRope001_GLOSS_1K.001(1024x1024)', 'FabricRope001_NRM_1K.001(1024x1024)']
MAT FabricRope001_1K_black.002  users={'Strap Black Leather black buckle': 1, 'Strap Black Leather black buckle.001': 1, 'Strap Black Leather gold buckle.001': 1, 'Strap Black Leather black buckle.003': 1, 'Strap Black Leather black buckle.004': 1, 'Strap Black Leather black buckle.005': 1, 'Strap Black Leather black buckle.006': 1} examples=[['leather strap.001[1]'], ['leather strap.008[1]']]
   Base Color: [0.011, 0.011, 0.011]
   Metallic: <-GROUP:FabricRope001_1K group=FabricRope001_1K.002 {'Scale': 1.0, 'Aspect Ratio': 1.0, 'Global Rotation': 0.0, 'Roughness Adj.': 0.0, 'Normal Strength': 1.0} {UV<-(TEX_COORD:Texture Coordinate {})}
   Roughness: <-GROUP:FabricRope001_1K group=FabricRope001_1K.002 {'Scale': 1.0, 'Aspect Ratio': 1.0, 'Global Rotation': 0.0, 'Roughness Adj.': 0.0, 'Normal Strength': 1.0} {UV<-(TEX_COORD:Texture Coordinate {})}
   IOR: 1.45
   Alpha: <-GROUP:FabricRope001_1K group=FabricRope001_1K.002 {'Scale': 1.0, 'Aspect Ratio': 1.0, 'Global Rotation': 0.0, 'Roughness Adj.': 0.0, 'Normal Strength': 1.0} {UV<-(TEX_COORD:Texture Coordinate {})}
   Normal: <-GROUP:FabricRope001_1K group=FabricRope001_1K.002 {'Scale': 1.0, 'Aspect Ratio': 1.0, 'Global Rotation': 0.0, 'Roughness Adj.': 0.0, 'Normal Strength': 1.0} {UV<-(TEX_COORD:Texture Coordinate {})}
   Anisotropic: 0.0
   Anisotropic Rotation: 0.0
   Coat Weight: 0.0
   Coat Roughness: 0.03
   Transmission Weight: <-GROUP:FabricRope001_1K group=FabricRope001_1K.002 {'Scale': 1.0, 'Aspect Ratio': 1.0, 'Global Rotation': 0.0, 'Roughness Adj.': 0.0, 'Normal Strength': 1.0} {UV<-(TEX_COORD:Texture Coordinate {})}
   Emission Color: <-GROUP:FabricRope001_1K group=FabricRope001_1K.002 {'Scale': 1.0, 'Aspect Ratio': 1.0, 'Global Rotation': 0.0, 'Roughness Adj.': 0.0, 'Normal Strength': 1.0} {UV<-(TEX_COORD:Texture Coordinate {})}
   Emission Strength: 1.0
   Specular IOR Level: 0.5
   Sheen Weight: 0.0
   images: ['FabricRope001_AO_1K.002(1024x1024)', 'FabricRope001_COL_1K.002(1024x1024)', 'FabricRope001_DISP16_1K.002(1024x1024)', 'FabricRope001_GLOSS_1K.002(1024x1024)', 'FabricRope001_NRM_1K.002(1024x1024)']
MAT FabricRope001_1K_black.003  users={'Strap Black Leather black buckle.009': 1, 'Strap Black Leather black buckle.010': 1, 'Strap Black Leather gold buckle.004': 1, 'Strap Black Leather black buckle.011': 1, 'Strap Black Leather black buckle.012': 1, 'Strap Black Leather black buckle.013': 1} examples=[['leather strap.032[1]'], ['leather strap.038[1]']]
   Base Color: [0.007, 0.005, 0.003]
   Metallic: <-GROUP:FabricRope001_1K group=FabricRope001_1K.003 {'Scale': 1.0, 'Aspect Ratio': 1.0, 'Global Rotation': 0.0, 'Roughness Adj.': 0.0, 'Normal Strength': 1.0} {UV<-(TEX_COORD:Texture Coordinate {})}
   Roughness: <-GROUP:FabricRope001_1K group=FabricRope001_1K.003 {'Scale': 1.0, 'Aspect Ratio': 1.0, 'Global Rotation': 0.0, 'Roughness Adj.': 0.0, 'Normal Strength': 1.0} {UV<-(TEX_COORD:Texture Coordinate {})}
   IOR: 1.45
   Alpha: <-GROUP:FabricRope001_1K group=FabricRope001_1K.003 {'Scale': 1.0, 'Aspect Ratio': 1.0, 'Global Rotation': 0.0, 'Roughness Adj.': 0.0, 'Normal Strength': 1.0} {UV<-(TEX_COORD:Texture Coordinate {})}
   Normal: <-GROUP:FabricRope001_1K group=FabricRope001_1K.003 {'Scale': 1.0, 'Aspect Ratio': 1.0, 'Global Rotation': 0.0, 'Roughness Adj.': 0.0, 'Normal Strength': 1.0} {UV<-(TEX_COORD:Texture Coordinate {})}
   Anisotropic: 0.0
   Anisotropic Rotation: 0.0
   Coat Weight: 0.0
   Coat Roughness: 0.03
   Transmission Weight: <-GROUP:FabricRope001_1K group=FabricRope001_1K.003 {'Scale': 1.0, 'Aspect Ratio': 1.0, 'Global Rotation': 0.0, 'Roughness Adj.': 0.0, 'Normal Strength': 1.0} {UV<-(TEX_COORD:Texture Coordinate {})}
   Emission Color: <-GROUP:FabricRope001_1K group=FabricRope001_1K.003 {'Scale': 1.0, 'Aspect Ratio': 1.0, 'Global Rotation': 0.0, 'Roughness Adj.': 0.0, 'Normal Strength': 1.0} {UV<-(TEX_COORD:Texture Coordinate {})}
   Emission Strength: 1.0
   Specular IOR Level: 0.5
   Sheen Weight: 0.0
   images: ['FabricRope001_AO_1K.003(1024x1024)', 'FabricRope001_COL_1K.003(1024x1024)', 'FabricRope001_DISP16_1K.003(1024x1024)', 'FabricRope001_GLOSS_1K.003(1024x1024)', 'FabricRope001_NRM_1K.003(1024x1024)']
MAT FabricRope001_1K_black.004  users={'leather black with black': 1, 'leather black with rose gold': 1, 'leather black with silver': 1, 'leather black with gold': 1, 'leather beige with rose gold': 1} examples=[['leather strap.054[1]'], ['leather strap.056[1]']]
   Base Color: [0.007, 0.005, 0.003]
   Metallic: <-GROUP:FabricRope001_1K group=FabricRope001_1K.004 {'Scale': 1.0, 'Aspect Ratio': 1.0, 'Global Rotation': 0.0, 'Roughness Adj.': 0.0, 'Normal Strength': 1.0} {UV<-(TEX_COORD:Texture Coordinate {})}
   Roughness: <-GROUP:FabricRope001_1K group=FabricRope001_1K.004 {'Scale': 1.0, 'Aspect Ratio': 1.0, 'Global Rotation': 0.0, 'Roughness Adj.': 0.0, 'Normal Strength': 1.0} {UV<-(TEX_COORD:Texture Coordinate {})}
   IOR: 1.45
   Alpha: <-GROUP:FabricRope001_1K group=FabricRope001_1K.004 {'Scale': 1.0, 'Aspect Ratio': 1.0, 'Global Rotation': 0.0, 'Roughness Adj.': 0.0, 'Normal Strength': 1.0} {UV<-(TEX_COORD:Texture Coordinate {})}
   Normal: <-GROUP:FabricRope001_1K group=FabricRope001_1K.004 {'Scale': 1.0, 'Aspect Ratio': 1.0, 'Global Rotation': 0.0, 'Roughness Adj.': 0.0, 'Normal Strength': 1.0} {UV<-(TEX_COORD:Texture Coordinate {})}
   Anisotropic: 0.0
   Anisotropic Rotation: 0.0
   Coat Weight: 0.0
   Coat Roughness: 0.03
   Transmission Weight: <-GROUP:FabricRope001_1K group=FabricRope001_1K.004 {'Scale': 1.0, 'Aspect Ratio': 1.0, 'Global Rotation': 0.0, 'Roughness Adj.': 0.0, 'Normal Strength': 1.0} {UV<-(TEX_COORD:Texture Coordinate {})}
   Emission Color: <-GROUP:FabricRope001_1K group=FabricRope001_1K.004 {'Scale': 1.0, 'Aspect Ratio': 1.0, 'Global Rotation': 0.0, 'Roughness Adj.': 0.0, 'Normal Strength': 1.0} {UV<-(TEX_COORD:Texture Coordinate {})}
   Emission Strength: 1.0
   Specular IOR Level: 0.5
   Sheen Weight: 0.0
   images: ['FabricRope001_AO_1K.004(1024x1024)', 'FabricRope001_COL_1K.004(1024x1024)', 'FabricRope001_DISP16_1K.004(1024x1024)', 'FabricRope001_GLOSS_1K.004(1024x1024)', 'FabricRope001_NRM_1K.004(1024x1024)']
MAT FabricRope001_1K_black.005  users={'leather black with black': 1, 'leather black with rose gold': 1, 'leather black with silver': 1, 'leather black with gold': 1} examples=[['leather strap.053[1]'], ['leather strap.055[1]']]
   Base Color: [0.011, 0.011, 0.011]
   Metallic: <-GROUP:FabricRope001_1K group=FabricRope001_1K.005 {'Scale': 1.0, 'Aspect Ratio': 1.0, 'Global Rotation': 0.0, 'Roughness Adj.': 0.0, 'Normal Strength': 1.0} {UV<-(TEX_COORD:Texture Coordinate {})}
   Roughness: <-GROUP:FabricRope001_1K group=FabricRope001_1K.005 {'Scale': 1.0, 'Aspect Ratio': 1.0, 'Global Rotation': 0.0, 'Roughness Adj.': 0.0, 'Normal Strength': 1.0} {UV<-(TEX_COORD:Texture Coordinate {})}
   IOR: 1.45
   Alpha: <-GROUP:FabricRope001_1K group=FabricRope001_1K.005 {'Scale': 1.0, 'Aspect Ratio': 1.0, 'Global Rotation': 0.0, 'Roughness Adj.': 0.0, 'Normal Strength': 1.0} {UV<-(TEX_COORD:Texture Coordinate {})}
   Normal: <-GROUP:FabricRope001_1K group=FabricRope001_1K.005 {'Scale': 1.0, 'Aspect Ratio': 1.0, 'Global Rotation': 0.0, 'Roughness Adj.': 0.0, 'Normal Strength': 1.0} {UV<-(TEX_COORD:Texture Coordinate {})}
   Anisotropic: 0.0
   Anisotropic Rotation: 0.0
   Coat Weight: 0.0
   Coat Roughness: 0.03
   Transmission Weight: <-GROUP:FabricRope001_1K group=FabricRope001_1K.005 {'Scale': 1.0, 'Aspect Ratio': 1.0, 'Global Rotation': 0.0, 'Roughness Adj.': 0.0, 'Normal Strength': 1.0} {UV<-(TEX_COORD:Texture Coordinate {})}
   Emission Color: <-GROUP:FabricRope001_1K group=FabricRope001_1K.005 {'Scale': 1.0, 'Aspect Ratio': 1.0, 'Global Rotation': 0.0, 'Roughness Adj.': 0.0, 'Normal Strength': 1.0} {UV<-(TEX_COORD:Texture Coordinate {})}
   Emission Strength: 1.0
   Specular IOR Level: 0.5
   Sheen Weight: 0.0
   images: ['FabricRope001_AO_1K.005(1024x1024)', 'FabricRope001_COL_1K.005(1024x1024)', 'FabricRope001_DISP16_1K.005(1024x1024)', 'FabricRope001_GLOSS_1K.005(1024x1024)', 'FabricRope001_NRM_1K.005(1024x1024)']
MAT FabricRope001_1K_black.006  users={'leather pink with rose gold': 1} examples=[['leather strap.065[1]']]
   Base Color: [0.011, 0.011, 0.011]
   Metallic: <-GROUP:FabricRope001_1K group=FabricRope001_1K.006 {'Scale': 1.0, 'Aspect Ratio': 1.0, 'Global Rotation': 0.0, 'Roughness Adj.': 0.0, 'Normal Strength': 1.0} {UV<-(TEX_COORD:Texture Coordinate {})}
   Roughness: <-GROUP:FabricRope001_1K group=FabricRope001_1K.006 {'Scale': 1.0, 'Aspect Ratio': 1.0, 'Global Rotation': 0.0, 'Roughness Adj.': 0.0, 'Normal Strength': 1.0} {UV<-(TEX_COORD:Texture Coordinate {})}
   IOR: 1.45
   Alpha: <-GROUP:FabricRope001_1K group=FabricRope001_1K.006 {'Scale': 1.0, 'Aspect Ratio': 1.0, 'Global Rotation': 0.0, 'Roughness Adj.': 0.0, 'Normal Strength': 1.0} {UV<-(TEX_COORD:Texture Coordinate {})}
   Normal: <-GROUP:FabricRope001_1K group=FabricRope001_1K.006 {'Scale': 1.0, 'Aspect Ratio': 1.0, 'Global Rotation': 0.0, 'Roughness Adj.': 0.0, 'Normal Strength': 1.0} {UV<-(TEX_COORD:Texture Coordinate {})}
   Anisotropic: 0.0
   Anisotropic Rotation: 0.0
   Coat Weight: 0.0
   Coat Roughness: 0.03
   Transmission Weight: <-GROUP:FabricRope001_1K group=FabricRope001_1K.006 {'Scale': 1.0, 'Aspect Ratio': 1.0, 'Global Rotation': 0.0, 'Roughness Adj.': 0.0, 'Normal Strength': 1.0} {UV<-(TEX_COORD:Texture Coordinate {})}
   Emission Color: <-GROUP:FabricRope001_1K group=FabricRope001_1K.006 {'Scale': 1.0, 'Aspect Ratio': 1.0, 'Global Rotation': 0.0, 'Roughness Adj.': 0.0, 'Normal Strength': 1.0} {UV<-(TEX_COORD:Texture Coordinate {})}
   Emission Strength: 1.0
   Specular IOR Level: 0.5
   Sheen Weight: 0.0
   images: ['FabricRope001_AO_1K.006(1024x1024)', 'FabricRope001_COL_1K.006(1024x1024)', 'FabricRope001_DISP16_1K.006(1024x1024)', 'FabricRope001_GLOSS_1K.006(1024x1024)', 'FabricRope001_NRM_1K.006(1024x1024)']
MAT FabricRope001_1K_brown  users={'Strap Black Leather gold buckle.003': 2} examples=[['leather strap.011[1]', 'leather strap.012[1]']]
   Base Color: [0.251, 0.132, 0.083]
   Metallic: <-GROUP:FabricRope001_1K group=FabricRope001_1K {'Scale': 1.0, 'Aspect Ratio': 1.0, 'Global Rotation': 0.0, 'Roughness Adj.': 0.0, 'Normal Strength': 1.0} {UV<-(TEX_COORD:Texture Coordinate {})}
   Roughness: <-GROUP:FabricRope001_1K group=FabricRope001_1K {'Scale': 1.0, 'Aspect Ratio': 1.0, 'Global Rotation': 0.0, 'Roughness Adj.': 0.0, 'Normal Strength': 1.0} {UV<-(TEX_COORD:Texture Coordinate {})}
   IOR: 1.45
   Alpha: <-GROUP:FabricRope001_1K group=FabricRope001_1K {'Scale': 1.0, 'Aspect Ratio': 1.0, 'Global Rotation': 0.0, 'Roughness Adj.': 0.0, 'Normal Strength': 1.0} {UV<-(TEX_COORD:Texture Coordinate {})}
   Normal: <-GROUP:FabricRope001_1K group=FabricRope001_1K {'Scale': 1.0, 'Aspect Ratio': 1.0, 'Global Rotation': 0.0, 'Roughness Adj.': 0.0, 'Normal Strength': 1.0} {UV<-(TEX_COORD:Texture Coordinate {})}
   Anisotropic: 0.0
   Anisotropic Rotation: 0.0
   Coat Weight: 0.0
   Coat Roughness: 0.03
   Transmission Weight: <-GROUP:FabricRope001_1K group=FabricRope001_1K {'Scale': 1.0, 'Aspect Ratio': 1.0, 'Global Rotation': 0.0, 'Roughness Adj.': 0.0, 'Normal Strength': 1.0} {UV<-(TEX_COORD:Texture Coordinate {})}
   Emission Color: <-GROUP:FabricRope001_1K group=FabricRope001_1K {'Scale': 1.0, 'Aspect Ratio': 1.0, 'Global Rotation': 0.0, 'Roughness Adj.': 0.0, 'Normal Strength': 1.0} {UV<-(TEX_COORD:Texture Coordinate {})}
   Emission Strength: 1.0
   Specular IOR Level: 0.5
   Sheen Weight: 0.0
   images: ['FabricRope001_AO_1K(1024x1024)', 'FabricRope001_COL_1K(1024x1024)', 'FabricRope001_DISP16_1K(1024x1024)', 'FabricRope001_GLOSS_1K(1024x1024)', 'FabricRope001_NRM_1K(1024x1024)']
MAT FabricRope001_1K_brown.001  users={'Strap Black Leather gold buckle.002': 2} examples=[['leather strap.041[1]', 'leather strap.042[1]']]
   Base Color: [0.251, 0.132, 0.083]
   Metallic: <-GROUP:FabricRope001_1K group=FabricRope001_1K.003 {'Scale': 1.0, 'Aspect Ratio': 1.0, 'Global Rotation': 0.0, 'Roughness Adj.': 0.0, 'Normal Strength': 1.0} {UV<-(TEX_COORD:Texture Coordinate {})}
   Roughness: <-GROUP:FabricRope001_1K group=FabricRope001_1K.003 {'Scale': 1.0, 'Aspect Ratio': 1.0, 'Global Rotation': 0.0, 'Roughness Adj.': 0.0, 'Normal Strength': 1.0} {UV<-(TEX_COORD:Texture Coordinate {})}
   IOR: 1.45
   Alpha: <-GROUP:FabricRope001_1K group=FabricRope001_1K.003 {'Scale': 1.0, 'Aspect Ratio': 1.0, 'Global Rotation': 0.0, 'Roughness Adj.': 0.0, 'Normal Strength': 1.0} {UV<-(TEX_COORD:Texture Coordinate {})}
   Normal: <-GROUP:FabricRope001_1K group=FabricRope001_1K.003 {'Scale': 1.0, 'Aspect Ratio': 1.0, 'Global Rotation': 0.0, 'Roughness Adj.': 0.0, 'Normal Strength': 1.0} {UV<-(TEX_COORD:Texture Coordinate {})}
   Anisotropic: 0.0
   Anisotropic Rotation: 0.0
   Coat Weight: 0.0
   Coat Roughness: 0.03
   Transmission Weight: <-GROUP:FabricRope001_1K group=FabricRope001_1K.003 {'Scale': 1.0, 'Aspect Ratio': 1.0, 'Global Rotation': 0.0, 'Roughness Adj.': 0.0, 'Normal Strength': 1.0} {UV<-(TEX_COORD:Texture Coordinate {})}
   Emission Color: <-GROUP:FabricRope001_1K group=FabricRope001_1K.003 {'Scale': 1.0, 'Aspect Ratio': 1.0, 'Global Rotation': 0.0, 'Roughness Adj.': 0.0, 'Normal Strength': 1.0} {UV<-(TEX_COORD:Texture Coordinate {})}
   Emission Strength: 1.0
   Specular IOR Level: 0.5
   Sheen Weight: 0.0
   images: ['FabricRope001_AO_1K.003(1024x1024)', 'FabricRope001_COL_1K.003(1024x1024)', 'FabricRope001_DISP16_1K.003(1024x1024)', 'FabricRope001_GLOSS_1K.003(1024x1024)', 'FabricRope001_NRM_1K.003(1024x1024)']
MAT FabricRope001_1K_dark brown  users={'Strap Brown Leather black buckle.001': 2} examples=[['leather strap.003[1]', 'leather strap.004[1]']]
   Base Color: <-RGB:RGB {}
   Metallic: <-GROUP:FabricRope001_1K group=FabricRope001_1K.002 {'Scale': 1.0, 'Aspect Ratio': 1.0, 'Global Rotation': 0.0, 'Roughness Adj.': 0.0, 'Normal Strength': 1.0} {UV<-(TEX_COORD:Texture Coordinate {})}
   Roughness: <-GROUP:FabricRope001_1K group=FabricRope001_1K.002 {'Scale': 1.0, 'Aspect Ratio': 1.0, 'Global Rotation': 0.0, 'Roughness Adj.': 0.0, 'Normal Strength': 1.0} {UV<-(TEX_COORD:Texture Coordinate {})}
   IOR: 1.45
   Alpha: <-GROUP:FabricRope001_1K group=FabricRope001_1K.002 {'Scale': 1.0, 'Aspect Ratio': 1.0, 'Global Rotation': 0.0, 'Roughness Adj.': 0.0, 'Normal Strength': 1.0} {UV<-(TEX_COORD:Texture Coordinate {})}
   Normal: <-GROUP:FabricRope001_1K group=FabricRope001_1K.002 {'Scale': 1.0, 'Aspect Ratio': 1.0, 'Global Rotation': 0.0, 'Roughness Adj.': 0.0, 'Normal Strength': 1.0} {UV<-(TEX_COORD:Texture Coordinate {})}
   Anisotropic: 0.0
   Anisotropic Rotation: 0.0
   Coat Weight: 0.0
   Coat Roughness: 0.03
   Transmission Weight: <-GROUP:FabricRope001_1K group=FabricRope001_1K.002 {'Scale': 1.0, 'Aspect Ratio': 1.0, 'Global Rotation': 0.0, 'Roughness Adj.': 0.0, 'Normal Strength': 1.0} {UV<-(TEX_COORD:Texture Coordinate {})}
   Emission Color: <-GROUP:FabricRope001_1K group=FabricRope001_1K.002 {'Scale': 1.0, 'Aspect Ratio': 1.0, 'Global Rotation': 0.0, 'Roughness Adj.': 0.0, 'Normal Strength': 1.0} {UV<-(TEX_COORD:Texture Coordinate {})}
   Emission Strength: 1.0
   Specular IOR Level: 0.5
   Sheen Weight: 0.0
   images: ['FabricRope001_AO_1K.002(1024x1024)', 'FabricRope001_COL_1K.002(1024x1024)', 'FabricRope001_DISP16_1K.002(1024x1024)', 'FabricRope001_GLOSS_1K.002(1024x1024)', 'FabricRope001_NRM_1K.002(1024x1024)']
MAT FabricRope001_1K_dark brown.001  users={'Strap Brown Leather black buckle.002': 2} examples=[['leather strap.049[1]', 'leather strap.050[1]']]
   Base Color: <-RGB:RGB {}
   Metallic: <-GROUP:FabricRope001_1K group=FabricRope001_1K.001 {'Scale': 1.0, 'Aspect Ratio': 1.0, 'Global Rotation': 0.0, 'Roughness Adj.': 0.0, 'Normal Strength': 1.0} {UV<-(TEX_COORD:Texture Coordinate {})}
   Roughness: <-GROUP:FabricRope001_1K group=FabricRope001_1K.001 {'Scale': 1.0, 'Aspect Ratio': 1.0, 'Global Rotation': 0.0, 'Roughness Adj.': 0.0, 'Normal Strength': 1.0} {UV<-(TEX_COORD:Texture Coordinate {})}
   IOR: 1.45
   Alpha: <-GROUP:FabricRope001_1K group=FabricRope001_1K.001 {'Scale': 1.0, 'Aspect Ratio': 1.0, 'Global Rotation': 0.0, 'Roughness Adj.': 0.0, 'Normal Strength': 1.0} {UV<-(TEX_COORD:Texture Coordinate {})}
   Normal: <-GROUP:FabricRope001_1K group=FabricRope001_1K.001 {'Scale': 1.0, 'Aspect Ratio': 1.0, 'Global Rotation': 0.0, 'Roughness Adj.': 0.0, 'Normal Strength': 1.0} {UV<-(TEX_COORD:Texture Coordinate {})}
   Anisotropic: 0.0
   Anisotropic Rotation: 0.0
   Coat Weight: 0.0
   Coat Roughness: 0.03
   Transmission Weight: <-GROUP:FabricRope001_1K group=FabricRope001_1K.001 {'Scale': 1.0, 'Aspect Ratio': 1.0, 'Global Rotation': 0.0, 'Roughness Adj.': 0.0, 'Normal Strength': 1.0} {UV<-(TEX_COORD:Texture Coordinate {})}
   Emission Color: <-GROUP:FabricRope001_1K group=FabricRope001_1K.001 {'Scale': 1.0, 'Aspect Ratio': 1.0, 'Global Rotation': 0.0, 'Roughness Adj.': 0.0, 'Normal Strength': 1.0} {UV<-(TEX_COORD:Texture Coordinate {})}
   Emission Strength: 1.0
   Specular IOR Level: 0.5
   Sheen Weight: 0.0
   images: ['FabricRope001_AO_1K.001(1024x1024)', 'FabricRope001_COL_1K.001(1024x1024)', 'FabricRope001_DISP16_1K.001(1024x1024)', 'FabricRope001_GLOSS_1K.001(1024x1024)', 'FabricRope001_NRM_1K.001(1024x1024)']
MAT FabricRope001_1K_grey  users={'Strap White Leather black buckle.003': 1} examples=[['leather strap.019[1]']]
   Base Color: <-RGB:RGB {}
   Metallic: <-GROUP:FabricRope001_1K group=FabricRope001_1K.002 {'Scale': 1.0, 'Aspect Ratio': 1.0, 'Global Rotation': 0.0, 'Roughness Adj.': 0.0, 'Normal Strength': 1.0} {UV<-(TEX_COORD:Texture Coordinate {})}
   Roughness: <-GROUP:FabricRope001_1K group=FabricRope001_1K.002 {'Scale': 1.0, 'Aspect Ratio': 1.0, 'Global Rotation': 0.0, 'Roughness Adj.': 0.0, 'Normal Strength': 1.0} {UV<-(TEX_COORD:Texture Coordinate {})}
   IOR: 1.45
   Alpha: <-GROUP:FabricRope001_1K group=FabricRope001_1K.002 {'Scale': 1.0, 'Aspect Ratio': 1.0, 'Global Rotation': 0.0, 'Roughness Adj.': 0.0, 'Normal Strength': 1.0} {UV<-(TEX_COORD:Texture Coordinate {})}
   Normal: <-GROUP:FabricRope001_1K group=FabricRope001_1K.002 {'Scale': 1.0, 'Aspect Ratio': 1.0, 'Global Rotation': 0.0, 'Roughness Adj.': 0.0, 'Normal Strength': 1.0} {UV<-(TEX_COORD:Texture Coordinate {})}
   Anisotropic: 0.0
   Anisotropic Rotation: 0.0
   Coat Weight: 0.0
   Coat Roughness: 0.03
   Transmission Weight: <-GROUP:FabricRope001_1K group=FabricRope001_1K.002 {'Scale': 1.0, 'Aspect Ratio': 1.0, 'Global Rotation': 0.0, 'Roughness Adj.': 0.0, 'Normal Strength': 1.0} {UV<-(TEX_COORD:Texture Coordinate {})}
   Emission Color: <-GROUP:FabricRope001_1K group=FabricRope001_1K.002 {'Scale': 1.0, 'Aspect Ratio': 1.0, 'Global Rotation': 0.0, 'Roughness Adj.': 0.0, 'Normal Strength': 1.0} {UV<-(TEX_COORD:Texture Coordinate {})}
   Emission Strength: 1.0
   Specular IOR Level: 0.5
   Sheen Weight: 0.0
   images: ['FabricRope001_AO_1K.002(1024x1024)', 'FabricRope001_COL_1K.002(1024x1024)', 'FabricRope001_DISP16_1K.002(1024x1024)', 'FabricRope001_GLOSS_1K.002(1024x1024)', 'FabricRope001_NRM_1K.002(1024x1024)']
MAT FabricRope001_1K_grey.001  users={'Strap White Leather black buckle.004': 1} examples=[['leather strap.034[1]']]
   Base Color: <-RGB:RGB {}
   Metallic: <-GROUP:FabricRope001_1K group=FabricRope001_1K.001 {'Scale': 1.0, 'Aspect Ratio': 1.0, 'Global Rotation': 0.0, 'Roughness Adj.': 0.0, 'Normal Strength': 1.0} {UV<-(TEX_COORD:Texture Coordinate {})}
   Roughness: <-GROUP:FabricRope001_1K group=FabricRope001_1K.001 {'Scale': 1.0, 'Aspect Ratio': 1.0, 'Global Rotation': 0.0, 'Roughness Adj.': 0.0, 'Normal Strength': 1.0} {UV<-(TEX_COORD:Texture Coordinate {})}
   IOR: 1.45
   Alpha: <-GROUP:FabricRope001_1K group=FabricRope001_1K.001 {'Scale': 1.0, 'Aspect Ratio': 1.0, 'Global Rotation': 0.0, 'Roughness Adj.': 0.0, 'Normal Strength': 1.0} {UV<-(TEX_COORD:Texture Coordinate {})}
   Normal: <-GROUP:FabricRope001_1K group=FabricRope001_1K.001 {'Scale': 1.0, 'Aspect Ratio': 1.0, 'Global Rotation': 0.0, 'Roughness Adj.': 0.0, 'Normal Strength': 1.0} {UV<-(TEX_COORD:Texture Coordinate {})}
   Anisotropic: 0.0
   Anisotropic Rotation: 0.0
   Coat Weight: 0.0
   Coat Roughness: 0.03
   Transmission Weight: <-GROUP:FabricRope001_1K group=FabricRope001_1K.001 {'Scale': 1.0, 'Aspect Ratio': 1.0, 'Global Rotation': 0.0, 'Roughness Adj.': 0.0, 'Normal Strength': 1.0} {UV<-(TEX_COORD:Texture Coordinate {})}
   Emission Color: <-GROUP:FabricRope001_1K group=FabricRope001_1K.001 {'Scale': 1.0, 'Aspect Ratio': 1.0, 'Global Rotation': 0.0, 'Roughness Adj.': 0.0, 'Normal Strength': 1.0} {UV<-(TEX_COORD:Texture Coordinate {})}
   Emission Strength: 1.0
   Specular IOR Level: 0.5
   Sheen Weight: 0.0
   images: ['FabricRope001_AO_1K.001(1024x1024)', 'FabricRope001_COL_1K.001(1024x1024)', 'FabricRope001_DISP16_1K.001(1024x1024)', 'FabricRope001_GLOSS_1K.001(1024x1024)', 'FabricRope001_NRM_1K.001(1024x1024)']
MAT FabricRope001_1K_peach  users={'Strap Black Leather black buckle.006': 1} examples=[['leather strap.025[1]']]
   Base Color: <-RGB:RGB {}
   Metallic: <-GROUP:FabricRope001_1K group=FabricRope001_1K {'Scale': 1.0, 'Aspect Ratio': 1.0, 'Global Rotation': 0.0, 'Roughness Adj.': 0.0, 'Normal Strength': 1.0} {UV<-(TEX_COORD:Texture Coordinate {})}
   Roughness: <-GROUP:FabricRope001_1K group=FabricRope001_1K {'Scale': 1.0, 'Aspect Ratio': 1.0, 'Global Rotation': 0.0, 'Roughness Adj.': 0.0, 'Normal Strength': 1.0} {UV<-(TEX_COORD:Texture Coordinate {})}
   IOR: 1.45
   Alpha: <-GROUP:FabricRope001_1K group=FabricRope001_1K {'Scale': 1.0, 'Aspect Ratio': 1.0, 'Global Rotation': 0.0, 'Roughness Adj.': 0.0, 'Normal Strength': 1.0} {UV<-(TEX_COORD:Texture Coordinate {})}
   Normal: <-GROUP:FabricRope001_1K group=FabricRope001_1K {'Scale': 1.0, 'Aspect Ratio': 1.0, 'Global Rotation': 0.0, 'Roughness Adj.': 0.0, 'Normal Strength': 1.0} {UV<-(TEX_COORD:Texture Coordinate {})}
   Anisotropic: 0.0
   Anisotropic Rotation: 0.0
   Coat Weight: 0.0
   Coat Roughness: 0.03
   Transmission Weight: <-GROUP:FabricRope001_1K group=FabricRope001_1K {'Scale': 1.0, 'Aspect Ratio': 1.0, 'Global Rotation': 0.0, 'Roughness Adj.': 0.0, 'Normal Strength': 1.0} {UV<-(TEX_COORD:Texture Coordinate {})}
   Emission Color: <-GROUP:FabricRope001_1K group=FabricRope001_1K {'Scale': 1.0, 'Aspect Ratio': 1.0, 'Global Rotation': 0.0, 'Roughness Adj.': 0.0, 'Normal Strength': 1.0} {UV<-(TEX_COORD:Texture Coordinate {})}
   Emission Strength: 1.0
   Specular IOR Level: 0.5
   Sheen Weight: 0.0
   images: ['FabricRope001_AO_1K(1024x1024)', 'FabricRope001_COL_1K(1024x1024)', 'FabricRope001_DISP16_1K(1024x1024)', 'FabricRope001_GLOSS_1K(1024x1024)', 'FabricRope001_NRM_1K(1024x1024)']
MAT FabricRope001_1K_peach.001  users={'Strap Black Leather black buckle.007': 1} examples=[['leather strap.028[1]']]
   Base Color: <-RGB:RGB {}
   Metallic: <-GROUP:FabricRope001_1K group=FabricRope001_1K.003 {'Scale': 1.0, 'Aspect Ratio': 1.0, 'Global Rotation': 0.0, 'Roughness Adj.': 0.0, 'Normal Strength': 1.0} {UV<-(TEX_COORD:Texture Coordinate {})}
   Roughness: <-GROUP:FabricRope001_1K group=FabricRope001_1K.003 {'Scale': 1.0, 'Aspect Ratio': 1.0, 'Global Rotation': 0.0, 'Roughness Adj.': 0.0, 'Normal Strength': 1.0} {UV<-(TEX_COORD:Texture Coordinate {})}
   IOR: 1.45
   Alpha: <-GROUP:FabricRope001_1K group=FabricRope001_1K.003 {'Scale': 1.0, 'Aspect Ratio': 1.0, 'Global Rotation': 0.0, 'Roughness Adj.': 0.0, 'Normal Strength': 1.0} {UV<-(TEX_COORD:Texture Coordinate {})}
   Normal: <-GROUP:FabricRope001_1K group=FabricRope001_1K.003 {'Scale': 1.0, 'Aspect Ratio': 1.0, 'Global Rotation': 0.0, 'Roughness Adj.': 0.0, 'Normal Strength': 1.0} {UV<-(TEX_COORD:Texture Coordinate {})}
   Anisotropic: 0.0
   Anisotropic Rotation: 0.0
   Coat Weight: 0.0
   Coat Roughness: 0.03
   Transmission Weight: <-GROUP:FabricRope001_1K group=FabricRope001_1K.003 {'Scale': 1.0, 'Aspect Ratio': 1.0, 'Global Rotation': 0.0, 'Roughness Adj.': 0.0, 'Normal Strength': 1.0} {UV<-(TEX_COORD:Texture Coordinate {})}
   Emission Color: <-GROUP:FabricRope001_1K group=FabricRope001_1K.003 {'Scale': 1.0, 'Aspect Ratio': 1.0, 'Global Rotation': 0.0, 'Roughness Adj.': 0.0, 'Normal Strength': 1.0} {UV<-(TEX_COORD:Texture Coordinate {})}
   Emission Strength: 1.0
   Specular IOR Level: 0.5
   Sheen Weight: 0.0
   images: ['FabricRope001_AO_1K.003(1024x1024)', 'FabricRope001_COL_1K.003(1024x1024)', 'FabricRope001_DISP16_1K.003(1024x1024)', 'FabricRope001_GLOSS_1K.003(1024x1024)', 'FabricRope001_NRM_1K.003(1024x1024)']
MAT FabricRope001_1K_pink  users={'Strap Black Leather black buckle.005': 1} examples=[['leather strap.023[1]']]
   Base Color: <-RGB:RGB {}
   Metallic: <-GROUP:FabricRope001_1K group=FabricRope001_1K {'Scale': 1.0, 'Aspect Ratio': 1.0, 'Global Rotation': 0.0, 'Roughness Adj.': 0.0, 'Normal Strength': 1.0} {UV<-(TEX_COORD:Texture Coordinate {})}
   Roughness: <-GROUP:FabricRope001_1K group=FabricRope001_1K {'Scale': 1.0, 'Aspect Ratio': 1.0, 'Global Rotation': 0.0, 'Roughness Adj.': 0.0, 'Normal Strength': 1.0} {UV<-(TEX_COORD:Texture Coordinate {})}
   IOR: 1.45
   Alpha: <-GROUP:FabricRope001_1K group=FabricRope001_1K {'Scale': 1.0, 'Aspect Ratio': 1.0, 'Global Rotation': 0.0, 'Roughness Adj.': 0.0, 'Normal Strength': 1.0} {UV<-(TEX_COORD:Texture Coordinate {})}
   Normal: <-GROUP:FabricRope001_1K group=FabricRope001_1K {'Scale': 1.0, 'Aspect Ratio': 1.0, 'Global Rotation': 0.0, 'Roughness Adj.': 0.0, 'Normal Strength': 1.0} {UV<-(TEX_COORD:Texture Coordinate {})}
   Anisotropic: 0.0
   Anisotropic Rotation: 0.0
   Coat Weight: 0.0
   Coat Roughness: 0.03
   Transmission Weight: <-GROUP:FabricRope001_1K group=FabricRope001_1K {'Scale': 1.0, 'Aspect Ratio': 1.0, 'Global Rotation': 0.0, 'Roughness Adj.': 0.0, 'Normal Strength': 1.0} {UV<-(TEX_COORD:Texture Coordinate {})}
   Emission Color: <-GROUP:FabricRope001_1K group=FabricRope001_1K {'Scale': 1.0, 'Aspect Ratio': 1.0, 'Global Rotation': 0.0, 'Roughness Adj.': 0.0, 'Normal Strength': 1.0} {UV<-(TEX_COORD:Texture Coordinate {})}
   Emission Strength: 1.0
   Specular IOR Level: 0.5
   Sheen Weight: 0.0
   images: ['FabricRope001_AO_1K(1024x1024)', 'FabricRope001_COL_1K(1024x1024)', 'FabricRope001_DISP16_1K(1024x1024)', 'FabricRope001_GLOSS_1K(1024x1024)', 'FabricRope001_NRM_1K(1024x1024)']
MAT FabricRope001_1K_pink.001  users={'Strap Black Leather black buckle.008': 1} examples=[['leather strap.030[1]']]
   Base Color: <-RGB:RGB {}
   Metallic: <-GROUP:FabricRope001_1K group=FabricRope001_1K.003 {'Scale': 1.0, 'Aspect Ratio': 1.0, 'Global Rotation': 0.0, 'Roughness Adj.': 0.0, 'Normal Strength': 1.0} {UV<-(TEX_COORD:Texture Coordinate {})}
   Roughness: <-GROUP:FabricRope001_1K group=FabricRope001_1K.003 {'Scale': 1.0, 'Aspect Ratio': 1.0, 'Global Rotation': 0.0, 'Roughness Adj.': 0.0, 'Normal Strength': 1.0} {UV<-(TEX_COORD:Texture Coordinate {})}
   IOR: 1.45
   Alpha: <-GROUP:FabricRope001_1K group=FabricRope001_1K.003 {'Scale': 1.0, 'Aspect Ratio': 1.0, 'Global Rotation': 0.0, 'Roughness Adj.': 0.0, 'Normal Strength': 1.0} {UV<-(TEX_COORD:Texture Coordinate {})}
   Normal: <-GROUP:FabricRope001_1K group=FabricRope001_1K.003 {'Scale': 1.0, 'Aspect Ratio': 1.0, 'Global Rotation': 0.0, 'Roughness Adj.': 0.0, 'Normal Strength': 1.0} {UV<-(TEX_COORD:Texture Coordinate {})}
   Anisotropic: 0.0
   Anisotropic Rotation: 0.0
   Coat Weight: 0.0
   Coat Roughness: 0.03
   Transmission Weight: <-GROUP:FabricRope001_1K group=FabricRope001_1K.003 {'Scale': 1.0, 'Aspect Ratio': 1.0, 'Global Rotation': 0.0, 'Roughness Adj.': 0.0, 'Normal Strength': 1.0} {UV<-(TEX_COORD:Texture Coordinate {})}
   Emission Color: <-GROUP:FabricRope001_1K group=FabricRope001_1K.003 {'Scale': 1.0, 'Aspect Ratio': 1.0, 'Global Rotation': 0.0, 'Roughness Adj.': 0.0, 'Normal Strength': 1.0} {UV<-(TEX_COORD:Texture Coordinate {})}
   Emission Strength: 1.0
   Specular IOR Level: 0.5
   Sheen Weight: 0.0
   images: ['FabricRope001_AO_1K.003(1024x1024)', 'FabricRope001_COL_1K.003(1024x1024)', 'FabricRope001_DISP16_1K.003(1024x1024)', 'FabricRope001_GLOSS_1K.003(1024x1024)', 'FabricRope001_NRM_1K.003(1024x1024)']
MAT FabricRope001_1K_pink.002  users={'leather pink with rose gold': 1} examples=[['leather strap.066[1]']]
   Base Color: <-RGB:RGB {}
   Metallic: <-GROUP:FabricRope001_1K group=FabricRope001_1K.007 {'Scale': 1.0, 'Aspect Ratio': 1.0, 'Global Rotation': 0.0, 'Roughness Adj.': 0.0, 'Normal Strength': 1.0} {UV<-(TEX_COORD:Texture Coordinate {})}
   Roughness: <-GROUP:FabricRope001_1K group=FabricRope001_1K.007 {'Scale': 1.0, 'Aspect Ratio': 1.0, 'Global Rotation': 0.0, 'Roughness Adj.': 0.0, 'Normal Strength': 1.0} {UV<-(TEX_COORD:Texture Coordinate {})}
   IOR: 1.45
   Alpha: <-GROUP:FabricRope001_1K group=FabricRope001_1K.007 {'Scale': 1.0, 'Aspect Ratio': 1.0, 'Global Rotation': 0.0, 'Roughness Adj.': 0.0, 'Normal Strength': 1.0} {UV<-(TEX_COORD:Texture Coordinate {})}
   Normal: <-GROUP:FabricRope001_1K group=FabricRope001_1K.007 {'Scale': 1.0, 'Aspect Ratio': 1.0, 'Global Rotation': 0.0, 'Roughness Adj.': 0.0, 'Normal Strength': 1.0} {UV<-(TEX_COORD:Texture Coordinate {})}
   Anisotropic: 0.0
   Anisotropic Rotation: 0.0
   Coat Weight: 0.0
   Coat Roughness: 0.03
   Transmission Weight: <-GROUP:FabricRope001_1K group=FabricRope001_1K.007 {'Scale': 1.0, 'Aspect Ratio': 1.0, 'Global Rotation': 0.0, 'Roughness Adj.': 0.0, 'Normal Strength': 1.0} {UV<-(TEX_COORD:Texture Coordinate {})}
   Emission Color: <-GROUP:FabricRope001_1K group=FabricRope001_1K.007 {'Scale': 1.0, 'Aspect Ratio': 1.0, 'Global Rotation': 0.0, 'Roughness Adj.': 0.0, 'Normal Strength': 1.0} {UV<-(TEX_COORD:Texture Coordinate {})}
   Emission Strength: 1.0
   Specular IOR Level: 0.5
   Sheen Weight: 0.0
   images: ['FabricRope001_AO_1K.007(1024x1024)', 'FabricRope001_COL_1K.007(1024x1024)', 'FabricRope001_DISP16_1K.007(1024x1024)', 'FabricRope001_GLOSS_1K.007(1024x1024)', 'FabricRope001_NRM_1K.007(1024x1024)']
MAT FabricRope001_1K_white  users={'Strap White Leather black buckle.002': 1, 'Strap White Leather black buckle.001': 1} examples=[['leather strap.005[1]'], ['leather strap.017[1]']]
   Base Color: <-RGB:RGB {}
   Metallic: <-GROUP:FabricRope001_1K group=FabricRope001_1K.002 {'Scale': 1.0, 'Aspect Ratio': 1.0, 'Global Rotation': 0.0, 'Roughness Adj.': 0.0, 'Normal Strength': 1.0} {UV<-(TEX_COORD:Texture Coordinate {})}
   Roughness: <-GROUP:FabricRope001_1K group=FabricRope001_1K.002 {'Scale': 1.0, 'Aspect Ratio': 1.0, 'Global Rotation': 0.0, 'Roughness Adj.': 0.0, 'Normal Strength': 1.0} {UV<-(TEX_COORD:Texture Coordinate {})}
   IOR: 1.45
   Alpha: <-GROUP:FabricRope001_1K group=FabricRope001_1K.002 {'Scale': 1.0, 'Aspect Ratio': 1.0, 'Global Rotation': 0.0, 'Roughness Adj.': 0.0, 'Normal Strength': 1.0} {UV<-(TEX_COORD:Texture Coordinate {})}
   Normal: <-GROUP:FabricRope001_1K group=FabricRope001_1K.002 {'Scale': 1.0, 'Aspect Ratio': 1.0, 'Global Rotation': 0.0, 'Roughness Adj.': 0.0, 'Normal Strength': 1.0} {UV<-(TEX_COORD:Texture Coordinate {})}
   Anisotropic: 0.0
   Anisotropic Rotation: 0.0
   Coat Weight: 0.0
   Coat Roughness: 0.03
   Transmission Weight: <-GROUP:FabricRope001_1K group=FabricRope001_1K.002 {'Scale': 1.0, 'Aspect Ratio': 1.0, 'Global Rotation': 0.0, 'Roughness Adj.': 0.0, 'Normal Strength': 1.0} {UV<-(TEX_COORD:Texture Coordinate {})}
   Emission Color: <-GROUP:FabricRope001_1K group=FabricRope001_1K.002 {'Scale': 1.0, 'Aspect Ratio': 1.0, 'Global Rotation': 0.0, 'Roughness Adj.': 0.0, 'Normal Strength': 1.0} {UV<-(TEX_COORD:Texture Coordinate {})}
   Emission Strength: 1.0
   Specular IOR Level: 0.5
   Sheen Weight: 0.0
   images: ['FabricRope001_AO_1K.002(1024x1024)', 'FabricRope001_COL_1K.002(1024x1024)', 'FabricRope001_DISP16_1K.002(1024x1024)', 'FabricRope001_GLOSS_1K.002(1024x1024)', 'FabricRope001_NRM_1K.002(1024x1024)']
MAT FabricRope001_1K_white.001  users={'Strap White Leather black buckle.006': 1, 'Strap White Leather black buckle.005': 1} examples=[['leather strap.036[1]'], ['leather strap.048[1]']]
   Base Color: <-RGB:RGB {}
   Metallic: <-GROUP:FabricRope001_1K group=FabricRope001_1K.001 {'Scale': 1.0, 'Aspect Ratio': 1.0, 'Global Rotation': 0.0, 'Roughness Adj.': 0.0, 'Normal Strength': 1.0} {UV<-(TEX_COORD:Texture Coordinate {})}
   Roughness: <-GROUP:FabricRope001_1K group=FabricRope001_1K.001 {'Scale': 1.0, 'Aspect Ratio': 1.0, 'Global Rotation': 0.0, 'Roughness Adj.': 0.0, 'Normal Strength': 1.0} {UV<-(TEX_COORD:Texture Coordinate {})}
   IOR: 1.45
   Alpha: <-GROUP:FabricRope001_1K group=FabricRope001_1K.001 {'Scale': 1.0, 'Aspect Ratio': 1.0, 'Global Rotation': 0.0, 'Roughness Adj.': 0.0, 'Normal Strength': 1.0} {UV<-(TEX_COORD:Texture Coordinate {})}
   Normal: <-GROUP:FabricRope001_1K group=FabricRope001_1K.001 {'Scale': 1.0, 'Aspect Ratio': 1.0, 'Global Rotation': 0.0, 'Roughness Adj.': 0.0, 'Normal Strength': 1.0} {UV<-(TEX_COORD:Texture Coordinate {})}
   Anisotropic: 0.0
   Anisotropic Rotation: 0.0
   Coat Weight: 0.0
   Coat Roughness: 0.03
   Transmission Weight: <-GROUP:FabricRope001_1K group=FabricRope001_1K.001 {'Scale': 1.0, 'Aspect Ratio': 1.0, 'Global Rotation': 0.0, 'Roughness Adj.': 0.0, 'Normal Strength': 1.0} {UV<-(TEX_COORD:Texture Coordinate {})}
   Emission Color: <-GROUP:FabricRope001_1K group=FabricRope001_1K.001 {'Scale': 1.0, 'Aspect Ratio': 1.0, 'Global Rotation': 0.0, 'Roughness Adj.': 0.0, 'Normal Strength': 1.0} {UV<-(TEX_COORD:Texture Coordinate {})}
   Emission Strength: 1.0
   Specular IOR Level: 0.5
   Sheen Weight: 0.0
   images: ['FabricRope001_AO_1K.001(1024x1024)', 'FabricRope001_COL_1K.001(1024x1024)', 'FabricRope001_DISP16_1K.001(1024x1024)', 'FabricRope001_GLOSS_1K.001(1024x1024)', 'FabricRope001_NRM_1K.001(1024x1024)']
MAT FabricRope001_1K_white.002  users={'leather white with silver': 1} examples=[['leather strap.058[1]']]
   Base Color: <-RGB:RGB {}
   Metallic: <-GROUP:FabricRope001_1K group=FabricRope001_1K.005 {'Scale': 1.0, 'Aspect Ratio': 1.0, 'Global Rotation': 0.0, 'Roughness Adj.': 0.0, 'Normal Strength': 1.0} {UV<-(TEX_COORD:Texture Coordinate {})}
   Roughness: <-GROUP:FabricRope001_1K group=FabricRope001_1K.005 {'Scale': 1.0, 'Aspect Ratio': 1.0, 'Global Rotation': 0.0, 'Roughness Adj.': 0.0, 'Normal Strength': 1.0} {UV<-(TEX_COORD:Texture Coordinate {})}
   IOR: 1.45
   Alpha: <-GROUP:FabricRope001_1K group=FabricRope001_1K.005 {'Scale': 1.0, 'Aspect Ratio': 1.0, 'Global Rotation': 0.0, 'Roughness Adj.': 0.0, 'Normal Strength': 1.0} {UV<-(TEX_COORD:Texture Coordinate {})}
   Normal: <-GROUP:FabricRope001_1K group=FabricRope001_1K.005 {'Scale': 1.0, 'Aspect Ratio': 1.0, 'Global Rotation': 0.0, 'Roughness Adj.': 0.0, 'Normal Strength': 1.0} {UV<-(TEX_COORD:Texture Coordinate {})}
   Anisotropic: 0.0
   Anisotropic Rotation: 0.0
   Coat Weight: 0.0
   Coat Roughness: 0.03
   Transmission Weight: <-GROUP:FabricRope001_1K group=FabricRope001_1K.005 {'Scale': 1.0, 'Aspect Ratio': 1.0, 'Global Rotation': 0.0, 'Roughness Adj.': 0.0, 'Normal Strength': 1.0} {UV<-(TEX_COORD:Texture Coordinate {})}
   Emission Color: <-GROUP:FabricRope001_1K group=FabricRope001_1K.005 {'Scale': 1.0, 'Aspect Ratio': 1.0, 'Global Rotation': 0.0, 'Roughness Adj.': 0.0, 'Normal Strength': 1.0} {UV<-(TEX_COORD:Texture Coordinate {})}
   Emission Strength: 1.0
   Specular IOR Level: 0.5
   Sheen Weight: 0.0
   images: ['FabricRope001_AO_1K.005(1024x1024)', 'FabricRope001_COL_1K.005(1024x1024)', 'FabricRope001_DISP16_1K.005(1024x1024)', 'FabricRope001_GLOSS_1K.005(1024x1024)', 'FabricRope001_NRM_1K.005(1024x1024)']
MAT GroundGravel008_6K  users={} examples=[]
   Base Color: <-CURVE_RGB:RGB Curves curves=[[(0.0, 0.0), (1.0, 1.0)], [(0.0, 0.0), (1.0, 1.0)], [(0.0, 0.0), (1.0, 1.0)], [(0.01, 0.0), (0.26, 0.08), (0.58, 0.39), (0.79, 0.7), (1.0, 1.0)]] {Fac=1.0, Color<-(MIX:Mix blend=LINEAR_LIGHT {Factor=0.6, A<-(GROUP:GroundGravel008_6K group=GroundGravel008_6K {'Scale': 0.5, 'Aspect Ratio': 1.0, 'Global Rotation': 0.0, 'Roughness Adj.': 0.0, 'Normal Strength': 1.0} {UV<-(TEX_COORD:Texture Coordinate {})}), B=[1.0, 0.744, 0.551, 1.0]})}
   Metallic: <-GROUP:GroundGravel008_6K group=GroundGravel008_6K {'Scale': 0.5, 'Aspect Ratio': 1.0, 'Global Rotation': 0.0, 'Roughness Adj.': 0.0, 'Normal Strength': 1.0} {UV<-(TEX_COORD:Texture Coordinate {})}
   Roughness: <-GROUP:GroundGravel008_6K group=GroundGravel008_6K {'Scale': 0.5, 'Aspect Ratio': 1.0, 'Global Rotation': 0.0, 'Roughness Adj.': 0.0, 'Normal Strength': 1.0} {UV<-(TEX_COORD:Texture Coordinate {})}
   IOR: 1.45
   Alpha: <-GROUP:GroundGravel008_6K group=GroundGravel008_6K {'Scale': 0.5, 'Aspect Ratio': 1.0, 'Global Rotation': 0.0, 'Roughness Adj.': 0.0, 'Normal Strength': 1.0} {UV<-(TEX_COORD:Texture Coordinate {})}
   Normal: <-GROUP:GroundGravel008_6K group=GroundGravel008_6K {'Scale': 0.5, 'Aspect Ratio': 1.0, 'Global Rotation': 0.0, 'Roughness Adj.': 0.0, 'Normal Strength': 1.0} {UV<-(TEX_COORD:Texture Coordinate {})}
   Anisotropic: 0.0
   Anisotropic Rotation: 0.0
   Coat Weight: 0.0
   Coat Roughness: 0.03
   Transmission Weight: <-GROUP:GroundGravel008_6K group=GroundGravel008_6K {'Scale': 0.5, 'Aspect Ratio': 1.0, 'Global Rotation': 0.0, 'Roughness Adj.': 0.0, 'Normal Strength': 1.0} {UV<-(TEX_COORD:Texture Coordinate {})}
   Specular IOR Level: 0.5
   Sheen Weight: 0.0
   images: ['GroundGravel008_AO_6K(6144x6144)', 'GroundGravel008_COL_VAR1_6K(6144x6144)', 'GroundGravel008_DISP_6K(6144x6144)', 'GroundGravel008_GLOSS_6K(6144x6144)', 'GroundGravel008_NRM_6K(6144x6144)']
MAT Leather_texture_beige\  users={'Strap Black Leather black buckle.002': 2} examples=[['leather strap.009[0]', 'leather strap.010[0]']]
   Base Color: <-RGB:RGB {}
   Metallic: 0.0
   Roughness: <-GROUP:FabricLeatherHorsehide001_4K group=FabricLeatherHorsehide001_4K.002 {'Scale': 1.0, 'Aspect Ratio': 1.0, 'Global Rotation': 0.0, 'Roughness Adj.': 0.0, 'Normal Strength': 1.0} {UV<-(MAPPING:Mapping.001 loc=[0.0, 0.0, 0.0] rot=[0.0, 0.0, 0.0] scale=[1.0, 1.0, 1.0] {Vector<-(TEX_COORD:Texture Coordinate.001 {})})}
   IOR: 1.5
   Alpha: 1.0
   Normal: <-NORMAL_MAP:Normal Map {Strength=1.0, Color<-(TEX_IMAGE:NORMAL image=FabricLeatherHorsehide001_NRM_4K.002 cs=Non-Color {Vector<-(MAPPING:Mapping.001 loc=[0.0, 0.0, 0.0] rot=[0.0, 0.0, 0.0] scale=[1.0, 1.0, 1.0] {Vector<-(TEX_COORD:Texture Coordinate.001 {})})})}
   Anisotropic: 0.0
   Anisotropic Rotation: 0.0
   Coat Weight: 0.0
   Coat Roughness: 0.03
   Transmission Weight: 0.0
   Emission Color: [1.0, 1.0, 1.0]
   Emission Strength: 0.0
   Specular IOR Level: 0.305
   Sheen Weight: 0.05
   images: ['FabricLeatherHorsehide001_AO_4K.002(4096x4096)', 'FabricLeatherHorsehide001_BUMP16_4K.002(4096x4096)', 'FabricLeatherHorsehide001_COL_VAR1_4K.002(4096x4096)', 'FabricLeatherHorsehide001_DISP16_4K.002(4096x4096)', 'FabricLeatherHorsehide001_GLOSS_4K.002(4096x4096)', 'FabricLeatherHorsehide001_NRM_4K.002(4096x4096)']
MAT Leather_texture_beige\.001  users={'Strap Black Leather black buckle.011': 2} examples=[['leather strap.043[0]', 'leather strap.044[0]']]
   Base Color: <-RGB:RGB {}
   Metallic: 0.0
   Roughness: <-GROUP:FabricLeatherHorsehide001_4K group=FabricLeatherHorsehide001_4K.001 {'Scale': 1.0, 'Aspect Ratio': 1.0, 'Global Rotation': 0.0, 'Roughness Adj.': 0.0, 'Normal Strength': 1.0} {UV<-(MAPPING:Mapping.001 loc=[0.0, 0.0, 0.0] rot=[0.0, 0.0, 0.0] scale=[1.0, 1.0, 1.0] {Vector<-(TEX_COORD:Texture Coordinate.001 {})})}
   IOR: 1.5
   Alpha: 1.0
   Normal: <-NORMAL_MAP:Normal Map {Strength=1.0, Color<-(TEX_IMAGE:NORMAL image=FabricLeatherHorsehide001_NRM_4K.001 cs=Non-Color {Vector<-(MAPPING:Mapping.001 loc=[0.0, 0.0, 0.0] rot=[0.0, 0.0, 0.0] scale=[1.0, 1.0, 1.0] {Vector<-(TEX_COORD:Texture Coordinate.001 {})})})}
   Anisotropic: 0.0
   Anisotropic Rotation: 0.0
   Coat Weight: 0.0
   Coat Roughness: 0.03
   Transmission Weight: 0.0
   Emission Color: [1.0, 1.0, 1.0]
   Emission Strength: 0.0
   Specular IOR Level: 0.305
   Sheen Weight: 0.05
   images: ['FabricLeatherHorsehide001_AO_4K.001(4096x4096)', 'FabricLeatherHorsehide001_BUMP16_4K.001(4096x4096)', 'FabricLeatherHorsehide001_COL_VAR1_4K.001(4096x4096)', 'FabricLeatherHorsehide001_DISP16_4K.001(4096x4096)', 'FabricLeatherHorsehide001_GLOSS_4K.001(4096x4096)', 'FabricLeatherHorsehide001_NRM_4K.001(4096x4096)']
MAT Leather_texture_beige\.002  users={'leather beige with rose gold': 2} examples=[['leather strap.063[0]', 'leather strap.064[0]']]
   Base Color: <-RGB:RGB {}
   Metallic: 0.0
   Roughness: <-GROUP:FabricLeatherHorsehide001_4K group=FabricLeatherHorsehide001_4K.003 {'Scale': 1.0, 'Aspect Ratio': 1.0, 'Global Rotation': 0.0, 'Roughness Adj.': 0.0, 'Normal Strength': 1.0} {UV<-(MAPPING:Mapping.001 loc=[0.0, 0.0, 0.0] rot=[0.0, 0.0, 0.0] scale=[1.0, 1.0, 1.0] {Vector<-(TEX_COORD:Texture Coordinate.001 {})})}
   IOR: 1.5
   Alpha: 1.0
   Normal: <-NORMAL_MAP:Normal Map {Strength=1.0, Color<-(TEX_IMAGE:NORMAL image=FabricLeatherHorsehide001_NRM_4K.003 cs=Non-Color {Vector<-(MAPPING:Mapping.001 loc=[0.0, 0.0, 0.0] rot=[0.0, 0.0, 0.0] scale=[1.0, 1.0, 1.0] {Vector<-(TEX_COORD:Texture Coordinate.001 {})})})}
   Anisotropic: 0.0
   Anisotropic Rotation: 0.0
   Coat Weight: 0.0
   Coat Roughness: 0.03
   Transmission Weight: 0.0
   Emission Color: [1.0, 1.0, 1.0]
   Emission Strength: 0.0
   Specular IOR Level: 0.305
   Sheen Weight: 0.05
   images: ['FabricLeatherHorsehide001_AO_4K.003(4096x4096)', 'FabricLeatherHorsehide001_BUMP16_4K.003(4096x4096)', 'FabricLeatherHorsehide001_COL_VAR1_4K.003(4096x4096)', 'FabricLeatherHorsehide001_DISP16_4K.003(4096x4096)', 'FabricLeatherHorsehide001_GLOSS_4K.003(4096x4096)', 'FabricLeatherHorsehide001_NRM_4K.003(4096x4096)']
MAT Leather_texture_black  users={'Strap Black Leather black buckle': 2, 'Strap Black Leather black buckle.001': 2, 'Strap Black Leather gold buckle.001': 2, 'Strap Black Leather black buckle.003': 2, 'Strap Black Leather black buckle.004': 2} examples=[['leather strap.001[0]', 'leather strap.002[0]'], ['leather strap.007[0]', 'leather strap.008[0]']]
   Base Color: [0.01, 0.01, 0.01]
   Metallic: 0.0
   Roughness: <-GROUP:FabricLeatherHorsehide001_4K group=FabricLeatherHorsehide001_4K.002 {'Scale': 1.0, 'Aspect Ratio': 1.0, 'Global Rotation': 0.0, 'Roughness Adj.': 0.0, 'Normal Strength': 1.0} {UV<-(MAPPING:Mapping.001 loc=[0.0, 0.0, 0.0] rot=[0.0, 0.0, 0.0] scale=[1.0, 1.0, 1.0] {Vector<-(TEX_COORD:Texture Coordinate.001 {})})}
   IOR: 1.5
   Alpha: 1.0
   Normal: <-NORMAL_MAP:Normal Map {Strength=1.0, Color<-(TEX_IMAGE:NORMAL image=FabricLeatherHorsehide001_NRM_4K.002 cs=Non-Color {Vector<-(MAPPING:Mapping.001 loc=[0.0, 0.0, 0.0] rot=[0.0, 0.0, 0.0] scale=[1.0, 1.0, 1.0] {Vector<-(TEX_COORD:Texture Coordinate.001 {})})})}
   Anisotropic: 0.0
   Anisotropic Rotation: 0.0
   Coat Weight: 0.0
   Coat Roughness: 0.03
   Transmission Weight: 0.0
   Emission Color: [1.0, 1.0, 1.0]
   Emission Strength: 0.0
   Specular IOR Level: 0.305
   Sheen Weight: 0.05
   images: ['FabricLeatherHorsehide001_AO_4K.002(4096x4096)', 'FabricLeatherHorsehide001_BUMP16_4K.002(4096x4096)', 'FabricLeatherHorsehide001_COL_VAR1_4K.002(4096x4096)', 'FabricLeatherHorsehide001_DISP16_4K.002(4096x4096)', 'FabricLeatherHorsehide001_GLOSS_4K.002(4096x4096)', 'FabricLeatherHorsehide001_NRM_4K.002(4096x4096)']
MAT Leather_texture_black.001  users={'Strap Black Leather black buckle.009': 2, 'Strap Black Leather black buckle.010': 2, 'Strap Black Leather gold buckle.004': 2, 'Strap Black Leather black buckle.012': 2, 'Strap Black Leather black buckle.013': 2} examples=[['leather strap.031[0]', 'leather strap.032[0]'], ['leather strap.037[0]', 'leather strap.038[0]']]
   Base Color: [0.01, 0.01, 0.01]
   Metallic: 0.0
   Roughness: <-GROUP:FabricLeatherHorsehide001_4K group=FabricLeatherHorsehide001_4K.001 {'Scale': 1.0, 'Aspect Ratio': 1.0, 'Global Rotation': 0.0, 'Roughness Adj.': 0.0, 'Normal Strength': 1.0} {UV<-(MAPPING:Mapping.001 loc=[0.0, 0.0, 0.0] rot=[0.0, 0.0, 0.0] scale=[1.0, 1.0, 1.0] {Vector<-(TEX_COORD:Texture Coordinate.001 {})})}
   IOR: 1.5
   Alpha: 1.0
   Normal: <-NORMAL_MAP:Normal Map {Strength=1.0, Color<-(TEX_IMAGE:NORMAL image=FabricLeatherHorsehide001_NRM_4K.001 cs=Non-Color {Vector<-(MAPPING:Mapping.001 loc=[0.0, 0.0, 0.0] rot=[0.0, 0.0, 0.0] scale=[1.0, 1.0, 1.0] {Vector<-(TEX_COORD:Texture Coordinate.001 {})})})}
   Anisotropic: 0.0
   Anisotropic Rotation: 0.0
   Coat Weight: 0.0
   Coat Roughness: 0.03
   Transmission Weight: 0.0
   Emission Color: [1.0, 1.0, 1.0]
   Emission Strength: 0.0
   Specular IOR Level: 0.305
   Sheen Weight: 0.05
   images: ['FabricLeatherHorsehide001_AO_4K.001(4096x4096)', 'FabricLeatherHorsehide001_BUMP16_4K.001(4096x4096)', 'FabricLeatherHorsehide001_COL_VAR1_4K.001(4096x4096)', 'FabricLeatherHorsehide001_DISP16_4K.001(4096x4096)', 'FabricLeatherHorsehide001_GLOSS_4K.001(4096x4096)', 'FabricLeatherHorsehide001_NRM_4K.001(4096x4096)']
MAT Leather_texture_black.002  users={'leather black with black': 2, 'leather black with rose gold': 2, 'leather black with silver': 2, 'leather black with gold': 2} examples=[['leather strap.053[0]', 'leather strap.054[0]'], ['leather strap.055[0]', 'leather strap.056[0]']]
   Base Color: [0.01, 0.01, 0.01]
   Metallic: 0.0
   Roughness: <-GROUP:FabricLeatherHorsehide001_4K group=FabricLeatherHorsehide001_4K.003 {'Scale': 1.0, 'Aspect Ratio': 1.0, 'Global Rotation': 0.0, 'Roughness Adj.': 0.0, 'Normal Strength': 1.0} {UV<-(MAPPING:Mapping.001 loc=[0.0, 0.0, 0.0] rot=[0.0, 0.0, 0.0] scale=[1.0, 1.0, 1.0] {Vector<-(TEX_COORD:Texture Coordinate.001 {})})}
   IOR: 1.5
   Alpha: 1.0
   Normal: <-NORMAL_MAP:Normal Map {Strength=1.0, Color<-(TEX_IMAGE:NORMAL image=FabricLeatherHorsehide001_NRM_4K.003 cs=Non-Color {Vector<-(MAPPING:Mapping.001 loc=[0.0, 0.0, 0.0] rot=[0.0, 0.0, 0.0] scale=[1.0, 1.0, 1.0] {Vector<-(TEX_COORD:Texture Coordinate.001 {})})})}
   Anisotropic: 0.0
   Anisotropic Rotation: 0.0
   Coat Weight: 0.0
   Coat Roughness: 0.03
   Transmission Weight: 0.0
   Emission Color: [1.0, 1.0, 1.0]
   Emission Strength: 0.0
   Specular IOR Level: 0.305
   Sheen Weight: 0.05
   images: ['FabricLeatherHorsehide001_AO_4K.003(4096x4096)', 'FabricLeatherHorsehide001_BUMP16_4K.003(4096x4096)', 'FabricLeatherHorsehide001_COL_VAR1_4K.003(4096x4096)', 'FabricLeatherHorsehide001_DISP16_4K.003(4096x4096)', 'FabricLeatherHorsehide001_GLOSS_4K.003(4096x4096)', 'FabricLeatherHorsehide001_NRM_4K.003(4096x4096)']
MAT Leather_texture_dark brown  users={'Strap Brown Leather black buckle.001': 2} examples=[['leather strap.003[0]', 'leather strap.004[0]']]
   Base Color: <-RGB:RGB {}
   Metallic: 0.0
   Roughness: <-GROUP:FabricLeatherHorsehide001_4K group=FabricLeatherHorsehide001_4K.002 {'Scale': 1.0, 'Aspect Ratio': 1.0, 'Global Rotation': 0.0, 'Roughness Adj.': 0.0, 'Normal Strength': 1.0} {UV<-(MAPPING:Mapping.001 loc=[0.0, 0.0, 0.0] rot=[0.0, 0.0, 0.0] scale=[1.0, 1.0, 1.0] {Vector<-(TEX_COORD:Texture Coordinate.001 {})})}
   IOR: 1.5
   Alpha: 1.0
   Normal: <-NORMAL_MAP:Normal Map {Strength=1.0, Color<-(TEX_IMAGE:NORMAL image=FabricLeatherHorsehide001_NRM_4K.002 cs=Non-Color {Vector<-(MAPPING:Mapping.001 loc=[0.0, 0.0, 0.0] rot=[0.0, 0.0, 0.0] scale=[1.0, 1.0, 1.0] {Vector<-(TEX_COORD:Texture Coordinate.001 {})})})}
   Anisotropic: 0.0
   Anisotropic Rotation: 0.0
   Coat Weight: 0.0
   Coat Roughness: 0.03
   Transmission Weight: 0.0
   Emission Color: [1.0, 1.0, 1.0]
   Emission Strength: 0.0
   Specular IOR Level: 0.305
   Sheen Weight: 0.05
   images: ['FabricLeatherHorsehide001_AO_4K.002(4096x4096)', 'FabricLeatherHorsehide001_BUMP16_4K.002(4096x4096)', 'FabricLeatherHorsehide001_COL_VAR1_4K.002(4096x4096)', 'FabricLeatherHorsehide001_DISP16_4K.002(4096x4096)', 'FabricLeatherHorsehide001_GLOSS_4K.002(4096x4096)', 'FabricLeatherHorsehide001_NRM_4K.002(4096x4096)']
MAT Leather_texture_dark brown.001  users={'Strap Brown Leather black buckle.002': 2} examples=[['leather strap.049[0]', 'leather strap.050[0]']]
   Base Color: <-RGB:RGB {}
   Metallic: 0.0
   Roughness: <-GROUP:FabricLeatherHorsehide001_4K group=FabricLeatherHorsehide001_4K.001 {'Scale': 1.0, 'Aspect Ratio': 1.0, 'Global Rotation': 0.0, 'Roughness Adj.': 0.0, 'Normal Strength': 1.0} {UV<-(MAPPING:Mapping.001 loc=[0.0, 0.0, 0.0] rot=[0.0, 0.0, 0.0] scale=[1.0, 1.0, 1.0] {Vector<-(TEX_COORD:Texture Coordinate.001 {})})}
   IOR: 1.5
   Alpha: 1.0
   Normal: <-NORMAL_MAP:Normal Map {Strength=1.0, Color<-(TEX_IMAGE:NORMAL image=FabricLeatherHorsehide001_NRM_4K.001 cs=Non-Color {Vector<-(MAPPING:Mapping.001 loc=[0.0, 0.0, 0.0] rot=[0.0, 0.0, 0.0] scale=[1.0, 1.0, 1.0] {Vector<-(TEX_COORD:Texture Coordinate.001 {})})})}
   Anisotropic: 0.0
   Anisotropic Rotation: 0.0
   Coat Weight: 0.0
   Coat Roughness: 0.03
   Transmission Weight: 0.0
   Emission Color: [1.0, 1.0, 1.0]
   Emission Strength: 0.0
   Specular IOR Level: 0.305
   Sheen Weight: 0.05
   images: ['FabricLeatherHorsehide001_AO_4K.001(4096x4096)', 'FabricLeatherHorsehide001_BUMP16_4K.001(4096x4096)', 'FabricLeatherHorsehide001_COL_VAR1_4K.001(4096x4096)', 'FabricLeatherHorsehide001_DISP16_4K.001(4096x4096)', 'FabricLeatherHorsehide001_GLOSS_4K.001(4096x4096)', 'FabricLeatherHorsehide001_NRM_4K.001(4096x4096)']
MAT Leather_texture_grey  users={'Strap White Leather black buckle.003': 2} examples=[['leather strap.019[0]', 'leather strap.020[0]']]
   Base Color: [0.144, 0.144, 0.144]
   Metallic: 0.0
   Roughness: <-GROUP:FabricLeatherHorsehide001_4K group=FabricLeatherHorsehide001_4K.002 {'Scale': 1.0, 'Aspect Ratio': 1.0, 'Global Rotation': 0.0, 'Roughness Adj.': 0.0, 'Normal Strength': 1.0} {UV<-(MAPPING:Mapping.001 loc=[0.0, 0.0, 0.0] rot=[0.0, 0.0, 0.0] scale=[1.0, 1.0, 1.0] {Vector<-(TEX_COORD:Texture Coordinate.001 {})})}
   IOR: 1.5
   Alpha: 1.0
   Normal: <-NORMAL_MAP:Normal Map {Strength=1.0, Color<-(TEX_IMAGE:NORMAL image=FabricLeatherHorsehide001_NRM_4K.002 cs=Non-Color {Vector<-(MAPPING:Mapping.001 loc=[0.0, 0.0, 0.0] rot=[0.0, 0.0, 0.0] scale=[1.0, 1.0, 1.0] {Vector<-(TEX_COORD:Texture Coordinate.001 {})})})}
   Anisotropic: 0.0
   Anisotropic Rotation: 0.0
   Coat Weight: 0.0
   Coat Roughness: 0.03
   Transmission Weight: 0.0
   Emission Color: [1.0, 1.0, 1.0]
   Emission Strength: 0.0
   Specular IOR Level: 0.305
   Sheen Weight: 0.05
   images: ['FabricLeatherHorsehide001_AO_4K.002(4096x4096)', 'FabricLeatherHorsehide001_BUMP16_4K.002(4096x4096)', 'FabricLeatherHorsehide001_COL_VAR1_4K.002(4096x4096)', 'FabricLeatherHorsehide001_DISP16_4K.002(4096x4096)', 'FabricLeatherHorsehide001_GLOSS_4K.002(4096x4096)', 'FabricLeatherHorsehide001_NRM_4K.002(4096x4096)']
MAT Leather_texture_grey.001  users={'Strap White Leather black buckle.004': 2} examples=[['leather strap.033[0]', 'leather strap.034[0]']]
   Base Color: [0.144, 0.144, 0.144]
   Metallic: 0.0
   Roughness: <-GROUP:FabricLeatherHorsehide001_4K group=FabricLeatherHorsehide001_4K.001 {'Scale': 1.0, 'Aspect Ratio': 1.0, 'Global Rotation': 0.0, 'Roughness Adj.': 0.0, 'Normal Strength': 1.0} {UV<-(MAPPING:Mapping.001 loc=[0.0, 0.0, 0.0] rot=[0.0, 0.0, 0.0] scale=[1.0, 1.0, 1.0] {Vector<-(TEX_COORD:Texture Coordinate.001 {})})}
   IOR: 1.5
   Alpha: 1.0
   Normal: <-NORMAL_MAP:Normal Map {Strength=1.0, Color<-(TEX_IMAGE:NORMAL image=FabricLeatherHorsehide001_NRM_4K.001 cs=Non-Color {Vector<-(MAPPING:Mapping.001 loc=[0.0, 0.0, 0.0] rot=[0.0, 0.0, 0.0] scale=[1.0, 1.0, 1.0] {Vector<-(TEX_COORD:Texture Coordinate.001 {})})})}
   Anisotropic: 0.0
   Anisotropic Rotation: 0.0
   Coat Weight: 0.0
   Coat Roughness: 0.03
   Transmission Weight: 0.0
   Emission Color: [1.0, 1.0, 1.0]
   Emission Strength: 0.0
   Specular IOR Level: 0.305
   Sheen Weight: 0.05
   images: ['FabricLeatherHorsehide001_AO_4K.001(4096x4096)', 'FabricLeatherHorsehide001_BUMP16_4K.001(4096x4096)', 'FabricLeatherHorsehide001_COL_VAR1_4K.001(4096x4096)', 'FabricLeatherHorsehide001_DISP16_4K.001(4096x4096)', 'FabricLeatherHorsehide001_GLOSS_4K.001(4096x4096)', 'FabricLeatherHorsehide001_NRM_4K.001(4096x4096)']
MAT Leather_texture_peach  users={'Strap Black Leather black buckle.006': 2} examples=[['leather strap.025[0]', 'leather strap.026[0]']]
   Base Color: <-RGB:RGB {}
   Metallic: 0.0
   Roughness: <-GROUP:FabricLeatherHorsehide001_4K group=FabricLeatherHorsehide001_4K.002 {'Scale': 1.0, 'Aspect Ratio': 1.0, 'Global Rotation': 0.0, 'Roughness Adj.': 0.0, 'Normal Strength': 1.0} {UV<-(MAPPING:Mapping.001 loc=[0.0, 0.0, 0.0] rot=[0.0, 0.0, 0.0] scale=[1.0, 1.0, 1.0] {Vector<-(TEX_COORD:Texture Coordinate.001 {})})}
   IOR: 1.5
   Alpha: 1.0
   Normal: <-NORMAL_MAP:Normal Map {Strength=1.0, Color<-(TEX_IMAGE:NORMAL image=FabricLeatherHorsehide001_NRM_4K.002 cs=Non-Color {Vector<-(MAPPING:Mapping.001 loc=[0.0, 0.0, 0.0] rot=[0.0, 0.0, 0.0] scale=[1.0, 1.0, 1.0] {Vector<-(TEX_COORD:Texture Coordinate.001 {})})})}
   Anisotropic: 0.0
   Anisotropic Rotation: 0.0
   Coat Weight: 0.0
   Coat Roughness: 0.03
   Transmission Weight: 0.0
   Emission Color: [1.0, 1.0, 1.0]
   Emission Strength: 0.0
   Specular IOR Level: 0.305
   Sheen Weight: 0.05
   images: ['FabricLeatherHorsehide001_AO_4K.002(4096x4096)', 'FabricLeatherHorsehide001_BUMP16_4K.002(4096x4096)', 'FabricLeatherHorsehide001_COL_VAR1_4K.002(4096x4096)', 'FabricLeatherHorsehide001_DISP16_4K.002(4096x4096)', 'FabricLeatherHorsehide001_GLOSS_4K.002(4096x4096)', 'FabricLeatherHorsehide001_NRM_4K.002(4096x4096)']
MAT Leather_texture_peach.001  users={'Strap Black Leather black buckle.007': 2} examples=[['leather strap.027[0]', 'leather strap.028[0]']]
   Base Color: <-RGB:RGB {}
   Metallic: 0.0
   Roughness: <-GROUP:FabricLeatherHorsehide001_4K group=FabricLeatherHorsehide001_4K.001 {'Scale': 1.0, 'Aspect Ratio': 1.0, 'Global Rotation': 0.0, 'Roughness Adj.': 0.0, 'Normal Strength': 1.0} {UV<-(MAPPING:Mapping.001 loc=[0.0, 0.0, 0.0] rot=[0.0, 0.0, 0.0] scale=[1.0, 1.0, 1.0] {Vector<-(TEX_COORD:Texture Coordinate.001 {})})}
   IOR: 1.5
   Alpha: 1.0
   Normal: <-NORMAL_MAP:Normal Map {Strength=1.0, Color<-(TEX_IMAGE:NORMAL image=FabricLeatherHorsehide001_NRM_4K.001 cs=Non-Color {Vector<-(MAPPING:Mapping.001 loc=[0.0, 0.0, 0.0] rot=[0.0, 0.0, 0.0] scale=[1.0, 1.0, 1.0] {Vector<-(TEX_COORD:Texture Coordinate.001 {})})})}
   Anisotropic: 0.0
   Anisotropic Rotation: 0.0
   Coat Weight: 0.0
   Coat Roughness: 0.03
   Transmission Weight: 0.0
   Emission Color: [1.0, 1.0, 1.0]
   Emission Strength: 0.0
   Specular IOR Level: 0.305
   Sheen Weight: 0.05
   images: ['FabricLeatherHorsehide001_AO_4K.001(4096x4096)', 'FabricLeatherHorsehide001_BUMP16_4K.001(4096x4096)', 'FabricLeatherHorsehide001_COL_VAR1_4K.001(4096x4096)', 'FabricLeatherHorsehide001_DISP16_4K.001(4096x4096)', 'FabricLeatherHorsehide001_GLOSS_4K.001(4096x4096)', 'FabricLeatherHorsehide001_NRM_4K.001(4096x4096)']
MAT Leather_texture_pink  users={'Strap Black Leather black buckle.005': 2} examples=[['leather strap.023[0]', 'leather strap.024[0]']]
   Base Color: <-RGB:RGB {}
   Metallic: 0.0
   Roughness: <-GROUP:FabricLeatherHorsehide001_4K group=FabricLeatherHorsehide001_4K.002 {'Scale': 1.0, 'Aspect Ratio': 1.0, 'Global Rotation': 0.0, 'Roughness Adj.': 0.0, 'Normal Strength': 1.0} {UV<-(MAPPING:Mapping.001 loc=[0.0, 0.0, 0.0] rot=[0.0, 0.0, 0.0] scale=[1.0, 1.0, 1.0] {Vector<-(TEX_COORD:Texture Coordinate.001 {})})}
   IOR: 1.5
   Alpha: 1.0
   Normal: <-NORMAL_MAP:Normal Map {Strength=1.0, Color<-(TEX_IMAGE:NORMAL image=FabricLeatherHorsehide001_NRM_4K.002 cs=Non-Color {Vector<-(MAPPING:Mapping.001 loc=[0.0, 0.0, 0.0] rot=[0.0, 0.0, 0.0] scale=[1.0, 1.0, 1.0] {Vector<-(TEX_COORD:Texture Coordinate.001 {})})})}
   Anisotropic: 0.0
   Anisotropic Rotation: 0.0
   Coat Weight: 0.0
   Coat Roughness: 0.03
   Transmission Weight: 0.0
   Emission Color: [1.0, 1.0, 1.0]
   Emission Strength: 0.0
   Specular IOR Level: 0.305
   Sheen Weight: 0.05
   images: ['FabricLeatherHorsehide001_AO_4K.002(4096x4096)', 'FabricLeatherHorsehide001_BUMP16_4K.002(4096x4096)', 'FabricLeatherHorsehide001_COL_VAR1_4K.002(4096x4096)', 'FabricLeatherHorsehide001_DISP16_4K.002(4096x4096)', 'FabricLeatherHorsehide001_GLOSS_4K.002(4096x4096)', 'FabricLeatherHorsehide001_NRM_4K.002(4096x4096)']
MAT Leather_texture_pink.001  users={'Strap Black Leather black buckle.008': 2} examples=[['leather strap.029[0]', 'leather strap.030[0]']]
   Base Color: <-RGB:RGB {}
   Metallic: 0.0
   Roughness: <-GROUP:FabricLeatherHorsehide001_4K group=FabricLeatherHorsehide001_4K.001 {'Scale': 1.0, 'Aspect Ratio': 1.0, 'Global Rotation': 0.0, 'Roughness Adj.': 0.0, 'Normal Strength': 1.0} {UV<-(MAPPING:Mapping.001 loc=[0.0, 0.0, 0.0] rot=[0.0, 0.0, 0.0] scale=[1.0, 1.0, 1.0] {Vector<-(TEX_COORD:Texture Coordinate.001 {})})}
   IOR: 1.5
   Alpha: 1.0
   Normal: <-NORMAL_MAP:Normal Map {Strength=1.0, Color<-(TEX_IMAGE:NORMAL image=FabricLeatherHorsehide001_NRM_4K.001 cs=Non-Color {Vector<-(MAPPING:Mapping.001 loc=[0.0, 0.0, 0.0] rot=[0.0, 0.0, 0.0] scale=[1.0, 1.0, 1.0] {Vector<-(TEX_COORD:Texture Coordinate.001 {})})})}
   Anisotropic: 0.0
   Anisotropic Rotation: 0.0
   Coat Weight: 0.0
   Coat Roughness: 0.03
   Transmission Weight: 0.0
   Emission Color: [1.0, 1.0, 1.0]
   Emission Strength: 0.0
   Specular IOR Level: 0.305
   Sheen Weight: 0.05
   images: ['FabricLeatherHorsehide001_AO_4K.001(4096x4096)', 'FabricLeatherHorsehide001_BUMP16_4K.001(4096x4096)', 'FabricLeatherHorsehide001_COL_VAR1_4K.001(4096x4096)', 'FabricLeatherHorsehide001_DISP16_4K.001(4096x4096)', 'FabricLeatherHorsehide001_GLOSS_4K.001(4096x4096)', 'FabricLeatherHorsehide001_NRM_4K.001(4096x4096)']
MAT Leather_texture_pink.002  users={'leather pink with rose gold': 2} examples=[['leather strap.065[0]', 'leather strap.066[0]']]
   Base Color: <-RGB:RGB {}
   Metallic: 0.0
   Roughness: <-GROUP:FabricLeatherHorsehide001_4K group=FabricLeatherHorsehide001_4K.004 {'Scale': 1.0, 'Aspect Ratio': 1.0, 'Global Rotation': 0.0, 'Roughness Adj.': 0.0, 'Normal Strength': 1.0} {UV<-(MAPPING:Mapping.001 loc=[0.0, 0.0, 0.0] rot=[0.0, 0.0, 0.0] scale=[1.0, 1.0, 1.0] {Vector<-(TEX_COORD:Texture Coordinate.001 {})})}
   IOR: 1.5
   Alpha: 1.0
   Normal: <-NORMAL_MAP:Normal Map {Strength=1.0, Color<-(TEX_IMAGE:NORMAL image=FabricLeatherHorsehide001_NRM_4K.004 cs=Non-Color {Vector<-(MAPPING:Mapping.001 loc=[0.0, 0.0, 0.0] rot=[0.0, 0.0, 0.0] scale=[1.0, 1.0, 1.0] {Vector<-(TEX_COORD:Texture Coordinate.001 {})})})}
   Anisotropic: 0.0
   Anisotropic Rotation: 0.0
   Coat Weight: 0.0
   Coat Roughness: 0.03
   Transmission Weight: 0.0
   Emission Color: [1.0, 1.0, 1.0]
   Emission Strength: 0.0
   Specular IOR Level: 0.305
   Sheen Weight: 0.05
   images: ['FabricLeatherHorsehide001_AO_4K.004(4096x4096)', 'FabricLeatherHorsehide001_BUMP16_4K.004(4096x4096)', 'FabricLeatherHorsehide001_COL_VAR1_4K.004(4096x4096)', 'FabricLeatherHorsehide001_DISP16_4K.004(4096x4096)', 'FabricLeatherHorsehide001_GLOSS_4K.004(4096x4096)', 'FabricLeatherHorsehide001_NRM_4K.004(4096x4096)']
MAT Leather_texture_white  users={'Strap White Leather black buckle.002': 2, 'Strap White Leather black buckle.001': 2} examples=[['leather strap.005[0]', 'leather strap.006[0]'], ['leather strap.017[0]', 'leather strap.018[0]']]
   Base Color: [0.784, 0.784, 0.784]
   Metallic: 0.0
   Roughness: <-GROUP:FabricLeatherHorsehide001_4K group=FabricLeatherHorsehide001_4K.002 {'Scale': 1.0, 'Aspect Ratio': 1.0, 'Global Rotation': 0.0, 'Roughness Adj.': 0.0, 'Normal Strength': 1.0} {UV<-(MAPPING:Mapping.001 loc=[0.0, 0.0, 0.0] rot=[0.0, 0.0, 0.0] scale=[1.0, 1.0, 1.0] {Vector<-(TEX_COORD:Texture Coordinate.001 {})})}
   IOR: 1.5
   Alpha: 1.0
   Normal: <-NORMAL_MAP:Normal Map {Strength=1.0, Color<-(TEX_IMAGE:NORMAL image=FabricLeatherHorsehide001_NRM_4K.002 cs=Non-Color {Vector<-(MAPPING:Mapping.001 loc=[0.0, 0.0, 0.0] rot=[0.0, 0.0, 0.0] scale=[1.0, 1.0, 1.0] {Vector<-(TEX_COORD:Texture Coordinate.001 {})})})}
   Anisotropic: 0.0
   Anisotropic Rotation: 0.0
   Coat Weight: 0.0
   Coat Roughness: 0.03
   Transmission Weight: 0.0
   Emission Color: [1.0, 1.0, 1.0]
   Emission Strength: 0.0
   Specular IOR Level: 0.305
   Sheen Weight: 0.05
   images: ['FabricLeatherHorsehide001_AO_4K.002(4096x4096)', 'FabricLeatherHorsehide001_BUMP16_4K.002(4096x4096)', 'FabricLeatherHorsehide001_COL_VAR1_4K.002(4096x4096)', 'FabricLeatherHorsehide001_DISP16_4K.002(4096x4096)', 'FabricLeatherHorsehide001_GLOSS_4K.002(4096x4096)', 'FabricLeatherHorsehide001_NRM_4K.002(4096x4096)']
MAT Leather_texture_white.001  users={'Strap White Leather black buckle.006': 2, 'Strap White Leather black buckle.005': 2} examples=[['leather strap.035[0]', 'leather strap.036[0]'], ['leather strap.047[0]', 'leather strap.048[0]']]
   Base Color: [0.784, 0.784, 0.784]
   Metallic: 0.0
   Roughness: <-GROUP:FabricLeatherHorsehide001_4K group=FabricLeatherHorsehide001_4K.001 {'Scale': 1.0, 'Aspect Ratio': 1.0, 'Global Rotation': 0.0, 'Roughness Adj.': 0.0, 'Normal Strength': 1.0} {UV<-(MAPPING:Mapping.001 loc=[0.0, 0.0, 0.0] rot=[0.0, 0.0, 0.0] scale=[1.0, 1.0, 1.0] {Vector<-(TEX_COORD:Texture Coordinate.001 {})})}
   IOR: 1.5
   Alpha: 1.0
   Normal: <-NORMAL_MAP:Normal Map {Strength=1.0, Color<-(TEX_IMAGE:NORMAL image=FabricLeatherHorsehide001_NRM_4K.001 cs=Non-Color {Vector<-(MAPPING:Mapping.001 loc=[0.0, 0.0, 0.0] rot=[0.0, 0.0, 0.0] scale=[1.0, 1.0, 1.0] {Vector<-(TEX_COORD:Texture Coordinate.001 {})})})}
   Anisotropic: 0.0
   Anisotropic Rotation: 0.0
   Coat Weight: 0.0
   Coat Roughness: 0.03
   Transmission Weight: 0.0
   Emission Color: [1.0, 1.0, 1.0]
   Emission Strength: 0.0
   Specular IOR Level: 0.305
   Sheen Weight: 0.05
   images: ['FabricLeatherHorsehide001_AO_4K.001(4096x4096)', 'FabricLeatherHorsehide001_BUMP16_4K.001(4096x4096)', 'FabricLeatherHorsehide001_COL_VAR1_4K.001(4096x4096)', 'FabricLeatherHorsehide001_DISP16_4K.001(4096x4096)', 'FabricLeatherHorsehide001_GLOSS_4K.001(4096x4096)', 'FabricLeatherHorsehide001_NRM_4K.001(4096x4096)']
MAT Leather_texture_white.002  users={'leather white with silver': 2} examples=[['leather strap.057[0]', 'leather strap.058[0]']]
   Base Color: [0.95, 0.95, 0.95]
   Metallic: 0.0
   Roughness: <-GROUP:FabricLeatherHorsehide001_4K group=FabricLeatherHorsehide001_4K.003 {'Scale': 1.0, 'Aspect Ratio': 1.0, 'Global Rotation': 0.0, 'Roughness Adj.': 0.0, 'Normal Strength': 1.0} {UV<-(MAPPING:Mapping.001 loc=[0.0, 0.0, 0.0] rot=[0.0, 0.0, 0.0] scale=[1.0, 1.0, 1.0] {Vector<-(TEX_COORD:Texture Coordinate.001 {})})}
   IOR: 1.5
   Alpha: 1.0
   Normal: <-NORMAL_MAP:Normal Map {Strength=1.0, Color<-(TEX_IMAGE:NORMAL image=FabricLeatherHorsehide001_NRM_4K.003 cs=Non-Color {Vector<-(MAPPING:Mapping.001 loc=[0.0, 0.0, 0.0] rot=[0.0, 0.0, 0.0] scale=[1.0, 1.0, 1.0] {Vector<-(TEX_COORD:Texture Coordinate.001 {})})})}
   Anisotropic: 0.0
   Anisotropic Rotation: 0.0
   Coat Weight: 0.0
   Coat Roughness: 0.03
   Transmission Weight: 0.0
   Emission Color: [1.0, 1.0, 1.0]
   Emission Strength: 0.0
   Specular IOR Level: 0.305
   Sheen Weight: 0.05
   images: ['FabricLeatherHorsehide001_AO_4K.003(4096x4096)', 'FabricLeatherHorsehide001_BUMP16_4K.003(4096x4096)', 'FabricLeatherHorsehide001_COL_VAR1_4K.003(4096x4096)', 'FabricLeatherHorsehide001_DISP16_4K.003(4096x4096)', 'FabricLeatherHorsehide001_GLOSS_4K.003(4096x4096)', 'FabricLeatherHorsehide001_NRM_4K.003(4096x4096)']
MAT Material  users={'master parent.002': 1} examples=[['watch base_numbers backplate[0]']]
   Base Color: <-MIX:Mix blend=MIX {Factor=0.5, A<-(VALTORGB:Color Ramp {Fac<-(TEX_NOISE:Noise Texture {Vector<-(MAPPING:Mapping loc=[0.0, 0.0, 0.0] rot=[0.0, 0.0, 0.0] scale=[1.0, 1.0, 1.0] {Vector<-(TEX_COORD:Texture Coordinate)})})}), B<-(VALTORGB:Color Ramp.001 {Fac<-(TEX_NOISE:Noise Texture.001 {Vector<-(MAPPING:Mapping)})})}
   Metallic: 0.0
   Roughness: 0.232
   IOR: 1.45
   Alpha: 1.0
   Normal: [0.0, 0.0, 0.0]
   Anisotropic: 0.0
   Anisotropic Rotation: 0.0
   Coat Weight: 0.0
   Coat Roughness: 0.03
   Transmission Weight: 0.0
   Specular IOR Level: 0.5
   Sheen Weight: 0.0
   images: []
MAT Material.005  users={'Plane.026': 1} examples=[['Plane.026[0]']]
   shader=MIX_SHADER -> MIX_SHADER:Mix Shader {Fac<-(LIGHT_PATH:Light Path {}), Shader<-(BSDF_PRINCIPLED:Principled BSDF.001 {}), Shader<-(BSDF_PRINCIPLED:Principled BSDF {})}
MAT Material.006  users={'cam 10 parent': 1} examples=[['Plane.001[0]']]
   Base Color: [0.217, 0.217, 0.217]
   Metallic: 0.0
   Roughness: 0.5
   IOR: 1.5
   Alpha: 1.0
   Normal: [0.0, 0.0, 0.0]
   Anisotropic: 0.0
   Anisotropic Rotation: 0.0
   Coat Weight: 0.0
   Coat Roughness: 0.03
   Transmission Weight: 0.0
   Emission Color: [1.0, 1.0, 1.0]
   Emission Strength: 0.0
   Specular IOR Level: 0.5
   Sheen Weight: 0.0
   images: []
MAT Material.007  users={'Hiding Boxes': 1} examples=[['Hiding Boxes[0]']]
   Base Color: [0.142, 0.142, 0.142]
   Metallic: 0.0
   Roughness: 0.5
   IOR: 1.5
   Alpha: 1.0
   Normal: [0.0, 0.0, 0.0]
   Anisotropic: 0.0
   Anisotropic Rotation: 0.0
   Coat Weight: 0.0
   Coat Roughness: 0.03
   Transmission Weight: 0.0
   Emission Color: [1.0, 1.0, 1.0]
   Emission Strength: 0.0
   Specular IOR Level: 0.5
   Sheen Weight: 0.0
   images: []
MAT Material.008  users={'Plane.002': 1} examples=[['Plane.002[0]']]
   shader=BSDF_TRANSLUCENT -> BSDF_TRANSLUCENT:Translucent BSDF {Color=[0.8, 0.8, 0.8, 1.0]}
MAT MetalCladdingContinuousWavy004_1K  users={} examples=[]
   Base Color: <-GROUP:MetalCladdingContinuousWavy004_1K group=MetalCladdingContinuousWavy004_1K {'Scale': 0.333, 'Aspect Ratio': 1.0, 'Global Rotation': 0.0, 'Roughness Adj.': 0.0, 'Normal Strength': 1.0} {UV<-(TEX_COORD:Texture Coordinate {})}
   Metallic: <-GROUP:MetalCladdingContinuousWavy004_1K group=MetalCladdingContinuousWavy004_1K {'Scale': 0.333, 'Aspect Ratio': 1.0, 'Global Rotation': 0.0, 'Roughness Adj.': 0.0, 'Normal Strength': 1.0} {UV<-(TEX_COORD:Texture Coordinate {})}
   Roughness: <-GROUP:MetalCladdingContinuousWavy004_1K group=MetalCladdingContinuousWavy004_1K {'Scale': 0.333, 'Aspect Ratio': 1.0, 'Global Rotation': 0.0, 'Roughness Adj.': 0.0, 'Normal Strength': 1.0} {UV<-(TEX_COORD:Texture Coordinate {})}
   IOR: 1.45
   Alpha: <-GROUP:MetalCladdingContinuousWavy004_1K group=MetalCladdingContinuousWavy004_1K {'Scale': 0.333, 'Aspect Ratio': 1.0, 'Global Rotation': 0.0, 'Roughness Adj.': 0.0, 'Normal Strength': 1.0} {UV<-(TEX_COORD:Texture Coordinate {})}
   Normal: <-GROUP:MetalCladdingContinuousWavy004_1K group=MetalCladdingContinuousWavy004_1K {'Scale': 0.333, 'Aspect Ratio': 1.0, 'Global Rotation': 0.0, 'Roughness Adj.': 0.0, 'Normal Strength': 1.0} {UV<-(TEX_COORD:Texture Coordinate {})}
   Anisotropic: 0.0
   Anisotropic Rotation: 0.0
   Coat Weight: 0.0
   Coat Roughness: 0.03
   Transmission Weight: <-GROUP:MetalCladdingContinuousWavy004_1K group=MetalCladdingContinuousWavy004_1K {'Scale': 0.333, 'Aspect Ratio': 1.0, 'Global Rotation': 0.0, 'Roughness Adj.': 0.0, 'Normal Strength': 1.0} {UV<-(TEX_COORD:Texture Coordinate {})}
   Emission Color: <-GROUP:MetalCladdingContinuousWavy004_1K group=MetalCladdingContinuousWavy004_1K {'Scale': 0.333, 'Aspect Ratio': 1.0, 'Global Rotation': 0.0, 'Roughness Adj.': 0.0, 'Normal Strength': 1.0} {UV<-(TEX_COORD:Texture Coordinate {})}
   Emission Strength: 1.0
   Specular IOR Level: 0.5
   Sheen Weight: 0.0
   images: ['MetalCladdingContinuousWavy004_BUMP16_1K(1024x1024)', 'MetalCladdingContinuousWavy004_COL_1K(1024x1024)', 'MetalCladdingContinuousWavy004_DISP16_1K(1024x1024)', 'MetalCladdingContinuousWavy004_GLOSS_1K(1024x1024)', 'MetalCladdingContinuousWavy004_NRM_1K(1024x1024)']
MAT MetalStainlessSteelBrushed002_4K_shiny_black.001  users={'master parent.006 black': 1} examples=[['step to obj.024[0]']]
   Base Color: <-MIX:Mix blend=MIX {Factor=1.0, A<-(GROUP:MetalStainlessSteelBrushed002_4K group=MetalStainlessSteelBrushed002_4K.005 {'Scale': 1.0, 'Aspect Ratio': 1.0, 'Global Rotation': 0.0, 'Roughness Adj.': 0.0, 'Normal Strength': 0.0} {UV<-(TEX_COORD:Texture Coordinate {})}), B=[0.081, 0.081, 0.081, 1.0]}
   Metallic: <-GROUP:MetalStainlessSteelBrushed002_4K group=MetalStainlessSteelBrushed002_4K.005 {'Scale': 1.0, 'Aspect Ratio': 1.0, 'Global Rotation': 0.0, 'Roughness Adj.': 0.0, 'Normal Strength': 0.0} {UV<-(TEX_COORD:Texture Coordinate {})}
   Roughness: 0.01
   IOR: 1.45
   Alpha: <-GROUP:MetalStainlessSteelBrushed002_4K group=MetalStainlessSteelBrushed002_4K.005 {'Scale': 1.0, 'Aspect Ratio': 1.0, 'Global Rotation': 0.0, 'Roughness Adj.': 0.0, 'Normal Strength': 0.0} {UV<-(TEX_COORD:Texture Coordinate {})}
   Normal: <-GROUP:MetalStainlessSteelBrushed002_4K group=MetalStainlessSteelBrushed002_4K.005 {'Scale': 1.0, 'Aspect Ratio': 1.0, 'Global Rotation': 0.0, 'Roughness Adj.': 0.0, 'Normal Strength': 0.0} {UV<-(TEX_COORD:Texture Coordinate {})}
   Anisotropic: 0.0
   Anisotropic Rotation: 0.0
   Coat Weight: 0.0
   Coat Roughness: 0.03
   Transmission Weight: <-GROUP:MetalStainlessSteelBrushed002_4K group=MetalStainlessSteelBrushed002_4K.005 {'Scale': 1.0, 'Aspect Ratio': 1.0, 'Global Rotation': 0.0, 'Roughness Adj.': 0.0, 'Normal Strength': 0.0} {UV<-(TEX_COORD:Texture Coordinate {})}
   Specular IOR Level: 0.5
   Sheen Weight: 0.0
   images: ['MetalStainlessSteelBrushed002_COL_4K_METALNESS.005(4096x4096)', 'MetalStainlessSteelBrushed002_METALNESS_4K_METALNESS.005(4096x4096)', 'MetalStainlessSteelBrushed002_NRM_2K_METALNESS.jpg.005(2048x2048)', 'MetalStainlessSteelBrushed002_ROUGHNESS_4K_METALNESS.005(4096x4096)']
MAT MetalStainlessSteelBrushed002_4K_shiny_black.002  users={'1. black mesh band parent.004': 5, '1. black mesh band parent.001': 5, '1. black mesh band parent.002': 5} examples=[['_pCylinder006.006[0]', 'Object008.005[0]', 'polySurface007.005[0]'], ['_pCylinder006.007[0]', 'Object008.006[0]', 'polySurface007.006[0]']]
   Base Color: <-MIX:Mix blend=MIX {Factor=1.0, A<-(GROUP:MetalStainlessSteelBrushed002_4K group=MetalStainlessSteelBrushed002_4K.011 {'Scale': 1.0, 'Aspect Ratio': 1.0, 'Global Rotation': 0.0, 'Roughness Adj.': 0.0, 'Normal Strength': 0.0} {UV<-(TEX_COORD:Texture Coordinate {})}), B=[0.081, 0.081, 0.081, 1.0]}
   Metallic: <-GROUP:MetalStainlessSteelBrushed002_4K group=MetalStainlessSteelBrushed002_4K.011 {'Scale': 1.0, 'Aspect Ratio': 1.0, 'Global Rotation': 0.0, 'Roughness Adj.': 0.0, 'Normal Strength': 0.0} {UV<-(TEX_COORD:Texture Coordinate {})}
   Roughness: 0.01
   IOR: 1.45
   Alpha: <-GROUP:MetalStainlessSteelBrushed002_4K group=MetalStainlessSteelBrushed002_4K.011 {'Scale': 1.0, 'Aspect Ratio': 1.0, 'Global Rotation': 0.0, 'Roughness Adj.': 0.0, 'Normal Strength': 0.0} {UV<-(TEX_COORD:Texture Coordinate {})}
   Normal: <-GROUP:MetalStainlessSteelBrushed002_4K group=MetalStainlessSteelBrushed002_4K.011 {'Scale': 1.0, 'Aspect Ratio': 1.0, 'Global Rotation': 0.0, 'Roughness Adj.': 0.0, 'Normal Strength': 0.0} {UV<-(TEX_COORD:Texture Coordinate {})}
   Anisotropic: 0.0
   Anisotropic Rotation: 0.0
   Coat Weight: 0.0
   Coat Roughness: 0.03
   Transmission Weight: <-GROUP:MetalStainlessSteelBrushed002_4K group=MetalStainlessSteelBrushed002_4K.011 {'Scale': 1.0, 'Aspect Ratio': 1.0, 'Global Rotation': 0.0, 'Roughness Adj.': 0.0, 'Normal Strength': 0.0} {UV<-(TEX_COORD:Texture Coordinate {})}
   Specular IOR Level: 0.5
   Sheen Weight: 0.0
   images: ['MetalStainlessSteelBrushed002_COL_4K_METALNESS.011(4096x4096)', 'MetalStainlessSteelBrushed002_METALNESS_4K_METALNESS.011(4096x4096)', 'MetalStainlessSteelBrushed002_NRM_2K_METALNESS.jpg.011(2048x2048)', 'MetalStainlessSteelBrushed002_ROUGHNESS_4K_METALNESS.011(4096x4096)']
MAT MetalStainlessSteelBrushed002_4K_shiny_black.003  users={'1. black mesh band parent.003': 5} examples=[['_pCylinder006.012[0]', 'Object008.011[0]', 'polySurface007.011[0]']]
   Base Color: <-MIX:Mix blend=MIX {Factor=1.0, A<-(GROUP:MetalStainlessSteelBrushed002_4K group=MetalStainlessSteelBrushed002_4K.013 {'Scale': 1.0, 'Aspect Ratio': 1.0, 'Global Rotation': 0.0, 'Roughness Adj.': 0.0, 'Normal Strength': 0.0} {UV<-(TEX_COORD:Texture Coordinate {})}), B=[0.081, 0.081, 0.081, 1.0]}
   Metallic: <-GROUP:MetalStainlessSteelBrushed002_4K group=MetalStainlessSteelBrushed002_4K.013 {'Scale': 1.0, 'Aspect Ratio': 1.0, 'Global Rotation': 0.0, 'Roughness Adj.': 0.0, 'Normal Strength': 0.0} {UV<-(TEX_COORD:Texture Coordinate {})}
   Roughness: 0.01
   IOR: 1.45
   Alpha: <-GROUP:MetalStainlessSteelBrushed002_4K group=MetalStainlessSteelBrushed002_4K.013 {'Scale': 1.0, 'Aspect Ratio': 1.0, 'Global Rotation': 0.0, 'Roughness Adj.': 0.0, 'Normal Strength': 0.0} {UV<-(TEX_COORD:Texture Coordinate {})}
   Normal: <-GROUP:MetalStainlessSteelBrushed002_4K group=MetalStainlessSteelBrushed002_4K.013 {'Scale': 1.0, 'Aspect Ratio': 1.0, 'Global Rotation': 0.0, 'Roughness Adj.': 0.0, 'Normal Strength': 0.0} {UV<-(TEX_COORD:Texture Coordinate {})}
   Anisotropic: 0.0
   Anisotropic Rotation: 0.0
   Coat Weight: 0.0
   Coat Roughness: 0.03
   Transmission Weight: <-GROUP:MetalStainlessSteelBrushed002_4K group=MetalStainlessSteelBrushed002_4K.013 {'Scale': 1.0, 'Aspect Ratio': 1.0, 'Global Rotation': 0.0, 'Roughness Adj.': 0.0, 'Normal Strength': 0.0} {UV<-(TEX_COORD:Texture Coordinate {})}
   Specular IOR Level: 0.5
   Sheen Weight: 0.0
   images: ['MetalStainlessSteelBrushed002_COL_4K_METALNESS.013(4096x4096)', 'MetalStainlessSteelBrushed002_METALNESS_4K_METALNESS.013(4096x4096)', 'MetalStainlessSteelBrushed002_NRM_2K_METALNESS.jpg.013(2048x2048)', 'MetalStainlessSteelBrushed002_ROUGHNESS_4K_METALNESS.013(4096x4096)']
MAT MetalStainlessSteelBrushed002_4K_shiny_black.004  users={'polySurface007.010': 1, 'polySurface009.010': 1} examples=[['polySurface007.010[0]'], ['polySurface009.010[0]']]
   Base Color: <-MIX:Mix blend=MIX {Factor=1.0, A<-(GROUP:MetalStainlessSteelBrushed002_4K group=MetalStainlessSteelBrushed002_4K.022 {'Scale': 1.0, 'Aspect Ratio': 1.0, 'Global Rotation': 0.0, 'Roughness Adj.': 0.0, 'Normal Strength': 0.0} {UV<-(TEX_COORD:Texture Coordinate {})}), B=[0.04, 0.04, 0.04, 1.0]}
   Metallic: <-GROUP:MetalStainlessSteelBrushed002_4K group=MetalStainlessSteelBrushed002_4K.022 {'Scale': 1.0, 'Aspect Ratio': 1.0, 'Global Rotation': 0.0, 'Roughness Adj.': 0.0, 'Normal Strength': 0.0} {UV<-(TEX_COORD:Texture Coordinate {})}
   Roughness: 0.01
   IOR: 1.45
   Alpha: <-GROUP:MetalStainlessSteelBrushed002_4K group=MetalStainlessSteelBrushed002_4K.022 {'Scale': 1.0, 'Aspect Ratio': 1.0, 'Global Rotation': 0.0, 'Roughness Adj.': 0.0, 'Normal Strength': 0.0} {UV<-(TEX_COORD:Texture Coordinate {})}
   Normal: <-GROUP:MetalStainlessSteelBrushed002_4K group=MetalStainlessSteelBrushed002_4K.022 {'Scale': 1.0, 'Aspect Ratio': 1.0, 'Global Rotation': 0.0, 'Roughness Adj.': 0.0, 'Normal Strength': 0.0} {UV<-(TEX_COORD:Texture Coordinate {})}
   Anisotropic: 0.0
   Anisotropic Rotation: 0.0
   Coat Weight: 0.0
   Coat Roughness: 0.03
   Transmission Weight: <-GROUP:MetalStainlessSteelBrushed002_4K group=MetalStainlessSteelBrushed002_4K.022 {'Scale': 1.0, 'Aspect Ratio': 1.0, 'Global Rotation': 0.0, 'Roughness Adj.': 0.0, 'Normal Strength': 0.0} {UV<-(TEX_COORD:Texture Coordinate {})}
   Specular IOR Level: 0.5
   Sheen Weight: 0.0
   images: ['MetalStainlessSteelBrushed002_COL_4K_METALNESS.022(4096x4096)', 'MetalStainlessSteelBrushed002_METALNESS_4K_METALNESS.022(4096x4096)', 'MetalStainlessSteelBrushed002_NRM_2K_METALNESS.jpg.022(2048x2048)', 'MetalStainlessSteelBrushed002_ROUGHNESS_4K_METALNESS.022(4096x4096)']
MAT MetalStainlessSteelBrushed002_4K_shiny_gold  users={'1. mesh band parent_gold': 7} examples=[['_group3group2_polySurface898.001[0]', '_group3group2_polySurface901.001[0]', '_pCylinder006.004[0]']]
   Base Color: <-MIX:Mix blend=MIX {Factor=1.0, A<-(GROUP:MetalStainlessSteelBrushed002_4K group=MetalStainlessSteelBrushed002_4K.002 {'Scale': 1.0, 'Aspect Ratio': 1.0, 'Global Rotation': 0.0, 'Roughness Adj.': 0.0, 'Normal Strength': 0.0} {UV<-(TEX_COORD:Texture Coordinate {})}), B=[0.558, 0.426, 0.168, 1.0]}
   Metallic: <-GROUP:MetalStainlessSteelBrushed002_4K group=MetalStainlessSteelBrushed002_4K.002 {'Scale': 1.0, 'Aspect Ratio': 1.0, 'Global Rotation': 0.0, 'Roughness Adj.': 0.0, 'Normal Strength': 0.0} {UV<-(TEX_COORD:Texture Coordinate {})}
   Roughness: 0.01
   IOR: 1.45
   Alpha: <-GROUP:MetalStainlessSteelBrushed002_4K group=MetalStainlessSteelBrushed002_4K.002 {'Scale': 1.0, 'Aspect Ratio': 1.0, 'Global Rotation': 0.0, 'Roughness Adj.': 0.0, 'Normal Strength': 0.0} {UV<-(TEX_COORD:Texture Coordinate {})}
   Normal: <-GROUP:MetalStainlessSteelBrushed002_4K group=MetalStainlessSteelBrushed002_4K.002 {'Scale': 1.0, 'Aspect Ratio': 1.0, 'Global Rotation': 0.0, 'Roughness Adj.': 0.0, 'Normal Strength': 0.0} {UV<-(TEX_COORD:Texture Coordinate {})}
   Anisotropic: 0.0
   Anisotropic Rotation: 0.0
   Coat Weight: 0.0
   Coat Roughness: 0.03
   Transmission Weight: <-GROUP:MetalStainlessSteelBrushed002_4K group=MetalStainlessSteelBrushed002_4K.002 {'Scale': 1.0, 'Aspect Ratio': 1.0, 'Global Rotation': 0.0, 'Roughness Adj.': 0.0, 'Normal Strength': 0.0} {UV<-(TEX_COORD:Texture Coordinate {})}
   Specular IOR Level: 0.5
   Sheen Weight: 0.0
   images: ['MetalStainlessSteelBrushed002_COL_4K_METALNESS.002(4096x4096)', 'MetalStainlessSteelBrushed002_METALNESS_4K_METALNESS.002(4096x4096)', 'MetalStainlessSteelBrushed002_NRM_2K_METALNESS.jpg.002(2048x2048)', 'MetalStainlessSteelBrushed002_ROUGHNESS_4K_METALNESS.002(4096x4096)']
MAT MetalStainlessSteelBrushed002_4K_shiny_gold.001  users={'3. gold base with black face': 3} examples=[['1. hour hand.003[0]', '1. Minute hand.003[0]', '1. second hand.003[0]']]
   Base Color: <-MIX:Mix blend=MIX {Factor=1.0, A<-(GROUP:MetalStainlessSteelBrushed002_4K group=MetalStainlessSteelBrushed002_4K {'Scale': 1.0, 'Aspect Ratio': 1.0, 'Global Rotation': 0.0, 'Roughness Adj.': 0.0, 'Normal Strength': 0.0} {UV<-(TEX_COORD:Texture Coordinate {})}), B=[0.558, 0.426, 0.168, 1.0]}
   Metallic: <-GROUP:MetalStainlessSteelBrushed002_4K group=MetalStainlessSteelBrushed002_4K {'Scale': 1.0, 'Aspect Ratio': 1.0, 'Global Rotation': 0.0, 'Roughness Adj.': 0.0, 'Normal Strength': 0.0} {UV<-(TEX_COORD:Texture Coordinate {})}
   Roughness: 0.01
   IOR: 1.45
   Alpha: <-GROUP:MetalStainlessSteelBrushed002_4K group=MetalStainlessSteelBrushed002_4K {'Scale': 1.0, 'Aspect Ratio': 1.0, 'Global Rotation': 0.0, 'Roughness Adj.': 0.0, 'Normal Strength': 0.0} {UV<-(TEX_COORD:Texture Coordinate {})}
   Normal: <-GROUP:MetalStainlessSteelBrushed002_4K group=MetalStainlessSteelBrushed002_4K {'Scale': 1.0, 'Aspect Ratio': 1.0, 'Global Rotation': 0.0, 'Roughness Adj.': 0.0, 'Normal Strength': 0.0} {UV<-(TEX_COORD:Texture Coordinate {})}
   Anisotropic: 0.0
   Anisotropic Rotation: 0.0
   Coat Weight: 0.0
   Coat Roughness: 0.03
   Transmission Weight: <-GROUP:MetalStainlessSteelBrushed002_4K group=MetalStainlessSteelBrushed002_4K {'Scale': 1.0, 'Aspect Ratio': 1.0, 'Global Rotation': 0.0, 'Roughness Adj.': 0.0, 'Normal Strength': 0.0} {UV<-(TEX_COORD:Texture Coordinate {})}
   Specular IOR Level: 0.5
   Sheen Weight: 0.0
   images: ['MetalStainlessSteelBrushed002_COL_4K_METALNESS(4096x4096)', 'MetalStainlessSteelBrushed002_METALNESS_4K_METALNESS(4096x4096)', 'MetalStainlessSteelBrushed002_NRM_2K_METALNESS.jpg(2048x2048)', 'MetalStainlessSteelBrushed002_ROUGHNESS_4K_METALNESS(4096x4096)']
MAT MetalStainlessSteelBrushed002_4K_shiny_gold.002  users={'gold': 1} examples=[['_pCylinder006.005[0]']]
   Base Color: <-MIX:Mix blend=MIX {Factor=1.0, A<-(GROUP:MetalStainlessSteelBrushed002_4K group=MetalStainlessSteelBrushed002_4K.007 {'Scale': 1.0, 'Aspect Ratio': 1.0, 'Global Rotation': 0.0, 'Roughness Adj.': 0.0, 'Normal Strength': 0.0} {UV<-(TEX_COORD:Texture Coordinate {})}), B=[0.558, 0.426, 0.168, 1.0]}
   Metallic: <-GROUP:MetalStainlessSteelBrushed002_4K group=MetalStainlessSteelBrushed002_4K.007 {'Scale': 1.0, 'Aspect Ratio': 1.0, 'Global Rotation': 0.0, 'Roughness Adj.': 0.0, 'Normal Strength': 0.0} {UV<-(TEX_COORD:Texture Coordinate {})}
   Roughness: 0.01
   IOR: 1.45
   Alpha: <-GROUP:MetalStainlessSteelBrushed002_4K group=MetalStainlessSteelBrushed002_4K.007 {'Scale': 1.0, 'Aspect Ratio': 1.0, 'Global Rotation': 0.0, 'Roughness Adj.': 0.0, 'Normal Strength': 0.0} {UV<-(TEX_COORD:Texture Coordinate {})}
   Normal: <-GROUP:MetalStainlessSteelBrushed002_4K group=MetalStainlessSteelBrushed002_4K.007 {'Scale': 1.0, 'Aspect Ratio': 1.0, 'Global Rotation': 0.0, 'Roughness Adj.': 0.0, 'Normal Strength': 0.0} {UV<-(TEX_COORD:Texture Coordinate {})}
   Anisotropic: 0.0
   Anisotropic Rotation: 0.0
   Coat Weight: 0.0
   Coat Roughness: 0.03
   Transmission Weight: <-GROUP:MetalStainlessSteelBrushed002_4K group=MetalStainlessSteelBrushed002_4K.007 {'Scale': 1.0, 'Aspect Ratio': 1.0, 'Global Rotation': 0.0, 'Roughness Adj.': 0.0, 'Normal Strength': 0.0} {UV<-(TEX_COORD:Texture Coordinate {})}
   Specular IOR Level: 0.5
   Sheen Weight: 0.0
   images: ['MetalStainlessSteelBrushed002_COL_4K_METALNESS.007(4096x4096)', 'MetalStainlessSteelBrushed002_METALNESS_4K_METALNESS.007(4096x4096)', 'MetalStainlessSteelBrushed002_NRM_2K_METALNESS.jpg.007(2048x2048)', 'MetalStainlessSteelBrushed002_ROUGHNESS_4K_METALNESS.007(4096x4096)']
MAT MetalStainlessSteelBrushed002_4K_shiny_gold.003  users={'master parent.008': 1} examples=[['hartley front.008[0]']]
   Base Color: <-MIX:Mix blend=MIX {Factor=1.0, A<-(GROUP:MetalStainlessSteelBrushed002_4K group=MetalStainlessSteelBrushed002_4K.008 {'Scale': 1.0, 'Aspect Ratio': 1.0, 'Global Rotation': 0.0, 'Roughness Adj.': 0.0, 'Normal Strength': 0.0} {UV<-(TEX_COORD:Texture Coordinate {})}), B=[0.558, 0.426, 0.168, 1.0]}
   Metallic: <-GROUP:MetalStainlessSteelBrushed002_4K group=MetalStainlessSteelBrushed002_4K.008 {'Scale': 1.0, 'Aspect Ratio': 1.0, 'Global Rotation': 0.0, 'Roughness Adj.': 0.0, 'Normal Strength': 0.0} {UV<-(TEX_COORD:Texture Coordinate {})}
   Roughness: 0.01
   IOR: 1.45
   Alpha: <-GROUP:MetalStainlessSteelBrushed002_4K group=MetalStainlessSteelBrushed002_4K.008 {'Scale': 1.0, 'Aspect Ratio': 1.0, 'Global Rotation': 0.0, 'Roughness Adj.': 0.0, 'Normal Strength': 0.0} {UV<-(TEX_COORD:Texture Coordinate {})}
   Normal: <-GROUP:MetalStainlessSteelBrushed002_4K group=MetalStainlessSteelBrushed002_4K.008 {'Scale': 1.0, 'Aspect Ratio': 1.0, 'Global Rotation': 0.0, 'Roughness Adj.': 0.0, 'Normal Strength': 0.0} {UV<-(TEX_COORD:Texture Coordinate {})}
   Anisotropic: 0.0
   Anisotropic Rotation: 0.0
   Coat Weight: 0.0
   Coat Roughness: 0.03
   Transmission Weight: <-GROUP:MetalStainlessSteelBrushed002_4K group=MetalStainlessSteelBrushed002_4K.008 {'Scale': 1.0, 'Aspect Ratio': 1.0, 'Global Rotation': 0.0, 'Roughness Adj.': 0.0, 'Normal Strength': 0.0} {UV<-(TEX_COORD:Texture Coordinate {})}
   Specular IOR Level: 0.5
   Sheen Weight: 0.0
   images: ['MetalStainlessSteelBrushed002_COL_4K_METALNESS.008(4096x4096)', 'MetalStainlessSteelBrushed002_METALNESS_4K_METALNESS.008(4096x4096)', 'MetalStainlessSteelBrushed002_NRM_2K_METALNESS.jpg.008(0x0)', 'MetalStainlessSteelBrushed002_ROUGHNESS_4K_METALNESS.008(4096x4096)']
MAT MetalStainlessSteelBrushed002_4K_shiny_gold.004  users={'master parent.001': 1} examples=[['hartley front.001[0]']]
   Base Color: <-MIX:Mix blend=MIX {Factor=1.0, A<-(GROUP:MetalStainlessSteelBrushed002_4K group=MetalStainlessSteelBrushed002_4K.009 {'Scale': 1.0, 'Aspect Ratio': 1.0, 'Global Rotation': 0.0, 'Roughness Adj.': 0.0, 'Normal Strength': 0.0} {UV<-(TEX_COORD:Texture Coordinate {})}), B=[0.558, 0.426, 0.168, 1.0]}
   Metallic: <-GROUP:MetalStainlessSteelBrushed002_4K group=MetalStainlessSteelBrushed002_4K.009 {'Scale': 1.0, 'Aspect Ratio': 1.0, 'Global Rotation': 0.0, 'Roughness Adj.': 0.0, 'Normal Strength': 0.0} {UV<-(TEX_COORD:Texture Coordinate {})}
   Roughness: 0.01
   IOR: 1.45
   Alpha: <-GROUP:MetalStainlessSteelBrushed002_4K group=MetalStainlessSteelBrushed002_4K.009 {'Scale': 1.0, 'Aspect Ratio': 1.0, 'Global Rotation': 0.0, 'Roughness Adj.': 0.0, 'Normal Strength': 0.0} {UV<-(TEX_COORD:Texture Coordinate {})}
   Normal: <-GROUP:MetalStainlessSteelBrushed002_4K group=MetalStainlessSteelBrushed002_4K.009 {'Scale': 1.0, 'Aspect Ratio': 1.0, 'Global Rotation': 0.0, 'Roughness Adj.': 0.0, 'Normal Strength': 0.0} {UV<-(TEX_COORD:Texture Coordinate {})}
   Anisotropic: 0.0
   Anisotropic Rotation: 0.0
   Coat Weight: 0.0
   Coat Roughness: 0.03
   Transmission Weight: <-GROUP:MetalStainlessSteelBrushed002_4K group=MetalStainlessSteelBrushed002_4K.009 {'Scale': 1.0, 'Aspect Ratio': 1.0, 'Global Rotation': 0.0, 'Roughness Adj.': 0.0, 'Normal Strength': 0.0} {UV<-(TEX_COORD:Texture Coordinate {})}
   Specular IOR Level: 0.5
   Sheen Weight: 0.0
   images: ['MetalStainlessSteelBrushed002_COL_4K_METALNESS.009(4096x4096)', 'MetalStainlessSteelBrushed002_METALNESS_4K_METALNESS.009(4096x4096)', 'MetalStainlessSteelBrushed002_NRM_2K_METALNESS.jpg.009(2048x2048)', 'MetalStainlessSteelBrushed002_ROUGHNESS_4K_METALNESS.009(4096x4096)']
MAT MetalStainlessSteelBrushed002_4K_shiny_gold.005  users={'master parent.002': 5} examples=[['step to obj[0]', 'step to obj.001[0]', 'step to obj.003[0]']]
   Base Color: <-MIX:Mix blend=MIX {Factor=1.0, A<-(GROUP:MetalStainlessSteelBrushed002_4K group=MetalStainlessSteelBrushed002_4K.010 {'Scale': 1.0, 'Aspect Ratio': 1.0, 'Global Rotation': 0.0, 'Roughness Adj.': 0.0, 'Normal Strength': 0.0} {UV<-(TEX_COORD:Texture Coordinate {})}), B=[0.558, 0.426, 0.168, 1.0]}
   Metallic: <-GROUP:MetalStainlessSteelBrushed002_4K group=MetalStainlessSteelBrushed002_4K.010 {'Scale': 1.0, 'Aspect Ratio': 1.0, 'Global Rotation': 0.0, 'Roughness Adj.': 0.0, 'Normal Strength': 0.0} {UV<-(TEX_COORD:Texture Coordinate {})}
   Roughness: 0.01
   IOR: 1.45
   Alpha: <-GROUP:MetalStainlessSteelBrushed002_4K group=MetalStainlessSteelBrushed002_4K.010 {'Scale': 1.0, 'Aspect Ratio': 1.0, 'Global Rotation': 0.0, 'Roughness Adj.': 0.0, 'Normal Strength': 0.0} {UV<-(TEX_COORD:Texture Coordinate {})}
   Normal: <-GROUP:MetalStainlessSteelBrushed002_4K group=MetalStainlessSteelBrushed002_4K.010 {'Scale': 1.0, 'Aspect Ratio': 1.0, 'Global Rotation': 0.0, 'Roughness Adj.': 0.0, 'Normal Strength': 0.0} {UV<-(TEX_COORD:Texture Coordinate {})}
   Anisotropic: 0.0
   Anisotropic Rotation: 0.0
   Coat Weight: 0.0
   Coat Roughness: 0.03
   Transmission Weight: <-GROUP:MetalStainlessSteelBrushed002_4K group=MetalStainlessSteelBrushed002_4K.010 {'Scale': 1.0, 'Aspect Ratio': 1.0, 'Global Rotation': 0.0, 'Roughness Adj.': 0.0, 'Normal Strength': 0.0} {UV<-(TEX_COORD:Texture Coordinate {})}
   Specular IOR Level: 0.5
   Sheen Weight: 0.0
   images: ['MetalStainlessSteelBrushed002_COL_4K_METALNESS.010(4096x4096)', 'MetalStainlessSteelBrushed002_METALNESS_4K_METALNESS.010(4096x4096)', 'MetalStainlessSteelBrushed002_NRM_2K_METALNESS.jpg.010(2048x2048)', 'MetalStainlessSteelBrushed002_ROUGHNESS_4K_METALNESS.010(4096x4096)']
MAT MetalStainlessSteelBrushed002_4K_shiny_gold.006  users={'1. mesh band parent_gold.001': 7} examples=[['_group3group2_polySurface898.002[0]', '_group3group2_polySurface901.002[0]', '_pCylinder006.013[0]']]
   Base Color: <-MIX:Mix blend=MIX {Factor=1.0, A<-(GROUP:MetalStainlessSteelBrushed002_4K group=MetalStainlessSteelBrushed002_4K.014 {'Scale': 1.0, 'Aspect Ratio': 1.0, 'Global Rotation': 0.0, 'Roughness Adj.': 0.0, 'Normal Strength': 0.0} {UV<-(TEX_COORD:Texture Coordinate {})}), B=[0.558, 0.426, 0.168, 1.0]}
   Metallic: <-GROUP:MetalStainlessSteelBrushed002_4K group=MetalStainlessSteelBrushed002_4K.014 {'Scale': 1.0, 'Aspect Ratio': 1.0, 'Global Rotation': 0.0, 'Roughness Adj.': 0.0, 'Normal Strength': 0.0} {UV<-(TEX_COORD:Texture Coordinate {})}
   Roughness: 0.01
   IOR: 1.45
   Alpha: <-GROUP:MetalStainlessSteelBrushed002_4K group=MetalStainlessSteelBrushed002_4K.014 {'Scale': 1.0, 'Aspect Ratio': 1.0, 'Global Rotation': 0.0, 'Roughness Adj.': 0.0, 'Normal Strength': 0.0} {UV<-(TEX_COORD:Texture Coordinate {})}
   Normal: <-GROUP:MetalStainlessSteelBrushed002_4K group=MetalStainlessSteelBrushed002_4K.014 {'Scale': 1.0, 'Aspect Ratio': 1.0, 'Global Rotation': 0.0, 'Roughness Adj.': 0.0, 'Normal Strength': 0.0} {UV<-(TEX_COORD:Texture Coordinate {})}
   Anisotropic: 0.0
   Anisotropic Rotation: 0.0
   Coat Weight: 0.0
   Coat Roughness: 0.03
   Transmission Weight: <-GROUP:MetalStainlessSteelBrushed002_4K group=MetalStainlessSteelBrushed002_4K.014 {'Scale': 1.0, 'Aspect Ratio': 1.0, 'Global Rotation': 0.0, 'Roughness Adj.': 0.0, 'Normal Strength': 0.0} {UV<-(TEX_COORD:Texture Coordinate {})}
   Specular IOR Level: 0.5
   Sheen Weight: 0.0
   images: ['MetalStainlessSteelBrushed002_COL_4K_METALNESS.014(4096x4096)', 'MetalStainlessSteelBrushed002_METALNESS_4K_METALNESS.014(4096x4096)', 'MetalStainlessSteelBrushed002_NRM_2K_METALNESS.jpg.014(2048x2048)', 'MetalStainlessSteelBrushed002_ROUGHNESS_4K_METALNESS.014(4096x4096)']
MAT MetalStainlessSteelBrushed002_4K_shiny_gold.007  users={'3. gold base with black face.001': 3} examples=[['1. hour hand.006[0]', '1. Minute hand.006[0]', '1. second hand.006[0]']]
   Base Color: <-MIX:Mix blend=MIX {Factor=1.0, A<-(GROUP:MetalStainlessSteelBrushed002_4K group=MetalStainlessSteelBrushed002_4K.017 {'Scale': 1.0, 'Aspect Ratio': 1.0, 'Global Rotation': 0.0, 'Roughness Adj.': 0.0, 'Normal Strength': 0.0} {UV<-(TEX_COORD:Texture Coordinate {})}), B=[0.558, 0.426, 0.168, 1.0]}
   Metallic: <-GROUP:MetalStainlessSteelBrushed002_4K group=MetalStainlessSteelBrushed002_4K.017 {'Scale': 1.0, 'Aspect Ratio': 1.0, 'Global Rotation': 0.0, 'Roughness Adj.': 0.0, 'Normal Strength': 0.0} {UV<-(TEX_COORD:Texture Coordinate {})}
   Roughness: 0.01
   IOR: 1.45
   Alpha: <-GROUP:MetalStainlessSteelBrushed002_4K group=MetalStainlessSteelBrushed002_4K.017 {'Scale': 1.0, 'Aspect Ratio': 1.0, 'Global Rotation': 0.0, 'Roughness Adj.': 0.0, 'Normal Strength': 0.0} {UV<-(TEX_COORD:Texture Coordinate {})}
   Normal: <-GROUP:MetalStainlessSteelBrushed002_4K group=MetalStainlessSteelBrushed002_4K.017 {'Scale': 1.0, 'Aspect Ratio': 1.0, 'Global Rotation': 0.0, 'Roughness Adj.': 0.0, 'Normal Strength': 0.0} {UV<-(TEX_COORD:Texture Coordinate {})}
   Anisotropic: 0.0
   Anisotropic Rotation: 0.0
   Coat Weight: 0.0
   Coat Roughness: 0.03
   Transmission Weight: <-GROUP:MetalStainlessSteelBrushed002_4K group=MetalStainlessSteelBrushed002_4K.017 {'Scale': 1.0, 'Aspect Ratio': 1.0, 'Global Rotation': 0.0, 'Roughness Adj.': 0.0, 'Normal Strength': 0.0} {UV<-(TEX_COORD:Texture Coordinate {})}
   Specular IOR Level: 0.5
   Sheen Weight: 0.0
   images: ['MetalStainlessSteelBrushed002_COL_4K_METALNESS.017(4096x4096)', 'MetalStainlessSteelBrushed002_METALNESS_4K_METALNESS.017(4096x4096)', 'MetalStainlessSteelBrushed002_NRM_2K_METALNESS.jpg.017(2048x2048)', 'MetalStainlessSteelBrushed002_ROUGHNESS_4K_METALNESS.017(4096x4096)']
MAT MetalStainlessSteelBrushed002_4K_shiny_rosegold  users={'master parent.005 rose gold': 2} examples=[['step to obj.020[0]', 'step to obj.020[3]']]
   Base Color: <-MIX:Mix blend=MIX {Factor=1.0, A<-(GROUP:MetalStainlessSteelBrushed002_4K group=MetalStainlessSteelBrushed002_4K.006 {'Scale': 1.0, 'Aspect Ratio': 1.0, 'Global Rotation': 0.0, 'Roughness Adj.': 0.0, 'Normal Strength': 0.0} {UV<-(TEX_COORD:Texture Coordinate {})}), B=[0.694, 0.392, 0.332, 1.0]}
   Metallic: <-GROUP:MetalStainlessSteelBrushed002_4K group=MetalStainlessSteelBrushed002_4K.006 {'Scale': 1.0, 'Aspect Ratio': 1.0, 'Global Rotation': 0.0, 'Roughness Adj.': 0.0, 'Normal Strength': 0.0} {UV<-(TEX_COORD:Texture Coordinate {})}
   Roughness: 0.01
   IOR: 1.45
   Alpha: <-GROUP:MetalStainlessSteelBrushed002_4K group=MetalStainlessSteelBrushed002_4K.006 {'Scale': 1.0, 'Aspect Ratio': 1.0, 'Global Rotation': 0.0, 'Roughness Adj.': 0.0, 'Normal Strength': 0.0} {UV<-(TEX_COORD:Texture Coordinate {})}
   Normal: <-GROUP:MetalStainlessSteelBrushed002_4K group=MetalStainlessSteelBrushed002_4K.006 {'Scale': 1.0, 'Aspect Ratio': 1.0, 'Global Rotation': 0.0, 'Roughness Adj.': 0.0, 'Normal Strength': 0.0} {UV<-(TEX_COORD:Texture Coordinate {})}
   Anisotropic: 0.0
   Anisotropic Rotation: 0.0
   Coat Weight: 0.0
   Coat Roughness: 0.03
   Transmission Weight: <-GROUP:MetalStainlessSteelBrushed002_4K group=MetalStainlessSteelBrushed002_4K.006 {'Scale': 1.0, 'Aspect Ratio': 1.0, 'Global Rotation': 0.0, 'Roughness Adj.': 0.0, 'Normal Strength': 0.0} {UV<-(TEX_COORD:Texture Coordinate {})}
   Specular IOR Level: 0.5
   Sheen Weight: 0.0
   images: ['MetalStainlessSteelBrushed002_COL_4K_METALNESS.006(4096x4096)', 'MetalStainlessSteelBrushed002_METALNESS_4K_METALNESS.006(4096x4096)', 'MetalStainlessSteelBrushed002_NRM_2K_METALNESS.jpg.006(2048x2048)', 'MetalStainlessSteelBrushed002_ROUGHNESS_4K_METALNESS.006(4096x4096)']
MAT MetalStainlessSteelBrushed002_4K_shiny_rosegold.001  users={'2. rose gold base with black face': 3, '5. rose gold with white face.001': 3, '1. mesh band parent.rose gold': 5, '1. mesh band parent.rose gold.001': 5} examples=[['1. hour hand.002[0]', '1. Minute hand.002[0]', '1. second hand.002[0]'], ['1. hour hand.004[0]', '1. Minute hand.004[0]', '1. second hand.004[0]']]
   Base Color: <-MIX:Mix blend=MIX {Factor=1.0, A<-(GROUP:MetalStainlessSteelBrushed002_4K group=MetalStainlessSteelBrushed002_4K.003 {'Scale': 1.0, 'Aspect Ratio': 1.0, 'Global Rotation': 0.0, 'Roughness Adj.': 0.0, 'Normal Strength': 0.0} {UV<-(TEX_COORD:Texture Coordinate {})}), B=[0.694, 0.413, 0.323, 1.0]}
   Metallic: <-GROUP:MetalStainlessSteelBrushed002_4K group=MetalStainlessSteelBrushed002_4K.003 {'Scale': 1.0, 'Aspect Ratio': 1.0, 'Global Rotation': 0.0, 'Roughness Adj.': 0.0, 'Normal Strength': 0.0} {UV<-(TEX_COORD:Texture Coordinate {})}
   Roughness: 0.01
   IOR: 1.45
   Alpha: <-GROUP:MetalStainlessSteelBrushed002_4K group=MetalStainlessSteelBrushed002_4K.003 {'Scale': 1.0, 'Aspect Ratio': 1.0, 'Global Rotation': 0.0, 'Roughness Adj.': 0.0, 'Normal Strength': 0.0} {UV<-(TEX_COORD:Texture Coordinate {})}
   Normal: <-GROUP:MetalStainlessSteelBrushed002_4K group=MetalStainlessSteelBrushed002_4K.003 {'Scale': 1.0, 'Aspect Ratio': 1.0, 'Global Rotation': 0.0, 'Roughness Adj.': 0.0, 'Normal Strength': 0.0} {UV<-(TEX_COORD:Texture Coordinate {})}
   Anisotropic: 0.0
   Anisotropic Rotation: 0.0
   Coat Weight: 0.0
   Coat Roughness: 0.03
   Transmission Weight: <-GROUP:MetalStainlessSteelBrushed002_4K group=MetalStainlessSteelBrushed002_4K.003 {'Scale': 1.0, 'Aspect Ratio': 1.0, 'Global Rotation': 0.0, 'Roughness Adj.': 0.0, 'Normal Strength': 0.0} {UV<-(TEX_COORD:Texture Coordinate {})}
   Specular IOR Level: 0.5
   Sheen Weight: 0.0
   images: ['MetalStainlessSteelBrushed002_COL_4K_METALNESS.003(4096x4096)', 'MetalStainlessSteelBrushed002_METALNESS_4K_METALNESS.003(4096x4096)', 'MetalStainlessSteelBrushed002_NRM_2K_METALNESS.jpg.003(2048x2048)', 'MetalStainlessSteelBrushed002_ROUGHNESS_4K_METALNESS.003(4096x4096)']
MAT MetalStainlessSteelBrushed002_4K_shiny_rosegold.002  users={'5. rose gold with white face.002': 3, '2. rose gold base with black face.001': 3, '1. mesh band parent.rose gold.002': 5} examples=[['1. hour hand.005[0]', '1. Minute hand.005[0]', '1. second hand.005[0]'], ['1. hour hand.007[0]', '1. Minute hand.007[0]', '1. second hand.007[0]']]
   Base Color: <-MIX:Mix blend=MIX {Factor=1.0, A<-(GROUP:MetalStainlessSteelBrushed002_4K group=MetalStainlessSteelBrushed002_4K.012 {'Scale': 1.0, 'Aspect Ratio': 1.0, 'Global Rotation': 0.0, 'Roughness Adj.': 0.0, 'Normal Strength': 0.0} {UV<-(TEX_COORD:Texture Coordinate {})}), B=[0.694, 0.413, 0.323, 1.0]}
   Metallic: <-GROUP:MetalStainlessSteelBrushed002_4K group=MetalStainlessSteelBrushed002_4K.012 {'Scale': 1.0, 'Aspect Ratio': 1.0, 'Global Rotation': 0.0, 'Roughness Adj.': 0.0, 'Normal Strength': 0.0} {UV<-(TEX_COORD:Texture Coordinate {})}
   Roughness: 0.01
   IOR: 1.45
   Alpha: <-GROUP:MetalStainlessSteelBrushed002_4K group=MetalStainlessSteelBrushed002_4K.012 {'Scale': 1.0, 'Aspect Ratio': 1.0, 'Global Rotation': 0.0, 'Roughness Adj.': 0.0, 'Normal Strength': 0.0} {UV<-(TEX_COORD:Texture Coordinate {})}
   Normal: <-GROUP:MetalStainlessSteelBrushed002_4K group=MetalStainlessSteelBrushed002_4K.012 {'Scale': 1.0, 'Aspect Ratio': 1.0, 'Global Rotation': 0.0, 'Roughness Adj.': 0.0, 'Normal Strength': 0.0} {UV<-(TEX_COORD:Texture Coordinate {})}
   Anisotropic: 0.0
   Anisotropic Rotation: 0.0
   Coat Weight: 0.0
   Coat Roughness: 0.03
   Transmission Weight: <-GROUP:MetalStainlessSteelBrushed002_4K group=MetalStainlessSteelBrushed002_4K.012 {'Scale': 1.0, 'Aspect Ratio': 1.0, 'Global Rotation': 0.0, 'Roughness Adj.': 0.0, 'Normal Strength': 0.0} {UV<-(TEX_COORD:Texture Coordinate {})}
   Specular IOR Level: 0.5
   Sheen Weight: 0.0
   images: ['MetalStainlessSteelBrushed002_COL_4K_METALNESS.012(4096x4096)', 'MetalStainlessSteelBrushed002_METALNESS_4K_METALNESS.012(4096x4096)', 'MetalStainlessSteelBrushed002_NRM_2K_METALNESS.jpg.012(2048x2048)', 'MetalStainlessSteelBrushed002_ROUGHNESS_4K_METALNESS.012(4096x4096)']
MAT MetalStainlessSteelBrushed002_4k_black  users={'1. Black Base with  black face': 1} examples=[['1. Base Mesh[8]']]
   Base Color: <-CURVE_RGB:RGB Curves curves=[[(0.0, 0.0), (1.0, 1.0)], [(0.0, 0.0), (1.0, 1.0)], [(0.0, 0.0), (1.0, 1.0)], [(0.0, 0.0), (1.0, 0.07)]] {Fac=1.0, Color<-(MIX:Mix blend=COLOR {Factor=1.0, A<-(GROUP:MetalStainlessSteelBrushed002_4K group=MetalStainlessSteelBrushed002_4K.001 {'Scale': 0.5, 'Aspect Ratio': 1.0, 'Global Rotation': 0.0, 'Roughness Adj.': 0.0, 'Normal Strength': 1.0} {UV<-(TEX_COORD:Texture Coordinate {})}), B=[0.0, 0.0, 0.0, 1.0]})}
   Metallic: <-GROUP:MetalStainlessSteelBrushed002_4K group=MetalStainlessSteelBrushed002_4K.001 {'Scale': 0.5, 'Aspect Ratio': 1.0, 'Global Rotation': 0.0, 'Roughness Adj.': 0.0, 'Normal Strength': 1.0} {UV<-(TEX_COORD:Texture Coordinate {})}
   Roughness: <-MATH:Math {Value<-(GROUP:MetalStainlessSteelBrushed002_4K group=MetalStainlessSteelBrushed002_4K.001 {'Scale': 0.5, 'Aspect Ratio': 1.0, 'Global Rotation': 0.0, 'Roughness Adj.': 0.0, 'Normal Strength': 1.0} {UV<-(TEX_COORD:Texture Coordinate {})}), Value=0.0}
   IOR: 1.45
   Alpha: <-GROUP:MetalStainlessSteelBrushed002_4K group=MetalStainlessSteelBrushed002_4K.001 {'Scale': 0.5, 'Aspect Ratio': 1.0, 'Global Rotation': 0.0, 'Roughness Adj.': 0.0, 'Normal Strength': 1.0} {UV<-(TEX_COORD:Texture Coordinate {})}
   Normal: <-GROUP:MetalStainlessSteelBrushed002_4K group=MetalStainlessSteelBrushed002_4K.001 {'Scale': 0.5, 'Aspect Ratio': 1.0, 'Global Rotation': 0.0, 'Roughness Adj.': 0.0, 'Normal Strength': 1.0} {UV<-(TEX_COORD:Texture Coordinate {})}
   Anisotropic: 0.0
   Anisotropic Rotation: 0.0
   Coat Weight: 0.0
   Coat Roughness: 0.03
   Transmission Weight: <-GROUP:MetalStainlessSteelBrushed002_4K group=MetalStainlessSteelBrushed002_4K.001 {'Scale': 0.5, 'Aspect Ratio': 1.0, 'Global Rotation': 0.0, 'Roughness Adj.': 0.0, 'Normal Strength': 1.0} {UV<-(TEX_COORD:Texture Coordinate {})}
   Specular IOR Level: 0.5
   Sheen Weight: 0.0
   images: ['MetalStainlessSteelBrushed002_COL_4K_METALNESS.001(4096x4096)', 'MetalStainlessSteelBrushed002_METALNESS_4K_METALNESS.001(4096x4096)', 'MetalStainlessSteelBrushed002_NRM_2K_METALNESS.jpg.001(2048x2048)', 'MetalStainlessSteelBrushed002_ROUGHNESS_4K_METALNESS.001(4096x4096)']
MAT MetalStainlessSteelBrushed002_4k_black.001  users={'1. black mesh band parent.004': 1, '1. black mesh band parent.001': 1, '1. black mesh band parent.002': 1} examples=[['_group3group2__polySurface2460.005[0]'], ['_group3group2__polySurface2460.006[0]']]
   Base Color: <-CURVE_RGB:RGB Curves curves=[[(0.0, 0.0), (1.0, 1.0)], [(0.0, 0.0), (1.0, 1.0)], [(0.0, 0.0), (1.0, 1.0)], [(0.0, 0.0), (1.0, 0.07)]] {Fac=1.0, Color<-(MIX:Mix blend=COLOR {Factor=1.0, A<-(GROUP:MetalStainlessSteelBrushed002_4K group=MetalStainlessSteelBrushed002_4K.011 {'Scale': 0.5, 'Aspect Ratio': 1.0, 'Global Rotation': 0.0, 'Roughness Adj.': 0.0, 'Normal Strength': 1.0} {UV<-(TEX_COORD:Texture Coordinate {})}), B=[0.0, 0.0, 0.0, 1.0]})}
   Metallic: <-GROUP:MetalStainlessSteelBrushed002_4K group=MetalStainlessSteelBrushed002_4K.011 {'Scale': 0.5, 'Aspect Ratio': 1.0, 'Global Rotation': 0.0, 'Roughness Adj.': 0.0, 'Normal Strength': 1.0} {UV<-(TEX_COORD:Texture Coordinate {})}
   Roughness: <-MATH:Math {Value<-(GROUP:MetalStainlessSteelBrushed002_4K group=MetalStainlessSteelBrushed002_4K.011 {'Scale': 0.5, 'Aspect Ratio': 1.0, 'Global Rotation': 0.0, 'Roughness Adj.': 0.0, 'Normal Strength': 1.0} {UV<-(TEX_COORD:Texture Coordinate {})}), Value=0.0}
   IOR: 1.45
   Alpha: <-GROUP:MetalStainlessSteelBrushed002_4K group=MetalStainlessSteelBrushed002_4K.011 {'Scale': 0.5, 'Aspect Ratio': 1.0, 'Global Rotation': 0.0, 'Roughness Adj.': 0.0, 'Normal Strength': 1.0} {UV<-(TEX_COORD:Texture Coordinate {})}
   Normal: <-GROUP:MetalStainlessSteelBrushed002_4K group=MetalStainlessSteelBrushed002_4K.011 {'Scale': 0.5, 'Aspect Ratio': 1.0, 'Global Rotation': 0.0, 'Roughness Adj.': 0.0, 'Normal Strength': 1.0} {UV<-(TEX_COORD:Texture Coordinate {})}
   Anisotropic: 0.0
   Anisotropic Rotation: 0.0
   Coat Weight: 0.0
   Coat Roughness: 0.03
   Transmission Weight: <-GROUP:MetalStainlessSteelBrushed002_4K group=MetalStainlessSteelBrushed002_4K.011 {'Scale': 0.5, 'Aspect Ratio': 1.0, 'Global Rotation': 0.0, 'Roughness Adj.': 0.0, 'Normal Strength': 1.0} {UV<-(TEX_COORD:Texture Coordinate {})}
   Specular IOR Level: 0.5
   Sheen Weight: 0.0
   images: ['MetalStainlessSteelBrushed002_COL_4K_METALNESS.011(4096x4096)', 'MetalStainlessSteelBrushed002_METALNESS_4K_METALNESS.011(4096x4096)', 'MetalStainlessSteelBrushed002_NRM_2K_METALNESS.jpg.011(2048x2048)', 'MetalStainlessSteelBrushed002_ROUGHNESS_4K_METALNESS.011(4096x4096)']
MAT MetalStainlessSteelBrushed002_4k_black.002  users={'1. black mesh band parent.003': 1} examples=[['_group3group2__polySurface2460.011[0]']]
   Base Color: <-CURVE_RGB:RGB Curves curves=[[(0.0, 0.0), (1.0, 1.0)], [(0.0, 0.0), (1.0, 1.0)], [(0.0, 0.0), (1.0, 1.0)], [(0.0, 0.0), (1.0, 0.07)]] {Fac=1.0, Color<-(MIX:Mix blend=COLOR {Factor=1.0, A<-(GROUP:MetalStainlessSteelBrushed002_4K group=MetalStainlessSteelBrushed002_4K.013 {'Scale': 0.5, 'Aspect Ratio': 1.0, 'Global Rotation': 0.0, 'Roughness Adj.': 0.0, 'Normal Strength': 1.0} {UV<-(TEX_COORD:Texture Coordinate {})}), B=[0.0, 0.0, 0.0, 1.0]})}
   Metallic: <-GROUP:MetalStainlessSteelBrushed002_4K group=MetalStainlessSteelBrushed002_4K.013 {'Scale': 0.5, 'Aspect Ratio': 1.0, 'Global Rotation': 0.0, 'Roughness Adj.': 0.0, 'Normal Strength': 1.0} {UV<-(TEX_COORD:Texture Coordinate {})}
   Roughness: <-MATH:Math {Value<-(GROUP:MetalStainlessSteelBrushed002_4K group=MetalStainlessSteelBrushed002_4K.013 {'Scale': 0.5, 'Aspect Ratio': 1.0, 'Global Rotation': 0.0, 'Roughness Adj.': 0.0, 'Normal Strength': 1.0} {UV<-(TEX_COORD:Texture Coordinate {})}), Value=0.0}
   IOR: 1.45
   Alpha: <-GROUP:MetalStainlessSteelBrushed002_4K group=MetalStainlessSteelBrushed002_4K.013 {'Scale': 0.5, 'Aspect Ratio': 1.0, 'Global Rotation': 0.0, 'Roughness Adj.': 0.0, 'Normal Strength': 1.0} {UV<-(TEX_COORD:Texture Coordinate {})}
   Normal: <-GROUP:MetalStainlessSteelBrushed002_4K group=MetalStainlessSteelBrushed002_4K.013 {'Scale': 0.5, 'Aspect Ratio': 1.0, 'Global Rotation': 0.0, 'Roughness Adj.': 0.0, 'Normal Strength': 1.0} {UV<-(TEX_COORD:Texture Coordinate {})}
   Anisotropic: 0.0
   Anisotropic Rotation: 0.0
   Coat Weight: 0.0
   Coat Roughness: 0.03
   Transmission Weight: <-GROUP:MetalStainlessSteelBrushed002_4K group=MetalStainlessSteelBrushed002_4K.013 {'Scale': 0.5, 'Aspect Ratio': 1.0, 'Global Rotation': 0.0, 'Roughness Adj.': 0.0, 'Normal Strength': 1.0} {UV<-(TEX_COORD:Texture Coordinate {})}
   Specular IOR Level: 0.5
   Sheen Weight: 0.0
   images: ['MetalStainlessSteelBrushed002_COL_4K_METALNESS.013(4096x4096)', 'MetalStainlessSteelBrushed002_METALNESS_4K_METALNESS.013(4096x4096)', 'MetalStainlessSteelBrushed002_NRM_2K_METALNESS.jpg.013(2048x2048)', 'MetalStainlessSteelBrushed002_ROUGHNESS_4K_METALNESS.013(4096x4096)']
MAT MetalStainlessSteelBrushed002_4k_black/grey  users={'master parent.006 black': 1} examples=[['step to obj.024[1]']]
   Base Color: <-CURVE_RGB:RGB Curves curves=[[(0.0, 0.0), (1.0, 1.0)], [(0.0, 0.0), (1.0, 1.0)], [(0.0, 0.0), (1.0, 1.0)], [(0.0, 0.0), (0.49, 0.17), (1.0, 0.4)]] {Fac=1.0, Color<-(MIX:Mix blend=COLOR {Factor=1.0, A<-(GROUP:MetalStainlessSteelBrushed002_4K group=MetalStainlessSteelBrushed002_4K.005 {'Scale': 0.5, 'Aspect Ratio': 1.0, 'Global Rotation': 0.0, 'Roughness Adj.': 0.0, 'Normal Strength': 1.0} {UV<-(TEX_COORD:Texture Coordinate {})}), B=[0.0, 0.0, 0.0, 1.0]})}
   Metallic: <-GROUP:MetalStainlessSteelBrushed002_4K group=MetalStainlessSteelBrushed002_4K.005 {'Scale': 0.5, 'Aspect Ratio': 1.0, 'Global Rotation': 0.0, 'Roughness Adj.': 0.0, 'Normal Strength': 1.0} {UV<-(TEX_COORD:Texture Coordinate {})}
   Roughness: <-MATH:Math {Value<-(GROUP:MetalStainlessSteelBrushed002_4K group=MetalStainlessSteelBrushed002_4K.005 {'Scale': 0.5, 'Aspect Ratio': 1.0, 'Global Rotation': 0.0, 'Roughness Adj.': 0.0, 'Normal Strength': 1.0} {UV<-(TEX_COORD:Texture Coordinate {})}), Value=0.0}
   IOR: 1.45
   Alpha: <-GROUP:MetalStainlessSteelBrushed002_4K group=MetalStainlessSteelBrushed002_4K.005 {'Scale': 0.5, 'Aspect Ratio': 1.0, 'Global Rotation': 0.0, 'Roughness Adj.': 0.0, 'Normal Strength': 1.0} {UV<-(TEX_COORD:Texture Coordinate {})}
   Normal: <-GROUP:MetalStainlessSteelBrushed002_4K group=MetalStainlessSteelBrushed002_4K.005 {'Scale': 0.5, 'Aspect Ratio': 1.0, 'Global Rotation': 0.0, 'Roughness Adj.': 0.0, 'Normal Strength': 1.0} {UV<-(TEX_COORD:Texture Coordinate {})}
   Anisotropic: 0.0
   Anisotropic Rotation: 0.0
   Coat Weight: 0.0
   Coat Roughness: 0.03
   Transmission Weight: <-GROUP:MetalStainlessSteelBrushed002_4K group=MetalStainlessSteelBrushed002_4K.005 {'Scale': 0.5, 'Aspect Ratio': 1.0, 'Global Rotation': 0.0, 'Roughness Adj.': 0.0, 'Normal Strength': 1.0} {UV<-(TEX_COORD:Texture Coordinate {})}
   Specular IOR Level: 0.5
   Sheen Weight: 0.0
   images: ['MetalStainlessSteelBrushed002_COL_4K_METALNESS.005(4096x4096)', 'MetalStainlessSteelBrushed002_METALNESS_4K_METALNESS.005(4096x4096)', 'MetalStainlessSteelBrushed002_NRM_2K_METALNESS.jpg.005(2048x2048)', 'MetalStainlessSteelBrushed002_ROUGHNESS_4K_METALNESS.005(4096x4096)']
MAT MetalStainlessSteelBrushed002_4k_black_hartley_mesh..001  users={'1. black mesh band parent.004': 1, '1. black mesh band parent.001': 1, '1. black mesh band parent.002': 1} examples=[['_group3group2_polySurface902.005[0]'], ['_group3group2_polySurface902.006[0]']]
   Base Color: <-HUE_SAT:Hue/Saturation/Value.001 {Hue=0.5, Saturation=0.76, Value=3.0, Fac<-(TEX_IMAGE:Image Texture image=leatherstrap_detail.jpg.008 cs=sRGB {Vector<-(UVMAP:UV Map.001 {})}), Color<-(MIX:Mix blend=MIX {Factor=1.0, A<-(GROUP:MetalStainlessSteelBrushed002_4K group=MetalStainlessSteelBrushed002_4K.011 {'Scale': 0.5, 'Aspect Ratio': 1.0, 'Global Rotation': 0.0, 'Roughness Adj.': 0.0, 'Normal Strength': 1.0} {UV<-(UVMAP:UV Map {})}), B=[0.052, 0.052, 0.052, 1.0]})}
   Metallic: <-GROUP:MetalStainlessSteelBrushed002_4K group=MetalStainlessSteelBrushed002_4K.011 {'Scale': 0.5, 'Aspect Ratio': 1.0, 'Global Rotation': 0.0, 'Roughness Adj.': 0.0, 'Normal Strength': 1.0} {UV<-(UVMAP:UV Map {})}
   Roughness: <-MIX:Mix.002 blend=MIX {Factor<-(TEX_IMAGE:Image Texture image=leatherstrap_detail.jpg.008 cs=sRGB {Vector<-(UVMAP:UV Map.001 {})}), A<-(MATH:Math {Value<-(GROUP:MetalStainlessSteelBrushed002_4K group=MetalStainlessSteelBrushed002_4K.011 {'Scale': 0.5, 'Aspect Ratio': 1.0, 'Global Rotation': 0.0, 'Roughness Adj.': 0.0, 'Normal Strength': 1.0} {UV<-(UVMAP:UV Map {})}), Value=0.0}), B=[0.735, 0.735, 0.735, 1.0]}
   IOR: 1.45
   Alpha: <-GROUP:MetalStainlessSteelBrushed002_4K group=MetalStainlessSteelBrushed002_4K.011 {'Scale': 0.5, 'Aspect Ratio': 1.0, 'Global Rotation': 0.0, 'Roughness Adj.': 0.0, 'Normal Strength': 1.0} {UV<-(UVMAP:UV Map {})}
   Normal: <-NORMAL_MAP:Normal Map {Strength=-1.0, Color<-(TEX_IMAGE:Image Texture.001 image=leatherstrap_detail.png.008 cs=Non-Color {Vector<-(UVMAP:UV Map.001 {})})}
   Anisotropic: 0.0
   Anisotropic Rotation: 0.0
   Coat Weight: 0.0
   Coat Roughness: 0.03
   Transmission Weight: <-GROUP:MetalStainlessSteelBrushed002_4K group=MetalStainlessSteelBrushed002_4K.011 {'Scale': 0.5, 'Aspect Ratio': 1.0, 'Global Rotation': 0.0, 'Roughness Adj.': 0.0, 'Normal Strength': 1.0} {UV<-(UVMAP:UV Map {})}
   Specular IOR Level: 0.5
   Sheen Weight: 0.0
   images: ['MetalStainlessSteelBrushed002_COL_4K_METALNESS.011(4096x4096)', 'MetalStainlessSteelBrushed002_METALNESS_4K_METALNESS.011(4096x4096)', 'MetalStainlessSteelBrushed002_NRM_2K_METALNESS.jpg.011(2048x2048)', 'MetalStainlessSteelBrushed002_ROUGHNESS_4K_METALNESS.011(4096x4096)', 'leatherstrap_detail.jpg.008(2000x2000)', 'leatherstrap_detail.png.008(2000x2000)']
MAT MetalStainlessSteelBrushed002_4k_black_hartley_mesh..002  users={'1. black mesh band parent.003': 1} examples=[['_group3group2_polySurface902.011[0]']]
   Base Color: <-HUE_SAT:Hue/Saturation/Value.001 {Hue=0.5, Saturation=0.76, Value=3.0, Fac<-(TEX_IMAGE:Image Texture image=leatherstrap_detail.jpg.011 cs=sRGB {Vector<-(UVMAP:UV Map.001 {})}), Color<-(MIX:Mix blend=MIX {Factor=1.0, A<-(GROUP:MetalStainlessSteelBrushed002_4K group=MetalStainlessSteelBrushed002_4K.013 {'Scale': 0.5, 'Aspect Ratio': 1.0, 'Global Rotation': 0.0, 'Roughness Adj.': 0.0, 'Normal Strength': 1.0} {UV<-(UVMAP:UV Map {})}), B=[0.052, 0.052, 0.052, 1.0]})}
   Metallic: <-GROUP:MetalStainlessSteelBrushed002_4K group=MetalStainlessSteelBrushed002_4K.013 {'Scale': 0.5, 'Aspect Ratio': 1.0, 'Global Rotation': 0.0, 'Roughness Adj.': 0.0, 'Normal Strength': 1.0} {UV<-(UVMAP:UV Map {})}
   Roughness: <-MIX:Mix.002 blend=MIX {Factor<-(TEX_IMAGE:Image Texture image=leatherstrap_detail.jpg.011 cs=sRGB {Vector<-(UVMAP:UV Map.001 {})}), A<-(MATH:Math {Value<-(GROUP:MetalStainlessSteelBrushed002_4K group=MetalStainlessSteelBrushed002_4K.013 {'Scale': 0.5, 'Aspect Ratio': 1.0, 'Global Rotation': 0.0, 'Roughness Adj.': 0.0, 'Normal Strength': 1.0} {UV<-(UVMAP:UV Map {})}), Value=0.0}), B=[0.735, 0.735, 0.735, 1.0]}
   IOR: 1.45
   Alpha: <-GROUP:MetalStainlessSteelBrushed002_4K group=MetalStainlessSteelBrushed002_4K.013 {'Scale': 0.5, 'Aspect Ratio': 1.0, 'Global Rotation': 0.0, 'Roughness Adj.': 0.0, 'Normal Strength': 1.0} {UV<-(UVMAP:UV Map {})}
   Normal: <-NORMAL_MAP:Normal Map {Strength=-1.0, Color<-(TEX_IMAGE:Image Texture.001 image=leatherstrap_detail.png.011 cs=Non-Color {Vector<-(UVMAP:UV Map.001 {})})}
   Anisotropic: 0.0
   Anisotropic Rotation: 0.0
   Coat Weight: 0.0
   Coat Roughness: 0.03
   Transmission Weight: <-GROUP:MetalStainlessSteelBrushed002_4K group=MetalStainlessSteelBrushed002_4K.013 {'Scale': 0.5, 'Aspect Ratio': 1.0, 'Global Rotation': 0.0, 'Roughness Adj.': 0.0, 'Normal Strength': 1.0} {UV<-(UVMAP:UV Map {})}
   Specular IOR Level: 0.5
   Sheen Weight: 0.0
   images: ['MetalStainlessSteelBrushed002_COL_4K_METALNESS.013(4096x4096)', 'MetalStainlessSteelBrushed002_METALNESS_4K_METALNESS.013(4096x4096)', 'MetalStainlessSteelBrushed002_NRM_2K_METALNESS.jpg.013(2048x2048)', 'MetalStainlessSteelBrushed002_ROUGHNESS_4K_METALNESS.013(4096x4096)', 'leatherstrap_detail.jpg.011(2000x2000)', 'leatherstrap_detail.png.011(2000x2000)']
MAT MetalStainlessSteelBrushed002_4k_gold  users={'3. gold base with black face': 1, '1. mesh band parent_gold': 1} examples=[['1. Base Mesh.003[2]'], ['_group3group2__polySurface2460.004[0]']]
   Base Color: <-MIX:Mix blend=COLOR {Factor=1.0, A<-(GROUP:MetalStainlessSteelBrushed002_4K group=MetalStainlessSteelBrushed002_4K.002 {'Scale': 0.5, 'Aspect Ratio': 1.0, 'Global Rotation': 0.0, 'Roughness Adj.': 0.0, 'Normal Strength': 1.0} {UV<-(UVMAP:UV Map {})}), B=[0.556, 0.424, 0.167, 1.0]}
   Metallic: <-GROUP:MetalStainlessSteelBrushed002_4K group=MetalStainlessSteelBrushed002_4K.002 {'Scale': 0.5, 'Aspect Ratio': 1.0, 'Global Rotation': 0.0, 'Roughness Adj.': 0.0, 'Normal Strength': 1.0} {UV<-(UVMAP:UV Map {})}
   Roughness: <-MIX:Mix.002 blend=MIX {Factor<-(TEX_IMAGE:Image Texture image=leatherstrap_detail.jpg.003 cs=sRGB {Vector<-(UVMAP:UV Map.001 {})}), A<-(MATH:Math {Value<-(GROUP:MetalStainlessSteelBrushed002_4K group=MetalStainlessSteelBrushed002_4K.002 {'Scale': 0.5, 'Aspect Ratio': 1.0, 'Global Rotation': 0.0, 'Roughness Adj.': 0.0, 'Normal Strength': 1.0} {UV<-(UVMAP:UV Map {})}), Value=0.0}), B=[0.5, 0.5, 0.5, 1.0]}
   IOR: 1.45
   Alpha: <-GROUP:MetalStainlessSteelBrushed002_4K group=MetalStainlessSteelBrushed002_4K.002 {'Scale': 0.5, 'Aspect Ratio': 1.0, 'Global Rotation': 0.0, 'Roughness Adj.': 0.0, 'Normal Strength': 1.0} {UV<-(UVMAP:UV Map {})}
   Normal: <-BUMP:Bump {Strength=1.0, Normal<-(GROUP:MetalStainlessSteelBrushed002_4K group=MetalStainlessSteelBrushed002_4K.002 {'Scale': 0.5, 'Aspect Ratio': 1.0, 'Global Rotation': 0.0, 'Roughness Adj.': 0.0, 'Normal Strength': 1.0} {UV<-(UVMAP:UV Map {})})}
   Anisotropic: 0.0
   Anisotropic Rotation: 0.0
   Coat Weight: 0.0
   Coat Roughness: 0.03
   Transmission Weight: <-GROUP:MetalStainlessSteelBrushed002_4K group=MetalStainlessSteelBrushed002_4K.002 {'Scale': 0.5, 'Aspect Ratio': 1.0, 'Global Rotation': 0.0, 'Roughness Adj.': 0.0, 'Normal Strength': 1.0} {UV<-(UVMAP:UV Map {})}
   Specular IOR Level: 0.5
   Sheen Weight: 0.0
   images: ['MetalStainlessSteelBrushed002_COL_4K_METALNESS.002(4096x4096)', 'MetalStainlessSteelBrushed002_METALNESS_4K_METALNESS.002(4096x4096)', 'MetalStainlessSteelBrushed002_NRM_2K_METALNESS.jpg.002(2048x2048)', 'MetalStainlessSteelBrushed002_ROUGHNESS_4K_METALNESS.002(4096x4096)', 'leatherstrap_detail.jpg.003(2000x2000)', 'leatherstrap_detail.png.003(2000x2000)']
MAT MetalStainlessSteelBrushed002_4k_gold.001  users={'3. gold base with black face.001': 1, '1. mesh band parent_gold.001': 1} examples=[['1. Base Mesh.006[2]'], ['_group3group2__polySurface2460.012[0]']]
   Base Color: <-MIX:Mix blend=COLOR {Factor=1.0, A<-(GROUP:MetalStainlessSteelBrushed002_4K group=MetalStainlessSteelBrushed002_4K.014 {'Scale': 0.5, 'Aspect Ratio': 1.0, 'Global Rotation': 0.0, 'Roughness Adj.': 0.0, 'Normal Strength': 1.0} {UV<-(UVMAP:UV Map {})}), B=[0.556, 0.424, 0.167, 1.0]}
   Metallic: <-GROUP:MetalStainlessSteelBrushed002_4K group=MetalStainlessSteelBrushed002_4K.014 {'Scale': 0.5, 'Aspect Ratio': 1.0, 'Global Rotation': 0.0, 'Roughness Adj.': 0.0, 'Normal Strength': 1.0} {UV<-(UVMAP:UV Map {})}
   Roughness: <-MIX:Mix.002 blend=MIX {Factor<-(TEX_IMAGE:Image Texture image=leatherstrap_detail.jpg.014 cs=sRGB {Vector<-(UVMAP:UV Map.001 {})}), A<-(MATH:Math {Value<-(GROUP:MetalStainlessSteelBrushed002_4K group=MetalStainlessSteelBrushed002_4K.014 {'Scale': 0.5, 'Aspect Ratio': 1.0, 'Global Rotation': 0.0, 'Roughness Adj.': 0.0, 'Normal Strength': 1.0} {UV<-(UVMAP:UV Map {})}), Value=0.0}), B=[0.5, 0.5, 0.5, 1.0]}
   IOR: 1.45
   Alpha: <-GROUP:MetalStainlessSteelBrushed002_4K group=MetalStainlessSteelBrushed002_4K.014 {'Scale': 0.5, 'Aspect Ratio': 1.0, 'Global Rotation': 0.0, 'Roughness Adj.': 0.0, 'Normal Strength': 1.0} {UV<-(UVMAP:UV Map {})}
   Normal: <-BUMP:Bump {Strength=1.0, Normal<-(GROUP:MetalStainlessSteelBrushed002_4K group=MetalStainlessSteelBrushed002_4K.014 {'Scale': 0.5, 'Aspect Ratio': 1.0, 'Global Rotation': 0.0, 'Roughness Adj.': 0.0, 'Normal Strength': 1.0} {UV<-(UVMAP:UV Map {})})}
   Anisotropic: 0.0
   Anisotropic Rotation: 0.0
   Coat Weight: 0.0
   Coat Roughness: 0.03
   Transmission Weight: <-GROUP:MetalStainlessSteelBrushed002_4K group=MetalStainlessSteelBrushed002_4K.014 {'Scale': 0.5, 'Aspect Ratio': 1.0, 'Global Rotation': 0.0, 'Roughness Adj.': 0.0, 'Normal Strength': 1.0} {UV<-(UVMAP:UV Map {})}
   Specular IOR Level: 0.5
   Sheen Weight: 0.0
   images: ['MetalStainlessSteelBrushed002_COL_4K_METALNESS.014(4096x4096)', 'MetalStainlessSteelBrushed002_METALNESS_4K_METALNESS.014(4096x4096)', 'MetalStainlessSteelBrushed002_NRM_2K_METALNESS.jpg.014(2048x2048)', 'MetalStainlessSteelBrushed002_ROUGHNESS_4K_METALNESS.014(4096x4096)', 'leatherstrap_detail.jpg.014(2000x2000)', 'leatherstrap_detail.png.014(2000x2000)']
MAT MetalStainlessSteelBrushed002_4k_gold.002  users={'master parent.005 rose gold': 1} examples=[['step to obj.020[1]']]
   Base Color: <-MIX:Mix blend=COLOR {Factor=1.0, A<-(GROUP:MetalStainlessSteelBrushed002_4K group=MetalStainlessSteelBrushed002_4K.006 {'Scale': 0.5, 'Aspect Ratio': 1.0, 'Global Rotation': 0.0, 'Roughness Adj.': 0.0, 'Normal Strength': 1.0} {UV<-(UVMAP:UV Map {})}), B=[0.556, 0.424, 0.167, 1.0]}
   Metallic: <-GROUP:MetalStainlessSteelBrushed002_4K group=MetalStainlessSteelBrushed002_4K.006 {'Scale': 0.5, 'Aspect Ratio': 1.0, 'Global Rotation': 0.0, 'Roughness Adj.': 0.0, 'Normal Strength': 1.0} {UV<-(UVMAP:UV Map {})}
   Roughness: <-MIX:Mix.002 blend=MIX {Factor<-(TEX_IMAGE:Image Texture image=leatherstrap_detail.jpg.006 cs=sRGB {Vector<-(UVMAP:UV Map.001 {})}), A<-(MATH:Math {Value<-(GROUP:MetalStainlessSteelBrushed002_4K group=MetalStainlessSteelBrushed002_4K.006 {'Scale': 0.5, 'Aspect Ratio': 1.0, 'Global Rotation': 0.0, 'Roughness Adj.': 0.0, 'Normal Strength': 1.0} {UV<-(UVMAP:UV Map {})}), Value=0.0}), B=[0.5, 0.5, 0.5, 1.0]}
   IOR: 1.45
   Alpha: <-GROUP:MetalStainlessSteelBrushed002_4K group=MetalStainlessSteelBrushed002_4K.006 {'Scale': 0.5, 'Aspect Ratio': 1.0, 'Global Rotation': 0.0, 'Roughness Adj.': 0.0, 'Normal Strength': 1.0} {UV<-(UVMAP:UV Map {})}
   Normal: <-BUMP:Bump {Strength=1.0, Normal<-(GROUP:MetalStainlessSteelBrushed002_4K group=MetalStainlessSteelBrushed002_4K.006 {'Scale': 0.5, 'Aspect Ratio': 1.0, 'Global Rotation': 0.0, 'Roughness Adj.': 0.0, 'Normal Strength': 1.0} {UV<-(UVMAP:UV Map {})})}
   Anisotropic: 0.0
   Anisotropic Rotation: 0.0
   Coat Weight: 0.0
   Coat Roughness: 0.03
   Transmission Weight: <-GROUP:MetalStainlessSteelBrushed002_4K group=MetalStainlessSteelBrushed002_4K.006 {'Scale': 0.5, 'Aspect Ratio': 1.0, 'Global Rotation': 0.0, 'Roughness Adj.': 0.0, 'Normal Strength': 1.0} {UV<-(UVMAP:UV Map {})}
   Specular IOR Level: 0.5
   Sheen Weight: 0.0
   images: ['MetalStainlessSteelBrushed002_COL_4K_METALNESS.006(4096x4096)', 'MetalStainlessSteelBrushed002_METALNESS_4K_METALNESS.006(4096x4096)', 'MetalStainlessSteelBrushed002_NRM_2K_METALNESS.jpg.006(2048x2048)', 'MetalStainlessSteelBrushed002_ROUGHNESS_4K_METALNESS.006(4096x4096)', 'leatherstrap_detail.jpg.006(2000x2000)', 'leatherstrap_detail.png.006(2000x2000)']
MAT MetalStainlessSteelBrushed002_4k_gold.003  users={'master parent.002': 3} examples=[['step to obj[1]', 'step to obj.001[1]', 'step to obj.004[1]']]
   Base Color: <-MIX:Mix blend=COLOR {Factor=1.0, A<-(GROUP:MetalStainlessSteelBrushed002_4K group=MetalStainlessSteelBrushed002_4K.010 {'Scale': 0.5, 'Aspect Ratio': 1.0, 'Global Rotation': 0.0, 'Roughness Adj.': 0.0, 'Normal Strength': 1.0} {UV<-(UVMAP:UV Map {})}), B=[0.556, 0.424, 0.167, 1.0]}
   Metallic: <-GROUP:MetalStainlessSteelBrushed002_4K group=MetalStainlessSteelBrushed002_4K.010 {'Scale': 0.5, 'Aspect Ratio': 1.0, 'Global Rotation': 0.0, 'Roughness Adj.': 0.0, 'Normal Strength': 1.0} {UV<-(UVMAP:UV Map {})}
   Roughness: <-MIX:Mix.002 blend=MIX {Factor<-(TEX_IMAGE:Image Texture image=leatherstrap_detail.jpg.007 cs=sRGB {Vector<-(UVMAP:UV Map.001 {})}), A<-(MATH:Math {Value<-(GROUP:MetalStainlessSteelBrushed002_4K group=MetalStainlessSteelBrushed002_4K.010 {'Scale': 0.5, 'Aspect Ratio': 1.0, 'Global Rotation': 0.0, 'Roughness Adj.': 0.0, 'Normal Strength': 1.0} {UV<-(UVMAP:UV Map {})}), Value=0.0}), B=[0.5, 0.5, 0.5, 1.0]}
   IOR: 1.45
   Alpha: <-GROUP:MetalStainlessSteelBrushed002_4K group=MetalStainlessSteelBrushed002_4K.010 {'Scale': 0.5, 'Aspect Ratio': 1.0, 'Global Rotation': 0.0, 'Roughness Adj.': 0.0, 'Normal Strength': 1.0} {UV<-(UVMAP:UV Map {})}
   Normal: <-BUMP:Bump {Strength=1.0, Normal<-(GROUP:MetalStainlessSteelBrushed002_4K group=MetalStainlessSteelBrushed002_4K.010 {'Scale': 0.5, 'Aspect Ratio': 1.0, 'Global Rotation': 0.0, 'Roughness Adj.': 0.0, 'Normal Strength': 1.0} {UV<-(UVMAP:UV Map {})})}
   Anisotropic: 0.0
   Anisotropic Rotation: 0.0
   Coat Weight: 0.0
   Coat Roughness: 0.03
   Transmission Weight: <-GROUP:MetalStainlessSteelBrushed002_4K group=MetalStainlessSteelBrushed002_4K.010 {'Scale': 0.5, 'Aspect Ratio': 1.0, 'Global Rotation': 0.0, 'Roughness Adj.': 0.0, 'Normal Strength': 1.0} {UV<-(UVMAP:UV Map {})}
   Specular IOR Level: 0.5
   Sheen Weight: 0.0
   images: ['MetalStainlessSteelBrushed002_COL_4K_METALNESS.010(4096x4096)', 'MetalStainlessSteelBrushed002_METALNESS_4K_METALNESS.010(4096x4096)', 'MetalStainlessSteelBrushed002_NRM_2K_METALNESS.jpg.010(2048x2048)', 'MetalStainlessSteelBrushed002_ROUGHNESS_4K_METALNESS.010(4096x4096)', 'leatherstrap_detail.jpg.007(2000x2000)', 'leatherstrap_detail.png.007(2000x2000)']
MAT MetalStainlessSteelBrushed002_4k_gold_hartley_mesh  users={'1. mesh band parent_gold': 1} examples=[['_group3group2_polySurface902.004[0]']]
   Base Color: <-HUE_SAT:Hue/Saturation/Value.001 {Hue=0.5, Saturation=0.76, Value=1.99, Fac<-(TEX_IMAGE:Image Texture image=leatherstrap_detail.jpg.003 cs=sRGB {Vector<-(UVMAP:UV Map.001 {})}), Color<-(MIX:Mix blend=COLOR {Factor=1.0, A<-(GROUP:MetalStainlessSteelBrushed002_4K group=MetalStainlessSteelBrushed002_4K.002 {'Scale': 0.5, 'Aspect Ratio': 1.0, 'Global Rotation': 0.0, 'Roughness Adj.': 0.0, 'Normal Strength': 1.0} {UV<-(UVMAP:UV Map {})}), B=[0.556, 0.424, 0.167, 1.0]})}
   Metallic: <-GROUP:MetalStainlessSteelBrushed002_4K group=MetalStainlessSteelBrushed002_4K.002 {'Scale': 0.5, 'Aspect Ratio': 1.0, 'Global Rotation': 0.0, 'Roughness Adj.': 0.0, 'Normal Strength': 1.0} {UV<-(UVMAP:UV Map {})}
   Roughness: <-MIX:Mix.002 blend=MIX {Factor<-(TEX_IMAGE:Image Texture image=leatherstrap_detail.jpg.003 cs=sRGB {Vector<-(UVMAP:UV Map.001 {})}), A<-(MATH:Math {Value<-(GROUP:MetalStainlessSteelBrushed002_4K group=MetalStainlessSteelBrushed002_4K.002 {'Scale': 0.5, 'Aspect Ratio': 1.0, 'Global Rotation': 0.0, 'Roughness Adj.': 0.0, 'Normal Strength': 1.0} {UV<-(UVMAP:UV Map {})}), Value=0.0}), B=[0.735, 0.735, 0.735, 1.0]}
   IOR: 1.45
   Alpha: <-GROUP:MetalStainlessSteelBrushed002_4K group=MetalStainlessSteelBrushed002_4K.002 {'Scale': 0.5, 'Aspect Ratio': 1.0, 'Global Rotation': 0.0, 'Roughness Adj.': 0.0, 'Normal Strength': 1.0} {UV<-(UVMAP:UV Map {})}
   Normal: <-NORMAL_MAP:Normal Map {Strength=-1.0, Color<-(TEX_IMAGE:Image Texture.001 image=leatherstrap_detail.png.003 cs=Non-Color {Vector<-(UVMAP:UV Map.001 {})})}
   Anisotropic: 0.0
   Anisotropic Rotation: 0.0
   Coat Weight: 0.0
   Coat Roughness: 0.03
   Transmission Weight: <-GROUP:MetalStainlessSteelBrushed002_4K group=MetalStainlessSteelBrushed002_4K.002 {'Scale': 0.5, 'Aspect Ratio': 1.0, 'Global Rotation': 0.0, 'Roughness Adj.': 0.0, 'Normal Strength': 1.0} {UV<-(UVMAP:UV Map {})}
   Specular IOR Level: 0.5
   Sheen Weight: 0.0
   images: ['MetalStainlessSteelBrushed002_COL_4K_METALNESS.002(4096x4096)', 'MetalStainlessSteelBrushed002_METALNESS_4K_METALNESS.002(4096x4096)', 'MetalStainlessSteelBrushed002_NRM_2K_METALNESS.jpg.002(2048x2048)', 'MetalStainlessSteelBrushed002_ROUGHNESS_4K_METALNESS.002(4096x4096)', 'leatherstrap_detail.jpg.003(2000x2000)', 'leatherstrap_detail.png.003(2000x2000)']
MAT MetalStainlessSteelBrushed002_4k_gold_hartley_mesh.001  users={'1. mesh band parent_gold.001': 1} examples=[['_group3group2_polySurface902.012[0]']]
   Base Color: <-HUE_SAT:Hue/Saturation/Value.001 {Hue=0.5, Saturation=0.76, Value=1.99, Fac<-(TEX_IMAGE:Image Texture image=leatherstrap_detail.jpg.014 cs=sRGB {Vector<-(UVMAP:UV Map.001 {})}), Color<-(MIX:Mix blend=COLOR {Factor=1.0, A<-(GROUP:MetalStainlessSteelBrushed002_4K group=MetalStainlessSteelBrushed002_4K.014 {'Scale': 0.5, 'Aspect Ratio': 1.0, 'Global Rotation': 0.0, 'Roughness Adj.': 0.0, 'Normal Strength': 1.0} {UV<-(UVMAP:UV Map {})}), B=[0.556, 0.424, 0.167, 1.0]})}
   Metallic: <-GROUP:MetalStainlessSteelBrushed002_4K group=MetalStainlessSteelBrushed002_4K.014 {'Scale': 0.5, 'Aspect Ratio': 1.0, 'Global Rotation': 0.0, 'Roughness Adj.': 0.0, 'Normal Strength': 1.0} {UV<-(UVMAP:UV Map {})}
   Roughness: <-MIX:Mix.002 blend=MIX {Factor<-(TEX_IMAGE:Image Texture image=leatherstrap_detail.jpg.014 cs=sRGB {Vector<-(UVMAP:UV Map.001 {})}), A<-(MATH:Math {Value<-(GROUP:MetalStainlessSteelBrushed002_4K group=MetalStainlessSteelBrushed002_4K.014 {'Scale': 0.5, 'Aspect Ratio': 1.0, 'Global Rotation': 0.0, 'Roughness Adj.': 0.0, 'Normal Strength': 1.0} {UV<-(UVMAP:UV Map {})}), Value=0.0}), B=[0.735, 0.735, 0.735, 1.0]}
   IOR: 1.45
   Alpha: <-GROUP:MetalStainlessSteelBrushed002_4K group=MetalStainlessSteelBrushed002_4K.014 {'Scale': 0.5, 'Aspect Ratio': 1.0, 'Global Rotation': 0.0, 'Roughness Adj.': 0.0, 'Normal Strength': 1.0} {UV<-(UVMAP:UV Map {})}
   Normal: <-NORMAL_MAP:Normal Map {Strength=-1.0, Color<-(TEX_IMAGE:Image Texture.001 image=leatherstrap_detail.png.014 cs=Non-Color {Vector<-(UVMAP:UV Map.001 {})})}
   Anisotropic: 0.0
   Anisotropic Rotation: 0.0
   Coat Weight: 0.0
   Coat Roughness: 0.03
   Transmission Weight: <-GROUP:MetalStainlessSteelBrushed002_4K group=MetalStainlessSteelBrushed002_4K.014 {'Scale': 0.5, 'Aspect Ratio': 1.0, 'Global Rotation': 0.0, 'Roughness Adj.': 0.0, 'Normal Strength': 1.0} {UV<-(UVMAP:UV Map {})}
   Specular IOR Level: 0.5
   Sheen Weight: 0.0
   images: ['MetalStainlessSteelBrushed002_COL_4K_METALNESS.014(4096x4096)', 'MetalStainlessSteelBrushed002_METALNESS_4K_METALNESS.014(4096x4096)', 'MetalStainlessSteelBrushed002_NRM_2K_METALNESS.jpg.014(2048x2048)', 'MetalStainlessSteelBrushed002_ROUGHNESS_4K_METALNESS.014(4096x4096)', 'leatherstrap_detail.jpg.014(2000x2000)', 'leatherstrap_detail.png.014(2000x2000)']
MAT MetalStainlessSteelBrushed002_4k_gold_no text  users={'master parent.002': 1} examples=[['step to obj.003[1]']]
   Base Color: <-MIX:Mix blend=COLOR {Factor=1.0, A<-(GROUP:MetalStainlessSteelBrushed002_4K group=MetalStainlessSteelBrushed002_4K.010 {'Scale': 0.5, 'Aspect Ratio': 1.0, 'Global Rotation': 0.0, 'Roughness Adj.': 0.0, 'Normal Strength': 1.0} {UV<-(MAPPING:Mapping loc=[0.0, 0.0, 0.0] rot=[0.0, 0.0, 0.0] scale=[1.0, 1.0, 1.0] {Vector<-(TEX_COORD:Texture Coordinate {})})}), B=[0.556, 0.424, 0.167, 1.0]}
   Metallic: <-GROUP:MetalStainlessSteelBrushed002_4K group=MetalStainlessSteelBrushed002_4K.010 {'Scale': 0.5, 'Aspect Ratio': 1.0, 'Global Rotation': 0.0, 'Roughness Adj.': 0.0, 'Normal Strength': 1.0} {UV<-(MAPPING:Mapping loc=[0.0, 0.0, 0.0] rot=[0.0, 0.0, 0.0] scale=[1.0, 1.0, 1.0] {Vector<-(TEX_COORD:Texture Coordinate {})})}
   Roughness: <-MIX:Mix.002 blend=MIX {Factor<-(TEX_IMAGE:Image Texture image=leatherstrap_detail.jpg.007 cs=sRGB {Vector<-(UVMAP:UV Map.001 {})}), A<-(MATH:Math {Value<-(GROUP:MetalStainlessSteelBrushed002_4K group=MetalStainlessSteelBrushed002_4K.010 {'Scale': 0.5, 'Aspect Ratio': 1.0, 'Global Rotation': 0.0, 'Roughness Adj.': 0.0, 'Normal Strength': 1.0} {UV<-(MAPPING:Mapping loc=[0.0, 0.0, 0.0] rot=[0.0, 0.0, 0.0] scale=[1.0, 1.0, 1.0] {Vector<-(TEX_COORD:Texture Coordinate)})}), Value=0.0}), B=[0.5, 0.5, 0.5, 1.0]}
   IOR: 1.45
   Alpha: <-GROUP:MetalStainlessSteelBrushed002_4K group=MetalStainlessSteelBrushed002_4K.010 {'Scale': 0.5, 'Aspect Ratio': 1.0, 'Global Rotation': 0.0, 'Roughness Adj.': 0.0, 'Normal Strength': 1.0} {UV<-(MAPPING:Mapping loc=[0.0, 0.0, 0.0] rot=[0.0, 0.0, 0.0] scale=[1.0, 1.0, 1.0] {Vector<-(TEX_COORD:Texture Coordinate {})})}
   Normal: <-BUMP:Bump {Strength=1.0, Normal<-(GROUP:MetalStainlessSteelBrushed002_4K group=MetalStainlessSteelBrushed002_4K.010 {'Scale': 0.5, 'Aspect Ratio': 1.0, 'Global Rotation': 0.0, 'Roughness Adj.': 0.0, 'Normal Strength': 1.0} {UV<-(MAPPING:Mapping loc=[0.0, 0.0, 0.0] rot=[0.0, 0.0, 0.0] scale=[1.0, 1.0, 1.0] {Vector<-(TEX_COORD:Texture Coordinate {})})})}
   Anisotropic: 0.0
   Anisotropic Rotation: 0.0
   Coat Weight: 0.0
   Coat Roughness: 0.03
   Transmission Weight: <-GROUP:MetalStainlessSteelBrushed002_4K group=MetalStainlessSteelBrushed002_4K.010 {'Scale': 0.5, 'Aspect Ratio': 1.0, 'Global Rotation': 0.0, 'Roughness Adj.': 0.0, 'Normal Strength': 1.0} {UV<-(MAPPING:Mapping loc=[0.0, 0.0, 0.0] rot=[0.0, 0.0, 0.0] scale=[1.0, 1.0, 1.0] {Vector<-(TEX_COORD:Texture Coordinate {})})}
   Specular IOR Level: 0.5
   Sheen Weight: 0.0
   images: ['MetalStainlessSteelBrushed002_COL_4K_METALNESS.010(4096x4096)', 'MetalStainlessSteelBrushed002_METALNESS_4K_METALNESS.010(4096x4096)', 'MetalStainlessSteelBrushed002_NRM_2K_METALNESS.jpg.010(2048x2048)', 'MetalStainlessSteelBrushed002_ROUGHNESS_4K_METALNESS.010(4096x4096)', 'leatherstrap_detail.jpg.007(2000x2000)', 'leatherstrap_detail.png.007(2000x2000)']
MAT MetalStainlessSteelBrushed002_4k_rosegold.001  users={'5. rose gold with white face.001': 1, '1. mesh band parent.rose gold': 1, '1. mesh band parent.rose gold.001': 1} examples=[['1. Base Mesh.004[8]'], ['_group3group2__polySurface2460.001[0]']]
   Base Color: <-MIX:Mix blend=COLOR {Factor=1.0, A<-(GROUP:MetalStainlessSteelBrushed002_4K group=MetalStainlessSteelBrushed002_4K.003 {'Scale': 0.5, 'Aspect Ratio': 1.0, 'Global Rotation': 0.0, 'Roughness Adj.': 0.0, 'Normal Strength': 1.0} {UV<-(TEX_COORD:Texture Coordinate {})}), B=[0.694, 0.423, 0.371, 1.0]}
   Metallic: <-GROUP:MetalStainlessSteelBrushed002_4K group=MetalStainlessSteelBrushed002_4K.003 {'Scale': 0.5, 'Aspect Ratio': 1.0, 'Global Rotation': 0.0, 'Roughness Adj.': 0.0, 'Normal Strength': 1.0} {UV<-(TEX_COORD:Texture Coordinate {})}
   Roughness: <-MATH:Math {Value<-(GROUP:MetalStainlessSteelBrushed002_4K group=MetalStainlessSteelBrushed002_4K.003 {'Scale': 0.5, 'Aspect Ratio': 1.0, 'Global Rotation': 0.0, 'Roughness Adj.': 0.0, 'Normal Strength': 1.0} {UV<-(TEX_COORD:Texture Coordinate {})}), Value=0.0}
   IOR: 1.45
   Alpha: <-GROUP:MetalStainlessSteelBrushed002_4K group=MetalStainlessSteelBrushed002_4K.003 {'Scale': 0.5, 'Aspect Ratio': 1.0, 'Global Rotation': 0.0, 'Roughness Adj.': 0.0, 'Normal Strength': 1.0} {UV<-(TEX_COORD:Texture Coordinate {})}
   Normal: <-GROUP:MetalStainlessSteelBrushed002_4K group=MetalStainlessSteelBrushed002_4K.003 {'Scale': 0.5, 'Aspect Ratio': 1.0, 'Global Rotation': 0.0, 'Roughness Adj.': 0.0, 'Normal Strength': 1.0} {UV<-(TEX_COORD:Texture Coordinate {})}
   Anisotropic: 0.0
   Anisotropic Rotation: 0.0
   Coat Weight: 0.0
   Coat Roughness: 0.03
   Transmission Weight: <-GROUP:MetalStainlessSteelBrushed002_4K group=MetalStainlessSteelBrushed002_4K.003 {'Scale': 0.5, 'Aspect Ratio': 1.0, 'Global Rotation': 0.0, 'Roughness Adj.': 0.0, 'Normal Strength': 1.0} {UV<-(TEX_COORD:Texture Coordinate {})}
   Specular IOR Level: 0.5
   Sheen Weight: 0.0
   images: ['MetalStainlessSteelBrushed002_COL_4K_METALNESS.003(4096x4096)', 'MetalStainlessSteelBrushed002_METALNESS_4K_METALNESS.003(4096x4096)', 'MetalStainlessSteelBrushed002_NRM_2K_METALNESS.jpg.003(2048x2048)', 'MetalStainlessSteelBrushed002_ROUGHNESS_4K_METALNESS.003(4096x4096)']
MAT MetalStainlessSteelBrushed002_4k_rosegold.002  users={'5. rose gold with white face.002': 1, '1. mesh band parent.rose gold.002': 1} examples=[['1. Base Mesh.005[8]'], ['_group3group2__polySurface2460.003[0]']]
   Base Color: <-MIX:Mix blend=COLOR {Factor=1.0, A<-(GROUP:MetalStainlessSteelBrushed002_4K group=MetalStainlessSteelBrushed002_4K.012 {'Scale': 0.5, 'Aspect Ratio': 1.0, 'Global Rotation': 0.0, 'Roughness Adj.': 0.0, 'Normal Strength': 1.0} {UV<-(TEX_COORD:Texture Coordinate {})}), B=[0.694, 0.413, 0.323, 1.0]}
   Metallic: <-GROUP:MetalStainlessSteelBrushed002_4K group=MetalStainlessSteelBrushed002_4K.012 {'Scale': 0.5, 'Aspect Ratio': 1.0, 'Global Rotation': 0.0, 'Roughness Adj.': 0.0, 'Normal Strength': 1.0} {UV<-(TEX_COORD:Texture Coordinate {})}
   Roughness: <-MATH:Math {Value<-(GROUP:MetalStainlessSteelBrushed002_4K group=MetalStainlessSteelBrushed002_4K.012 {'Scale': 0.5, 'Aspect Ratio': 1.0, 'Global Rotation': 0.0, 'Roughness Adj.': 0.0, 'Normal Strength': 1.0} {UV<-(TEX_COORD:Texture Coordinate {})}), Value=0.0}
   IOR: 1.45
   Alpha: <-GROUP:MetalStainlessSteelBrushed002_4K group=MetalStainlessSteelBrushed002_4K.012 {'Scale': 0.5, 'Aspect Ratio': 1.0, 'Global Rotation': 0.0, 'Roughness Adj.': 0.0, 'Normal Strength': 1.0} {UV<-(TEX_COORD:Texture Coordinate {})}
   Normal: <-GROUP:MetalStainlessSteelBrushed002_4K group=MetalStainlessSteelBrushed002_4K.012 {'Scale': 0.5, 'Aspect Ratio': 1.0, 'Global Rotation': 0.0, 'Roughness Adj.': 0.0, 'Normal Strength': 1.0} {UV<-(TEX_COORD:Texture Coordinate {})}
   Anisotropic: 0.0
   Anisotropic Rotation: 0.0
   Coat Weight: 0.0
   Coat Roughness: 0.03
   Transmission Weight: <-GROUP:MetalStainlessSteelBrushed002_4K group=MetalStainlessSteelBrushed002_4K.012 {'Scale': 0.5, 'Aspect Ratio': 1.0, 'Global Rotation': 0.0, 'Roughness Adj.': 0.0, 'Normal Strength': 1.0} {UV<-(TEX_COORD:Texture Coordinate {})}
   Specular IOR Level: 0.5
   Sheen Weight: 0.0
   images: ['MetalStainlessSteelBrushed002_COL_4K_METALNESS.012(4096x4096)', 'MetalStainlessSteelBrushed002_METALNESS_4K_METALNESS.012(4096x4096)', 'MetalStainlessSteelBrushed002_NRM_2K_METALNESS.jpg.012(2048x2048)', 'MetalStainlessSteelBrushed002_ROUGHNESS_4K_METALNESS.012(4096x4096)']
MAT MetalStainlessSteelBrushed002_4k_rosegold_hartley_mesh.001  users={'1. mesh band parent.rose gold': 1, '1. mesh band parent.rose gold.001': 1} examples=[['_group3group2_polySurface902.001[0]'], ['_group3group2_polySurface902.008[0]']]
   Base Color: <-HUE_SAT:Hue/Saturation/Value.001 {Hue=0.5, Saturation=0.76, Value=1.99, Fac<-(TEX_IMAGE:Image Texture image=leatherstrap_detail.jpg.004 cs=sRGB {Vector<-(UVMAP:UV Map.001 {})}), Color<-(MIX:Mix blend=COLOR {Factor=1.0, A<-(GROUP:MetalStainlessSteelBrushed002_4K group=MetalStainlessSteelBrushed002_4K.003 {'Scale': 0.5, 'Aspect Ratio': 1.0, 'Global Rotation': 0.0, 'Roughness Adj.': 0.0, 'Normal Strength': 1.0} {UV<-(UVMAP:UV Map {})}), B=[0.694, 0.392, 0.332, 1.0]})}
   Metallic: <-GROUP:MetalStainlessSteelBrushed002_4K group=MetalStainlessSteelBrushed002_4K.003 {'Scale': 0.5, 'Aspect Ratio': 1.0, 'Global Rotation': 0.0, 'Roughness Adj.': 0.0, 'Normal Strength': 1.0} {UV<-(UVMAP:UV Map {})}
   Roughness: <-MIX:Mix.002 blend=MIX {Factor<-(TEX_IMAGE:Image Texture image=leatherstrap_detail.jpg.004 cs=sRGB {Vector<-(UVMAP:UV Map.001 {})}), A<-(MATH:Math {Value<-(GROUP:MetalStainlessSteelBrushed002_4K group=MetalStainlessSteelBrushed002_4K.003 {'Scale': 0.5, 'Aspect Ratio': 1.0, 'Global Rotation': 0.0, 'Roughness Adj.': 0.0, 'Normal Strength': 1.0} {UV<-(UVMAP:UV Map {})}), Value=0.0}), B=[0.735, 0.735, 0.735, 1.0]}
   IOR: 1.45
   Alpha: <-GROUP:MetalStainlessSteelBrushed002_4K group=MetalStainlessSteelBrushed002_4K.003 {'Scale': 0.5, 'Aspect Ratio': 1.0, 'Global Rotation': 0.0, 'Roughness Adj.': 0.0, 'Normal Strength': 1.0} {UV<-(UVMAP:UV Map {})}
   Normal: <-NORMAL_MAP:Normal Map {Strength=-1.0, Color<-(TEX_IMAGE:Image Texture.001 image=leatherstrap_detail.png.004 cs=Non-Color {Vector<-(UVMAP:UV Map.001 {})})}
   Anisotropic: 0.0
   Anisotropic Rotation: 0.0
   Coat Weight: 0.0
   Coat Roughness: 0.03
   Transmission Weight: <-GROUP:MetalStainlessSteelBrushed002_4K group=MetalStainlessSteelBrushed002_4K.003 {'Scale': 0.5, 'Aspect Ratio': 1.0, 'Global Rotation': 0.0, 'Roughness Adj.': 0.0, 'Normal Strength': 1.0} {UV<-(UVMAP:UV Map {})}
   Specular IOR Level: 0.5
   Sheen Weight: 0.0
   images: ['MetalStainlessSteelBrushed002_COL_4K_METALNESS.003(4096x4096)', 'MetalStainlessSteelBrushed002_METALNESS_4K_METALNESS.003(4096x4096)', 'MetalStainlessSteelBrushed002_NRM_2K_METALNESS.jpg.003(2048x2048)', 'MetalStainlessSteelBrushed002_ROUGHNESS_4K_METALNESS.003(4096x4096)', 'leatherstrap_detail.jpg.004(2000x2000)', 'leatherstrap_detail.png.004(2000x2000)']
MAT MetalStainlessSteelBrushed002_4k_rosegold_hartley_mesh.002  users={'1. mesh band parent.rose gold.002': 1} examples=[['_group3group2_polySurface902.003[0]']]
   Base Color: <-HUE_SAT:Hue/Saturation/Value.001 {Hue=0.5, Saturation=0.76, Value=1.99, Fac<-(TEX_IMAGE:Image Texture image=leatherstrap_detail.jpg.010 cs=sRGB {Vector<-(UVMAP:UV Map.001 {})}), Color<-(MIX:Mix blend=COLOR {Factor=1.0, A<-(GROUP:MetalStainlessSteelBrushed002_4K group=MetalStainlessSteelBrushed002_4K.012 {'Scale': 0.5, 'Aspect Ratio': 1.0, 'Global Rotation': 0.0, 'Roughness Adj.': 0.0, 'Normal Strength': 1.0} {UV<-(UVMAP:UV Map {})}), B=[0.694, 0.413, 0.323, 1.0]})}
   Metallic: <-GROUP:MetalStainlessSteelBrushed002_4K group=MetalStainlessSteelBrushed002_4K.012 {'Scale': 0.5, 'Aspect Ratio': 1.0, 'Global Rotation': 0.0, 'Roughness Adj.': 0.0, 'Normal Strength': 1.0} {UV<-(UVMAP:UV Map {})}
   Roughness: <-MIX:Mix.002 blend=MIX {Factor<-(TEX_IMAGE:Image Texture image=leatherstrap_detail.jpg.010 cs=sRGB {Vector<-(UVMAP:UV Map.001 {})}), A<-(MATH:Math {Value<-(GROUP:MetalStainlessSteelBrushed002_4K group=MetalStainlessSteelBrushed002_4K.012 {'Scale': 0.5, 'Aspect Ratio': 1.0, 'Global Rotation': 0.0, 'Roughness Adj.': 0.0, 'Normal Strength': 1.0} {UV<-(UVMAP:UV Map {})}), Value=0.0}), B=[0.735, 0.735, 0.735, 1.0]}
   IOR: 1.45
   Alpha: <-GROUP:MetalStainlessSteelBrushed002_4K group=MetalStainlessSteelBrushed002_4K.012 {'Scale': 0.5, 'Aspect Ratio': 1.0, 'Global Rotation': 0.0, 'Roughness Adj.': 0.0, 'Normal Strength': 1.0} {UV<-(UVMAP:UV Map {})}
   Normal: <-NORMAL_MAP:Normal Map {Strength=-1.0, Color<-(TEX_IMAGE:Image Texture.001 image=leatherstrap_detail.png.010 cs=Non-Color {Vector<-(UVMAP:UV Map.001 {})})}
   Anisotropic: 0.0
   Anisotropic Rotation: 0.0
   Coat Weight: 0.0
   Coat Roughness: 0.03
   Transmission Weight: <-GROUP:MetalStainlessSteelBrushed002_4K group=MetalStainlessSteelBrushed002_4K.012 {'Scale': 0.5, 'Aspect Ratio': 1.0, 'Global Rotation': 0.0, 'Roughness Adj.': 0.0, 'Normal Strength': 1.0} {UV<-(UVMAP:UV Map {})}
   Specular IOR Level: 0.5
   Sheen Weight: 0.0
   images: ['MetalStainlessSteelBrushed002_COL_4K_METALNESS.012(4096x4096)', 'MetalStainlessSteelBrushed002_METALNESS_4K_METALNESS.012(4096x4096)', 'MetalStainlessSteelBrushed002_NRM_2K_METALNESS.jpg.012(2048x2048)', 'MetalStainlessSteelBrushed002_ROUGHNESS_4K_METALNESS.012(4096x4096)', 'leatherstrap_detail.jpg.010(2000x2000)', 'leatherstrap_detail.png.010(2000x2000)']
MAT MetalStainlessSteelBrushed002_4k_silver_hartley_mesh.001  users={'1. mesh band parent_silver': 1} examples=[['_group3group2_polySurface902.002[0]']]
   Base Color: <-HUE_SAT:Hue/Saturation/Value.001 {Hue=0.5, Saturation=0.76, Value=1.99, Fac<-(TEX_IMAGE:Image Texture image=leatherstrap_detail.jpg.005 cs=sRGB {Vector<-(UVMAP:UV Map.001 {})}), Color<-(MIX:Mix blend=COLOR {Factor=1.0, A<-(GROUP:MetalStainlessSteelBrushed002_4K group=MetalStainlessSteelBrushed002_4K.004 {'Scale': 0.5, 'Aspect Ratio': 1.0, 'Global Rotation': 0.0, 'Roughness Adj.': 0.0, 'Normal Strength': 1.0} {UV<-(UVMAP:UV Map {})}), B=[1.0, 1.0, 1.0, 1.0]})}
   Metallic: <-GROUP:MetalStainlessSteelBrushed002_4K group=MetalStainlessSteelBrushed002_4K.004 {'Scale': 0.5, 'Aspect Ratio': 1.0, 'Global Rotation': 0.0, 'Roughness Adj.': 0.0, 'Normal Strength': 1.0} {UV<-(UVMAP:UV Map {})}
   Roughness: <-MIX:Mix.002 blend=MIX {Factor<-(TEX_IMAGE:Image Texture image=leatherstrap_detail.jpg.005 cs=sRGB {Vector<-(UVMAP:UV Map.001 {})}), A<-(MATH:Math {Value<-(GROUP:MetalStainlessSteelBrushed002_4K group=MetalStainlessSteelBrushed002_4K.004 {'Scale': 0.5, 'Aspect Ratio': 1.0, 'Global Rotation': 0.0, 'Roughness Adj.': 0.0, 'Normal Strength': 1.0} {UV<-(UVMAP:UV Map {})}), Value=0.0}), B=[0.735, 0.735, 0.735, 1.0]}
   IOR: 1.45
   Alpha: <-GROUP:MetalStainlessSteelBrushed002_4K group=MetalStainlessSteelBrushed002_4K.004 {'Scale': 0.5, 'Aspect Ratio': 1.0, 'Global Rotation': 0.0, 'Roughness Adj.': 0.0, 'Normal Strength': 1.0} {UV<-(UVMAP:UV Map {})}
   Normal: <-NORMAL_MAP:Normal Map {Strength=-1.0, Color<-(TEX_IMAGE:Image Texture.001 image=leatherstrap_detail.png.005 cs=Non-Color {Vector<-(UVMAP:UV Map.001 {})})}
   Anisotropic: 0.0
   Anisotropic Rotation: 0.0
   Coat Weight: 0.0
   Coat Roughness: 0.03
   Transmission Weight: <-GROUP:MetalStainlessSteelBrushed002_4K group=MetalStainlessSteelBrushed002_4K.004 {'Scale': 0.5, 'Aspect Ratio': 1.0, 'Global Rotation': 0.0, 'Roughness Adj.': 0.0, 'Normal Strength': 1.0} {UV<-(UVMAP:UV Map {})}
   Specular IOR Level: 0.5
   Sheen Weight: 0.0
   images: ['MetalStainlessSteelBrushed002_COL_4K_METALNESS.004(4096x4096)', 'MetalStainlessSteelBrushed002_METALNESS_4K_METALNESS.004(4096x4096)', 'MetalStainlessSteelBrushed002_NRM_2K_METALNESS.jpg.004(2048x2048)', 'MetalStainlessSteelBrushed002_ROUGHNESS_4K_METALNESS.004(4096x4096)', 'leatherstrap_detail.jpg.005(2000x2000)', 'leatherstrap_detail.png.005(2000x2000)']
MAT MetalStainlessSteelBrushed002_4k_silver_hartley_mesh.002  users={'1. mesh band parent_silver.001': 1} examples=[['_group3group2_polySurface902.013[0]']]
   Base Color: <-HUE_SAT:Hue/Saturation/Value.001 {Hue=0.5, Saturation=0.76, Value=1.99, Fac<-(TEX_IMAGE:Image Texture image=leatherstrap_detail.jpg.015 cs=sRGB {Vector<-(UVMAP:UV Map.001 {})}), Color<-(MIX:Mix blend=COLOR {Factor=1.0, A<-(GROUP:MetalStainlessSteelBrushed002_4K group=MetalStainlessSteelBrushed002_4K.016 {'Scale': 0.5, 'Aspect Ratio': 1.0, 'Global Rotation': 0.0, 'Roughness Adj.': 0.0, 'Normal Strength': 1.0} {UV<-(UVMAP:UV Map {})}), B=[1.0, 1.0, 1.0, 1.0]})}
   Metallic: <-GROUP:MetalStainlessSteelBrushed002_4K group=MetalStainlessSteelBrushed002_4K.016 {'Scale': 0.5, 'Aspect Ratio': 1.0, 'Global Rotation': 0.0, 'Roughness Adj.': 0.0, 'Normal Strength': 1.0} {UV<-(UVMAP:UV Map {})}
   Roughness: <-MIX:Mix.002 blend=MIX {Factor<-(TEX_IMAGE:Image Texture image=leatherstrap_detail.jpg.015 cs=sRGB {Vector<-(UVMAP:UV Map.001 {})}), A<-(MATH:Math {Value<-(GROUP:MetalStainlessSteelBrushed002_4K group=MetalStainlessSteelBrushed002_4K.016 {'Scale': 0.5, 'Aspect Ratio': 1.0, 'Global Rotation': 0.0, 'Roughness Adj.': 0.0, 'Normal Strength': 1.0} {UV<-(UVMAP:UV Map {})}), Value=0.0}), B=[0.735, 0.735, 0.735, 1.0]}
   IOR: 1.45
   Alpha: <-GROUP:MetalStainlessSteelBrushed002_4K group=MetalStainlessSteelBrushed002_4K.016 {'Scale': 0.5, 'Aspect Ratio': 1.0, 'Global Rotation': 0.0, 'Roughness Adj.': 0.0, 'Normal Strength': 1.0} {UV<-(UVMAP:UV Map {})}
   Normal: <-NORMAL_MAP:Normal Map {Strength=-1.0, Color<-(TEX_IMAGE:Image Texture.001 image=leatherstrap_detail.png.015 cs=Non-Color {Vector<-(UVMAP:UV Map.001 {})})}
   Anisotropic: 0.0
   Anisotropic Rotation: 0.0
   Coat Weight: 0.0
   Coat Roughness: 0.03
   Transmission Weight: <-GROUP:MetalStainlessSteelBrushed002_4K group=MetalStainlessSteelBrushed002_4K.016 {'Scale': 0.5, 'Aspect Ratio': 1.0, 'Global Rotation': 0.0, 'Roughness Adj.': 0.0, 'Normal Strength': 1.0} {UV<-(UVMAP:UV Map {})}
   Specular IOR Level: 0.5
   Sheen Weight: 0.0
   images: ['MetalStainlessSteelBrushed002_COL_4K_METALNESS.016(4096x4096)', 'MetalStainlessSteelBrushed002_METALNESS_4K_METALNESS.016(4096x4096)', 'MetalStainlessSteelBrushed002_NRM_2K_METALNESS.jpg.016(2048x2048)', 'MetalStainlessSteelBrushed002_ROUGHNESS_4K_METALNESS.016(4096x4096)', 'leatherstrap_detail.jpg.015(2000x2000)', 'leatherstrap_detail.png.015(2000x2000)']
MAT Metal_hartley_leatherbuckle_silver.001  users={'Strap Black Leather black buckle.007': 2, 'Strap Black Leather black buckle.008': 2, 'Strap Black Leather black buckle.009': 2, 'Strap White Leather black buckle.004': 2, 'Strap White Leather black buckle.006': 2, 'Strap Black Leather black buckle.010': 2, 'Strap Black Leather gold buckle.004': 2, 'Strap Black Leather gold buckle.002': 2, 'Strap Black Leather black buckle.011': 2, 'Strap Black Leather black buckle.012': 2, 'Strap White Leather black buckle.005': 2, 'Strap Brown Leather black buckle.002': 2, 'Strap Black Leather black buckle.013': 2} examples=[['leather strap.027[2]', 'leather strap.028[2]'], ['leather strap.029[2]', 'leather strap.030[2]']]
   Base Color: [0.8, 0.8, 0.8]
   Metallic: 1.0
   Roughness: <-VALTORGB:Color Ramp {Fac<-(TEX_IMAGE:Image Texture.001 image=leatherstrap_detail.jpg.009 cs=sRGB {})}
   IOR: 1.5
   Alpha: 1.0
   Normal: <-NORMAL_MAP:Normal Map {Strength=1.0, Color<-(TEX_IMAGE:Image Texture image=leatherstrap_detail.png.009 cs=Non-Color {})}
   Anisotropic: 0.0
   Anisotropic Rotation: 0.0
   Coat Weight: 0.0
   Coat Roughness: 0.03
   Transmission Weight: 0.0
   Emission Color: [1.0, 1.0, 1.0]
   Emission Strength: 0.0
   Specular IOR Level: 0.5
   Sheen Weight: 0.0
   images: ['leatherstrap_detail.jpg.009(2000x2000)', 'leatherstrap_detail.png.009(2000x2000)']
MAT Metal_hartley_leatherbuckle_silver.002  users={'Strap Black Leather black buckle': 2, 'Strap Brown Leather black buckle.001': 2, 'Strap White Leather black buckle.002': 2, 'Strap Black Leather black buckle.001': 2, 'Strap Black Leather black buckle.002': 2, 'Strap Black Leather gold buckle.003': 2, 'Strap Black Leather gold buckle.001': 2, 'Strap Black Leather black buckle.003': 2, 'Strap White Leather black buckle.001': 2, 'Strap White Leather black buckle.003': 2, 'Strap Black Leather black buckle.004': 2, 'Strap Black Leather black buckle.005': 2, 'Strap Black Leather black buckle.006': 2} examples=[['leather strap.001[2]', 'leather strap.002[2]'], ['leather strap.003[2]', 'leather strap.004[2]']]
   Base Color: [0.8, 0.8, 0.8]
   Metallic: 1.0
   Roughness: <-VALTORGB:Color Ramp {Fac<-(TEX_IMAGE:Image Texture.001 image=leatherstrap_detail.jpg.013 cs=sRGB {})}
   IOR: 1.5
   Alpha: 1.0
   Normal: <-NORMAL_MAP:Normal Map {Strength=1.0, Color<-(TEX_IMAGE:Image Texture image=leatherstrap_detail.png.013 cs=Non-Color {})}
   Anisotropic: 0.0
   Anisotropic Rotation: 0.0
   Coat Weight: 0.0
   Coat Roughness: 0.03
   Transmission Weight: 0.0
   Emission Color: [1.0, 1.0, 1.0]
   Emission Strength: 0.0
   Specular IOR Level: 0.5
   Sheen Weight: 0.0
   images: ['leatherstrap_detail.jpg.013(2000x2000)', 'leatherstrap_detail.png.013(2000x2000)']
MAT Metal_hartley_leatherbuckle_silver.003  users={'leather black with black': 2, 'leather black with rose gold': 2, 'leather white with silver': 2, 'leather black with silver': 2, 'leather black with gold': 2, 'leather beige with rose gold': 2} examples=[['leather strap.053[2]', 'leather strap.054[2]'], ['leather strap.055[2]', 'leather strap.056[2]']]
   Base Color: [0.8, 0.8, 0.8]
   Metallic: 1.0
   Roughness: <-VALTORGB:Color Ramp {Fac<-(TEX_IMAGE:Image Texture.001 image=leatherstrap_detail.jpg.016 cs=sRGB {})}
   IOR: 1.5
   Alpha: 1.0
   Normal: <-NORMAL_MAP:Normal Map {Strength=1.0, Color<-(TEX_IMAGE:Image Texture image=leatherstrap_detail.png.016 cs=Non-Color {})}
   Anisotropic: 0.0
   Anisotropic Rotation: 0.0
   Coat Weight: 0.0
   Coat Roughness: 0.03
   Transmission Weight: 0.0
   Emission Color: [1.0, 1.0, 1.0]
   Emission Strength: 0.0
   Specular IOR Level: 0.5
   Sheen Weight: 0.0
   images: ['leatherstrap_detail.jpg.016(2000x2000)', 'leatherstrap_detail.png.016(2000x2000)']
MAT Metal_hartley_leatherbuckle_silver.004  users={'leather pink with rose gold': 2} examples=[['leather strap.065[2]', 'leather strap.066[2]']]
   Base Color: [0.8, 0.8, 0.8]
   Metallic: 1.0
   Roughness: <-VALTORGB:Color Ramp {Fac<-(TEX_IMAGE:Image Texture.001 image=leatherstrap_detail.jpg.018 cs=sRGB {})}
   IOR: 1.5
   Alpha: 1.0
   Normal: <-NORMAL_MAP:Normal Map {Strength=1.0, Color<-(TEX_IMAGE:Image Texture image=leatherstrap_detail.png.018 cs=Non-Color {})}
   Anisotropic: 0.0
   Anisotropic Rotation: 0.0
   Coat Weight: 0.0
   Coat Roughness: 0.03
   Transmission Weight: 0.0
   Emission Color: [1.0, 1.0, 1.0]
   Emission Strength: 0.0
   Specular IOR Level: 0.5
   Sheen Weight: 0.0
   images: ['leatherstrap_detail.jpg.018(2000x2000)', 'leatherstrap_detail.png.018(2000x2000)']
MAT OVERRIDE  users={} examples=[]
   Base Color: [0.8, 0.8, 0.8]
   Metallic: 0.0
   Roughness: 0.5
   IOR: 1.45
   Alpha: 1.0
   Normal: [0.0, 0.0, 0.0]
   Anisotropic: 0.0
   Anisotropic Rotation: 0.0
   Coat Weight: 0.0
   Coat Roughness: 0.03
   Transmission Weight: 0.0
   Specular IOR Level: 0.5
   Sheen Weight: 0.0
   images: []
MAT Plaster35_1K  users={} examples=[]
   Base Color: <-CURVE_RGB:RGB Curves curves=[[(0.0, 0.0), (1.0, 1.0)], [(0.0, 0.0), (1.0, 1.0)], [(0.0, 0.0), (1.0, 1.0)], [(0.0, 0.47), (1.0, 1.0)]] {Fac=1.0, Color<-(GROUP:Plaster35_1K group=Plaster35_1K {'Scale': 0.625, 'Aspect Ratio': 1.0, 'Global Rotation': 0.0, 'Roughness Adj.': 0.0, 'Normal Strength': 1.0} {UV<-(TEX_COORD:Texture Coordinate {})})}
   Metallic: <-GROUP:Plaster35_1K group=Plaster35_1K {'Scale': 0.625, 'Aspect Ratio': 1.0, 'Global Rotation': 0.0, 'Roughness Adj.': 0.0, 'Normal Strength': 1.0} {UV<-(TEX_COORD:Texture Coordinate {})}
   Roughness: <-GROUP:Plaster35_1K group=Plaster35_1K {'Scale': 0.625, 'Aspect Ratio': 1.0, 'Global Rotation': 0.0, 'Roughness Adj.': 0.0, 'Normal Strength': 1.0} {UV<-(TEX_COORD:Texture Coordinate {})}
   IOR: 1.45
   Alpha: <-GROUP:Plaster35_1K group=Plaster35_1K {'Scale': 0.625, 'Aspect Ratio': 1.0, 'Global Rotation': 0.0, 'Roughness Adj.': 0.0, 'Normal Strength': 1.0} {UV<-(TEX_COORD:Texture Coordinate {})}
   Normal: <-GROUP:Plaster35_1K group=Plaster35_1K {'Scale': 0.625, 'Aspect Ratio': 1.0, 'Global Rotation': 0.0, 'Roughness Adj.': 0.0, 'Normal Strength': 1.0} {UV<-(TEX_COORD:Texture Coordinate {})}
   Anisotropic: 0.0
   Anisotropic Rotation: 0.0
   Coat Weight: 0.0
   Coat Roughness: 0.03
   Transmission Weight: <-GROUP:Plaster35_1K group=Plaster35_1K {'Scale': 0.625, 'Aspect Ratio': 1.0, 'Global Rotation': 0.0, 'Roughness Adj.': 0.0, 'Normal Strength': 1.0} {UV<-(TEX_COORD:Texture Coordinate {})}
   Emission Color: <-GROUP:Plaster35_1K group=Plaster35_1K {'Scale': 0.625, 'Aspect Ratio': 1.0, 'Global Rotation': 0.0, 'Roughness Adj.': 0.0, 'Normal Strength': 1.0} {UV<-(TEX_COORD:Texture Coordinate {})}
   Emission Strength: 1.0
   Specular IOR Level: 0.5
   Sheen Weight: 0.0
   images: ['Plaster35_COL_VAR1_1K(1024x1024)', 'Plaster35_GLOSS_1K(1024x1024)', 'Plaster35_NRM_1K(1024x1024)']
MAT UV square  users={} examples=[]
   Base Color: <-TEX_IMAGE:Image Texture image=uv scale.png cs=sRGB {}
   Metallic: 0.0
   Roughness: 0.5
   IOR: 1.45
   Alpha: 1.0
   Normal: [0.0, 0.0, 0.0]
   Anisotropic: 0.0
   Anisotropic Rotation: 0.0
   Coat Weight: 0.0
   Coat Roughness: 0.03
   Transmission Weight: 0.0
   Specular IOR Level: 0.5
   Sheen Weight: 0.0
   images: ['uv scale.png(1024x1024)']
MAT WoodPaintedWhite001_1K  users={} examples=[]
   Base Color: <-GROUP:WoodPaintedWhite001_1K group=WoodPaintedWhite001_1K {'Scale': 0.667, 'Aspect Ratio': 1.0, 'Global Rotation': 0.0, 'Roughness Adj.': 0.0, 'Normal Strength': 1.0} {UV<-(TEX_COORD:Texture Coordinate {})}
   Metallic: <-GROUP:WoodPaintedWhite001_1K group=WoodPaintedWhite001_1K {'Scale': 0.667, 'Aspect Ratio': 1.0, 'Global Rotation': 0.0, 'Roughness Adj.': 0.0, 'Normal Strength': 1.0} {UV<-(TEX_COORD:Texture Coordinate {})}
   Roughness: <-GROUP:WoodPaintedWhite001_1K group=WoodPaintedWhite001_1K {'Scale': 0.667, 'Aspect Ratio': 1.0, 'Global Rotation': 0.0, 'Roughness Adj.': 0.0, 'Normal Strength': 1.0} {UV<-(TEX_COORD:Texture Coordinate {})}
   IOR: 1.45
   Alpha: <-GROUP:WoodPaintedWhite001_1K group=WoodPaintedWhite001_1K {'Scale': 0.667, 'Aspect Ratio': 1.0, 'Global Rotation': 0.0, 'Roughness Adj.': 0.0, 'Normal Strength': 1.0} {UV<-(TEX_COORD:Texture Coordinate {})}
   Normal: <-GROUP:WoodPaintedWhite001_1K group=WoodPaintedWhite001_1K {'Scale': 0.667, 'Aspect Ratio': 1.0, 'Global Rotation': 0.0, 'Roughness Adj.': 0.0, 'Normal Strength': 1.0} {UV<-(TEX_COORD:Texture Coordinate {})}
   Anisotropic: 0.0
   Anisotropic Rotation: 0.0
   Coat Weight: 0.0
   Coat Roughness: 0.03
   Transmission Weight: <-GROUP:WoodPaintedWhite001_1K group=WoodPaintedWhite001_1K {'Scale': 0.667, 'Aspect Ratio': 1.0, 'Global Rotation': 0.0, 'Roughness Adj.': 0.0, 'Normal Strength': 1.0} {UV<-(TEX_COORD:Texture Coordinate {})}
   Emission Color: <-GROUP:WoodPaintedWhite001_1K group=WoodPaintedWhite001_1K {'Scale': 0.667, 'Aspect Ratio': 1.0, 'Global Rotation': 0.0, 'Roughness Adj.': 0.0, 'Normal Strength': 1.0} {UV<-(TEX_COORD:Texture Coordinate {})}
   Emission Strength: 1.0
   Specular IOR Level: 0.5
   Sheen Weight: 0.0
   images: ['WoodPaintedWhite001_COL_1K(1024x1024)', 'WoodPaintedWhite001_GLOSS_1K(1024x1024)', 'WoodPaintedWhite001_NRM_1K(1024x1024)']
MAT black metal with hartley  users={'Strap Black Leather black buckle': 1, 'Strap Brown Leather black buckle.001': 1, 'Strap White Leather black buckle.002': 1} examples=[['metal lock.001[0]'], ['metal lock.002[0]']]
   Base Color: <-MIX:Mix blend=MIX {Factor=1.0, A<-(GROUP:MetalStainlessSteelBrushed002_4K group=MetalStainlessSteelBrushed002_4K.005 {'Scale': 1.0, 'Aspect Ratio': 1.0, 'Global Rotation': 0.0, 'Roughness Adj.': 0.0, 'Normal Strength': 0.0} {UV<-(TEX_COORD:Texture Coordinate {})}), B=[0.081, 0.081, 0.081, 1.0]}
   Metallic: 1.0
   Roughness: <-VALTORGB:Color Ramp {Fac<-(TEX_IMAGE:Image Texture image=hartley.png cs=Non-Color {Vector<-(UVMAP:UV Map.001 {})})}
   IOR: 1.5
   Alpha: 1.0
   Normal: <-NORMAL_MAP:Normal Map.001 {Strength=1.0, Color<-(TEX_IMAGE:Image Texture.001 image=hartley_normal.png cs=Non-Color {Vector<-(UVMAP:UV Map.001 {})})}
   Anisotropic: 0.0
   Anisotropic Rotation: 0.0
   Coat Weight: 0.0
   Coat Roughness: 0.03
   Transmission Weight: 0.0
   Emission Color: [1.0, 1.0, 1.0]
   Emission Strength: 0.0
   Specular IOR Level: 0.5
   Sheen Weight: 0.0
   images: ['MetalStainlessSteelBrushed002_COL_4K_METALNESS.005(4096x4096)', 'MetalStainlessSteelBrushed002_METALNESS_4K_METALNESS.005(4096x4096)', 'MetalStainlessSteelBrushed002_NRM_2K_METALNESS.jpg.005(2048x2048)', 'MetalStainlessSteelBrushed002_ROUGHNESS_4K_METALNESS.005(4096x4096)', 'hartley.png(2000x2000)', 'hartley_normal.png(2000x2000)', 'leatherstrap_detail.jpg.012(2000x2000)', 'leatherstrap_detail.png.012(2000x2000)']
MAT black metal with hartley.001  users={'Strap Black Leather black buckle.004': 1, 'Strap Black Leather black buckle.005': 1, 'Strap Black Leather black buckle.006': 1} examples=[['metal lock.011[0]'], ['metal lock.012[0]']]
   Base Color: <-MIX:Mix.001 blend=MIX {Factor=1.0, A<-(GROUP:MetalStainlessSteelBrushed002_4K group=MetalStainlessSteelBrushed002_4K.005 {'Scale': 1.0, 'Aspect Ratio': 1.0, 'Global Rotation': 0.0, 'Roughness Adj.': 0.0, 'Normal Strength': 0.0} {UV<-(TEX_COORD:Texture Coordinate {})}), B=[0.694, 0.392, 0.332, 1.0]}
   Metallic: 1.0
   Roughness: <-VALTORGB:Color Ramp {Fac<-(TEX_IMAGE:Image Texture image=hartley.png cs=Non-Color {Vector<-(UVMAP:UV Map.001 {})})}
   IOR: 1.5
   Alpha: 1.0
   Normal: <-NORMAL_MAP:Normal Map.001 {Strength=1.0, Color<-(TEX_IMAGE:Image Texture.001 image=hartley_normal.png cs=Non-Color {Vector<-(UVMAP:UV Map.001 {})})}
   Anisotropic: 0.0
   Anisotropic Rotation: 0.0
   Coat Weight: 0.0
   Coat Roughness: 0.03
   Transmission Weight: 0.0
   Emission Color: [1.0, 1.0, 1.0]
   Emission Strength: 0.0
   Specular IOR Level: 0.5
   Sheen Weight: 0.0
   images: ['MetalStainlessSteelBrushed002_COL_4K_METALNESS.005(4096x4096)', 'MetalStainlessSteelBrushed002_METALNESS_4K_METALNESS.005(4096x4096)', 'MetalStainlessSteelBrushed002_NRM_2K_METALNESS.jpg.005(2048x2048)', 'MetalStainlessSteelBrushed002_ROUGHNESS_4K_METALNESS.005(4096x4096)', 'hartley.png(2000x2000)', 'hartley_normal.png(2000x2000)', 'leatherstrap_detail.jpg.012(2000x2000)', 'leatherstrap_detail.png.012(2000x2000)']
MAT black metal with hartley.002  users={'Strap White Leather black buckle.005': 1, 'Strap Brown Leather black buckle.002': 1, 'Strap Black Leather black buckle.013': 1} examples=[['metal lock.024[0]'], ['metal lock.025[0]']]
   Base Color: <-MIX:Mix blend=MIX {Factor=1.0, A<-(GROUP:MetalStainlessSteelBrushed002_4K group=MetalStainlessSteelBrushed002_4K.015 {'Scale': 1.0, 'Aspect Ratio': 1.0, 'Global Rotation': 0.0, 'Roughness Adj.': 0.0, 'Normal Strength': 0.0} {UV<-(TEX_COORD:Texture Coordinate {})}), B=[0.081, 0.081, 0.081, 1.0]}
   Metallic: 1.0
   Roughness: <-VALTORGB:Color Ramp {Fac<-(TEX_IMAGE:Image Texture image=hartley.png.001 cs=Non-Color {Vector<-(UVMAP:UV Map.001 {})})}
   IOR: 1.5
   Alpha: 1.0
   Normal: <-NORMAL_MAP:Normal Map.001 {Strength=1.0, Color<-(TEX_IMAGE:Image Texture.001 image=hartley_normal.png.001 cs=Non-Color {Vector<-(UVMAP:UV Map.001 {})})}
   Anisotropic: 0.0
   Anisotropic Rotation: 0.0
   Coat Weight: 0.0
   Coat Roughness: 0.03
   Transmission Weight: 0.0
   Emission Color: [1.0, 1.0, 1.0]
   Emission Strength: 0.0
   Specular IOR Level: 0.5
   Sheen Weight: 0.0
   images: ['MetalStainlessSteelBrushed002_COL_4K_METALNESS.015(4096x4096)', 'MetalStainlessSteelBrushed002_METALNESS_4K_METALNESS.015(4096x4096)', 'MetalStainlessSteelBrushed002_NRM_2K_METALNESS.jpg.015(2048x2048)', 'MetalStainlessSteelBrushed002_ROUGHNESS_4K_METALNESS.015(4096x4096)', 'hartley.png.001(2000x2000)', 'hartley_normal.png.001(2000x2000)', 'leatherstrap_detail.jpg.001(2000x2000)', 'leatherstrap_detail.png.001(2000x2000)']
MAT black metal with hartley.003  users={'leather black with black': 1} examples=[['metal lock.027[0]']]
   Base Color: <-MIX:Mix blend=MIX {Factor=1.0, A<-(GROUP:MetalStainlessSteelBrushed002_4K group=MetalStainlessSteelBrushed002_4K.020 {'Scale': 1.0, 'Aspect Ratio': 1.0, 'Global Rotation': 0.0, 'Roughness Adj.': 0.0, 'Normal Strength': 0.0} {UV<-(TEX_COORD:Texture Coordinate {})}), B=[0.104, 0.104, 0.104, 1.0]}
   Metallic: 1.0
   Roughness: <-VALTORGB:Color Ramp {Fac<-(TEX_IMAGE:Image Texture image=hartley.png.005 cs=Non-Color {Vector<-(UVMAP:UV Map.001 {})})}
   IOR: 1.5
   Alpha: 1.0
   Normal: <-NORMAL_MAP:Normal Map.001 {Strength=1.0, Color<-(TEX_IMAGE:Image Texture.001 image=hartley_normal.png.005 cs=Non-Color {Vector<-(UVMAP:UV Map.001 {})})}
   Anisotropic: 0.0
   Anisotropic Rotation: 0.0
   Coat Weight: 0.0
   Coat Roughness: 0.03
   Transmission Weight: 0.0
   Emission Color: [1.0, 1.0, 1.0]
   Emission Strength: 0.0
   Specular IOR Level: 0.5
   Sheen Weight: 0.0
   images: ['MetalStainlessSteelBrushed002_COL_4K_METALNESS.020(4096x4096)', 'MetalStainlessSteelBrushed002_METALNESS_4K_METALNESS.020(4096x4096)', 'MetalStainlessSteelBrushed002_NRM_2K_METALNESS.jpg.020(2048x2048)', 'MetalStainlessSteelBrushed002_ROUGHNESS_4K_METALNESS.020(4096x4096)', 'hartley.png.005(2000x2000)', 'hartley_normal.png.005(2000x2000)', 'leatherstrap_detail.jpg.017(2000x2000)', 'leatherstrap_detail.png.017(2000x2000)']
MAT caustics_raw  users={} examples=[]
   shader=MIX_SHADER -> MIX_SHADER:Mix Shader {Fac<-(INVERT:Invert {Fac=1.0, Color<-(TEX_IMAGE:Image Texture image=caustics_1.tif cs=sRGB {})}), Shader<-(EMISSION:Emission {Color=[1.0, 1.0, 1.0, 1.0], Strength=1.0}), Shader<-(BSDF_TRANSPARENT:Transparent BSDF {Color=[1.0, 1.0, 1.0, 1.0]})}
MAT felt_basic straps.001  users={'Strap Black Leather black buckle.007': 2, 'Strap Black Leather black buckle.008': 2, 'Strap Black Leather black buckle.009': 2, 'Strap White Leather black buckle.004': 2, 'Strap White Leather black buckle.006': 2, 'Strap Black Leather black buckle.010': 2, 'Strap Black Leather gold buckle.004': 2, 'Strap Black Leather gold buckle.002': 2, 'Strap Black Leather black buckle.011': 2, 'Strap Black Leather black buckle.012': 2, 'Strap White Leather black buckle.005': 2, 'Strap Brown Leather black buckle.002': 2, 'Strap Black Leather black buckle.013': 2} examples=[['leather strap.027[3]', 'leather strap.028[3]'], ['leather strap.029[3]', 'leather strap.030[3]']]
   Base Color: <-MIX:Mix blend=MIX {Factor<-(MIX:Mix.001 blend=ADD {Factor=1.0, A<-(TEX_IMAGE:Image Texture image=hartley.png.002 cs=Non-Color {Vector<-(UVMAP:UV Map.001 {})}), B<-(TEX_IMAGE:Image Texture.003 image=ITALIAN LEATHER.png.001 cs=sRGB {Vector<-(UVMAP:UV Map.002 {})})}), A<-(HUE_SAT:Hue/Saturation/Value {Hue=0.5, Saturation=0.7, Value=1.0, Fac=1.0, Color<-(VALTORGB:Color Ramp {Fac<-(TEX_NOISE:Noise Texture {Vector<-(MAPPING:Mapping)})})}), B=[0.229, 0.174, 0.159, 1.0]}
   Metallic: 0.0
   Roughness: 0.677
   IOR: 1.5
   Alpha: 1.0
   Normal: <-BUMP:Bump {Strength=1.0, Height<-(VALTORGB:Color Ramp {Fac<-(TEX_NOISE:Noise Texture {Vector<-(MAPPING:Mapping loc=[0.0, 0.0, 0.0] rot=[0.0, 0.0, 0.0] scale=[1.0, 1.0, 1.0] {Vector<-(UVMAP:UV Map)})})}), Normal<-(NORMAL_MAP:Normal Map {Strength=1.0, Color<-(GROUP:Group group=Combine Normals.001 {} {Image<-(TEX_IMAGE:Image Texture.001 image=hartley_normal.png.002 cs=Non-Color {Vector<-(UVMAP:UV Map.001)}), Image<-(TEX_IMAGE:Image Texture.002 image=italian leather normal.png.001 cs=Non-Color {Vector<-(UVMAP:UV Map.002)})})})}
   Anisotropic: 0.0
   Anisotropic Rotation: 0.0
   Coat Weight: 0.0
   Coat Roughness: 0.03
   Transmission Weight: 0.0
   Emission Color: [1.0, 1.0, 1.0]
   Emission Strength: 0.0
   Specular IOR Level: 0.5
   Sheen Weight: 0.0
   images: ['ITALIAN LEATHER.png.001(2000x2000)', 'hartley.png.002(2000x2000)', 'hartley_normal.png.002(2000x2000)', 'italian leather normal.png.001(2000x2000)']
MAT felt_basic straps.002  users={'Strap Black Leather black buckle': 2, 'Strap Brown Leather black buckle.001': 2, 'Strap White Leather black buckle.002': 2, 'Strap Black Leather black buckle.001': 2, 'Strap Black Leather black buckle.002': 2, 'Strap Black Leather gold buckle.003': 2, 'Strap Black Leather gold buckle.001': 2, 'Strap Black Leather black buckle.003': 2, 'Strap White Leather black buckle.001': 2, 'Strap White Leather black buckle.003': 2, 'Strap Black Leather black buckle.004': 2, 'Strap Black Leather black buckle.005': 2, 'Strap Black Leather black buckle.006': 2} examples=[['leather strap.001[3]', 'leather strap.002[3]'], ['leather strap.003[3]', 'leather strap.004[3]']]
   Base Color: <-MIX:Mix blend=MIX {Factor<-(MIX:Mix.001 blend=ADD {Factor=1.0, A<-(TEX_IMAGE:Image Texture image=hartley.png.003 cs=Non-Color {Vector<-(UVMAP:UV Map.001 {})}), B<-(TEX_IMAGE:Image Texture.003 image=ITALIAN LEATHER.png.002 cs=sRGB {Vector<-(UVMAP:UV Map.002 {})})}), A<-(HUE_SAT:Hue/Saturation/Value {Hue=0.5, Saturation=0.7, Value=1.0, Fac=1.0, Color<-(VALTORGB:Color Ramp {Fac<-(TEX_NOISE:Noise Texture {Vector<-(MAPPING:Mapping)})})}), B=[0.229, 0.174, 0.159, 1.0]}
   Metallic: 0.0
   Roughness: 0.677
   IOR: 1.5
   Alpha: 1.0
   Normal: <-BUMP:Bump {Strength=1.0, Height<-(VALTORGB:Color Ramp {Fac<-(TEX_NOISE:Noise Texture {Vector<-(MAPPING:Mapping loc=[0.0, 0.0, 0.0] rot=[0.0, 0.0, 0.0] scale=[1.0, 1.0, 1.0] {Vector<-(UVMAP:UV Map)})})}), Normal<-(NORMAL_MAP:Normal Map {Strength=1.0, Color<-(GROUP:Group group=Combine Normals.003 {} {Image<-(TEX_IMAGE:Image Texture.001 image=hartley_normal.png.003 cs=Non-Color {Vector<-(UVMAP:UV Map.001)}), Image<-(TEX_IMAGE:Image Texture.002 image=italian leather normal.png.002 cs=Non-Color {Vector<-(UVMAP:UV Map.002)})})})}
   Anisotropic: 0.0
   Anisotropic Rotation: 0.0
   Coat Weight: 0.0
   Coat Roughness: 0.03
   Transmission Weight: 0.0
   Emission Color: [1.0, 1.0, 1.0]
   Emission Strength: 0.0
   Specular IOR Level: 0.5
   Sheen Weight: 0.0
   images: ['ITALIAN LEATHER.png.002(2000x2000)', 'hartley.png.003(2000x2000)', 'hartley_normal.png.003(2000x2000)', 'italian leather normal.png.002(2000x2000)']
MAT felt_basic straps.003  users={'leather black with black': 2, 'leather black with rose gold': 2, 'leather white with silver': 2, 'leather black with silver': 2, 'leather black with gold': 2, 'leather beige with rose gold': 2} examples=[['leather strap.053[3]', 'leather strap.054[3]'], ['leather strap.055[3]', 'leather strap.056[3]']]
   Base Color: <-MIX:Mix blend=MIX {Factor<-(MIX:Mix.001 blend=ADD {Factor=1.0, A<-(TEX_IMAGE:Image Texture image=hartley.png.004 cs=Non-Color {Vector<-(UVMAP:UV Map.001 {})}), B<-(TEX_IMAGE:Image Texture.003 image=ITALIAN LEATHER.png.003 cs=sRGB {Vector<-(UVMAP:UV Map.002 {})})}), A<-(HUE_SAT:Hue/Saturation/Value {Hue=0.5, Saturation=0.7, Value=1.0, Fac=1.0, Color<-(VALTORGB:Color Ramp {Fac<-(TEX_NOISE:Noise Texture {Vector<-(MAPPING:Mapping)})})}), B=[0.229, 0.174, 0.159, 1.0]}
   Metallic: 0.0
   Roughness: 0.677
   IOR: 1.5
   Alpha: 1.0
   Normal: <-BUMP:Bump {Strength=1.0, Height<-(VALTORGB:Color Ramp {Fac<-(TEX_NOISE:Noise Texture {Vector<-(MAPPING:Mapping loc=[0.0, 0.0, 0.0] rot=[0.0, 0.0, 0.0] scale=[1.0, 1.0, 1.0] {Vector<-(UVMAP:UV Map)})})}), Normal<-(NORMAL_MAP:Normal Map {Strength=1.0, Color<-(GROUP:Group group=Combine Normals.004 {} {Image<-(TEX_IMAGE:Image Texture.001 image=hartley_normal.png.004 cs=Non-Color {Vector<-(UVMAP:UV Map.001)}), Image<-(TEX_IMAGE:Image Texture.002 image=italian leather normal.png.003 cs=Non-Color {Vector<-(UVMAP:UV Map.002)})})})}
   Anisotropic: 0.0
   Anisotropic Rotation: 0.0
   Coat Weight: 0.0
   Coat Roughness: 0.03
   Transmission Weight: 0.0
   Emission Color: [1.0, 1.0, 1.0]
   Emission Strength: 0.0
   Specular IOR Level: 0.5
   Sheen Weight: 0.0
   images: ['ITALIAN LEATHER.png.003(2000x2000)', 'hartley.png.004(2000x2000)', 'hartley_normal.png.004(2000x2000)', 'italian leather normal.png.003(2000x2000)']
MAT felt_basic straps.004  users={'leather pink with rose gold': 2} examples=[['leather strap.065[3]', 'leather strap.066[3]']]
   Base Color: <-MIX:Mix blend=MIX {Factor<-(MIX:Mix.001 blend=ADD {Factor=1.0, A<-(TEX_IMAGE:Image Texture image=hartley.png.007 cs=Non-Color {Vector<-(UVMAP:UV Map.001 {})}), B<-(TEX_IMAGE:Image Texture.003 image=ITALIAN LEATHER.png.004 cs=sRGB {Vector<-(UVMAP:UV Map.002 {})})}), A<-(HUE_SAT:Hue/Saturation/Value {Hue=0.5, Saturation=0.7, Value=1.0, Fac=1.0, Color<-(VALTORGB:Color Ramp {Fac<-(TEX_NOISE:Noise Texture {Vector<-(MAPPING:Mapping)})})}), B=[0.229, 0.174, 0.159, 1.0]}
   Metallic: 0.0
   Roughness: 0.677
   IOR: 1.5
   Alpha: 1.0
   Normal: <-BUMP:Bump {Strength=1.0, Height<-(VALTORGB:Color Ramp {Fac<-(TEX_NOISE:Noise Texture {Vector<-(MAPPING:Mapping loc=[0.0, 0.0, 0.0] rot=[0.0, 0.0, 0.0] scale=[1.0, 1.0, 1.0] {Vector<-(UVMAP:UV Map)})})}), Normal<-(NORMAL_MAP:Normal Map {Strength=1.0, Color<-(GROUP:Group group=Combine Normals.005 {} {Image<-(TEX_IMAGE:Image Texture.001 image=hartley_normal.png.007 cs=Non-Color {Vector<-(UVMAP:UV Map.001)}), Image<-(TEX_IMAGE:Image Texture.002 image=italian leather normal.png.004 cs=Non-Color {Vector<-(UVMAP:UV Map.002)})})})}
   Anisotropic: 0.0
   Anisotropic Rotation: 0.0
   Coat Weight: 0.0
   Coat Roughness: 0.03
   Transmission Weight: 0.0
   Emission Color: [1.0, 1.0, 1.0]
   Emission Strength: 0.0
   Specular IOR Level: 0.5
   Sheen Weight: 0.0
   images: ['ITALIAN LEATHER.png.004(2000x2000)', 'hartley.png.007(2000x2000)', 'hartley_normal.png.007(2000x2000)', 'italian leather normal.png.004(2000x2000)']
MAT gold metal with hartley  users={'Strap Black Leather gold buckle.003': 1, 'Strap Black Leather gold buckle.001': 1} examples=[['metal lock.006[0]'], ['metal lock.007[0]']]
   Base Color: <-MIX:Mix.001 blend=MIX {Factor=1.0, A<-(GROUP:MetalStainlessSteelBrushed002_4K group=MetalStainlessSteelBrushed002_4K.005 {'Scale': 1.0, 'Aspect Ratio': 1.0, 'Global Rotation': 0.0, 'Roughness Adj.': 0.0, 'Normal Strength': 0.0} {UV<-(TEX_COORD:Texture Coordinate {})}), B=[0.558, 0.426, 0.168, 1.0]}
   Metallic: 1.0
   Roughness: <-VALTORGB:Color Ramp {Fac<-(TEX_IMAGE:Image Texture image=hartley.png cs=Non-Color {Vector<-(UVMAP:UV Map.001 {})})}
   IOR: 1.5
   Alpha: 1.0
   Normal: <-NORMAL_MAP:Normal Map.001 {Strength=1.0, Color<-(TEX_IMAGE:Image Texture.001 image=hartley_normal.png cs=Non-Color {Vector<-(UVMAP:UV Map.001 {})})}
   Anisotropic: 0.0
   Anisotropic Rotation: 0.0
   Coat Weight: 0.0
   Coat Roughness: 0.03
   Transmission Weight: 0.0
   Emission Color: [1.0, 1.0, 1.0]
   Emission Strength: 0.0
   Specular IOR Level: 0.5
   Sheen Weight: 0.0
   images: ['MetalStainlessSteelBrushed002_COL_4K_METALNESS.005(4096x4096)', 'MetalStainlessSteelBrushed002_METALNESS_4K_METALNESS.005(4096x4096)', 'MetalStainlessSteelBrushed002_NRM_2K_METALNESS.jpg.005(2048x2048)', 'MetalStainlessSteelBrushed002_ROUGHNESS_4K_METALNESS.005(4096x4096)', 'hartley.png(2000x2000)', 'hartley_normal.png(2000x2000)', 'leatherstrap_detail.jpg.012(2000x2000)', 'leatherstrap_detail.png.012(2000x2000)']
MAT gold metal with hartley.001  users={'Strap Black Leather gold buckle.004': 1, 'Strap Black Leather gold buckle.002': 1} examples=[['metal lock.020[0]'], ['metal lock.021[0]']]
   Base Color: <-MIX:Mix.001 blend=MIX {Factor=1.0, A<-(GROUP:MetalStainlessSteelBrushed002_4K group=MetalStainlessSteelBrushed002_4K.015 {'Scale': 1.0, 'Aspect Ratio': 1.0, 'Global Rotation': 0.0, 'Roughness Adj.': 0.0, 'Normal Strength': 0.0} {UV<-(TEX_COORD:Texture Coordinate {})}), B=[0.558, 0.426, 0.168, 1.0]}
   Metallic: 1.0
   Roughness: <-VALTORGB:Color Ramp {Fac<-(TEX_IMAGE:Image Texture image=hartley.png.001 cs=Non-Color {Vector<-(UVMAP:UV Map.001 {})})}
   IOR: 1.5
   Alpha: 1.0
   Normal: <-NORMAL_MAP:Normal Map.001 {Strength=1.0, Color<-(TEX_IMAGE:Image Texture.001 image=hartley_normal.png.001 cs=Non-Color {Vector<-(UVMAP:UV Map.001 {})})}
   Anisotropic: 0.0
   Anisotropic Rotation: 0.0
   Coat Weight: 0.0
   Coat Roughness: 0.03
   Transmission Weight: 0.0
   Emission Color: [1.0, 1.0, 1.0]
   Emission Strength: 0.0
   Specular IOR Level: 0.5
   Sheen Weight: 0.0
   images: ['MetalStainlessSteelBrushed002_COL_4K_METALNESS.015(4096x4096)', 'MetalStainlessSteelBrushed002_METALNESS_4K_METALNESS.015(4096x4096)', 'MetalStainlessSteelBrushed002_NRM_2K_METALNESS.jpg.015(2048x2048)', 'MetalStainlessSteelBrushed002_ROUGHNESS_4K_METALNESS.015(4096x4096)', 'hartley.png.001(2000x2000)', 'hartley_normal.png.001(2000x2000)', 'leatherstrap_detail.jpg.001(2000x2000)', 'leatherstrap_detail.png.001(2000x2000)']
MAT gold metal with hartley.002  users={'leather black with gold': 1} examples=[['metal lock.031[0]']]
   Base Color: <-MIX:Mix.001 blend=MIX {Factor=1.0, A<-(GROUP:MetalStainlessSteelBrushed002_4K group=MetalStainlessSteelBrushed002_4K.020 {'Scale': 1.0, 'Aspect Ratio': 1.0, 'Global Rotation': 0.0, 'Roughness Adj.': 0.0, 'Normal Strength': 0.0} {UV<-(TEX_COORD:Texture Coordinate {})}), B=[0.558, 0.435, 0.195, 1.0]}
   Metallic: 1.0
   Roughness: <-VALTORGB:Color Ramp {Fac<-(TEX_IMAGE:Image Texture image=hartley.png.005 cs=Non-Color {Vector<-(UVMAP:UV Map.001 {})})}
   IOR: 1.5
   Alpha: 1.0
   Normal: <-NORMAL_MAP:Normal Map.001 {Strength=1.0, Color<-(TEX_IMAGE:Image Texture.001 image=hartley_normal.png.005 cs=Non-Color {Vector<-(UVMAP:UV Map.001 {})})}
   Anisotropic: 0.0
   Anisotropic Rotation: 0.0
   Coat Weight: 0.0
   Coat Roughness: 0.03
   Transmission Weight: 0.0
   Emission Color: [1.0, 1.0, 1.0]
   Emission Strength: 0.0
   Specular IOR Level: 0.5
   Sheen Weight: 0.0
   images: ['MetalStainlessSteelBrushed002_COL_4K_METALNESS.020(4096x4096)', 'MetalStainlessSteelBrushed002_METALNESS_4K_METALNESS.020(4096x4096)', 'MetalStainlessSteelBrushed002_NRM_2K_METALNESS.jpg.020(2048x2048)', 'MetalStainlessSteelBrushed002_ROUGHNESS_4K_METALNESS.020(4096x4096)', 'hartley.png.005(2000x2000)', 'hartley_normal.png.005(2000x2000)', 'leatherstrap_detail.jpg.017(2000x2000)', 'leatherstrap_detail.png.017(2000x2000)']
MAT leather texture light brown  users={'Strap Black Leather gold buckle.003': 2} examples=[['leather strap.011[0]', 'leather strap.012[0]']]
   Base Color: <-RGB:RGB {}
   Metallic: 0.0
   Roughness: <-GROUP:FabricLeatherHorsehide001_4K group=FabricLeatherHorsehide001_4K.002 {'Scale': 1.0, 'Aspect Ratio': 1.0, 'Global Rotation': 0.0, 'Roughness Adj.': 0.0, 'Normal Strength': 1.0} {UV<-(MAPPING:Mapping.001 loc=[0.0, 0.0, 0.0] rot=[0.0, 0.0, 0.0] scale=[1.0, 1.0, 1.0] {Vector<-(TEX_COORD:Texture Coordinate.001 {})})}
   IOR: 1.5
   Alpha: 1.0
   Normal: <-NORMAL_MAP:Normal Map {Strength=1.0, Color<-(TEX_IMAGE:NORMAL image=FabricLeatherHorsehide001_NRM_4K.002 cs=Non-Color {Vector<-(MAPPING:Mapping.001 loc=[0.0, 0.0, 0.0] rot=[0.0, 0.0, 0.0] scale=[1.0, 1.0, 1.0] {Vector<-(TEX_COORD:Texture Coordinate.001 {})})})}
   Anisotropic: 0.0
   Anisotropic Rotation: 0.0
   Coat Weight: 0.0
   Coat Roughness: 0.03
   Transmission Weight: 0.0
   Emission Color: [1.0, 1.0, 1.0]
   Emission Strength: 0.0
   Specular IOR Level: 0.305
   Sheen Weight: 0.05
   images: ['FabricLeatherHorsehide001_AO_4K.002(4096x4096)', 'FabricLeatherHorsehide001_BUMP16_4K.002(4096x4096)', 'FabricLeatherHorsehide001_COL_VAR1_4K.002(4096x4096)', 'FabricLeatherHorsehide001_DISP16_4K.002(4096x4096)', 'FabricLeatherHorsehide001_GLOSS_4K.002(4096x4096)', 'FabricLeatherHorsehide001_NRM_4K.002(4096x4096)']
MAT leather texture light brown.001  users={'Strap Black Leather gold buckle.002': 2} examples=[['leather strap.041[0]', 'leather strap.042[0]']]
   Base Color: <-RGB:RGB {}
   Metallic: 0.0
   Roughness: <-GROUP:FabricLeatherHorsehide001_4K group=FabricLeatherHorsehide001_4K.001 {'Scale': 1.0, 'Aspect Ratio': 1.0, 'Global Rotation': 0.0, 'Roughness Adj.': 0.0, 'Normal Strength': 1.0} {UV<-(MAPPING:Mapping.001 loc=[0.0, 0.0, 0.0] rot=[0.0, 0.0, 0.0] scale=[1.0, 1.0, 1.0] {Vector<-(TEX_COORD:Texture Coordinate.001 {})})}
   IOR: 1.5
   Alpha: 1.0
   Normal: <-NORMAL_MAP:Normal Map {Strength=1.0, Color<-(TEX_IMAGE:NORMAL image=FabricLeatherHorsehide001_NRM_4K.001 cs=Non-Color {Vector<-(MAPPING:Mapping.001 loc=[0.0, 0.0, 0.0] rot=[0.0, 0.0, 0.0] scale=[1.0, 1.0, 1.0] {Vector<-(TEX_COORD:Texture Coordinate.001 {})})})}
   Anisotropic: 0.0
   Anisotropic Rotation: 0.0
   Coat Weight: 0.0
   Coat Roughness: 0.03
   Transmission Weight: 0.0
   Emission Color: [1.0, 1.0, 1.0]
   Emission Strength: 0.0
   Specular IOR Level: 0.305
   Sheen Weight: 0.05
   images: ['FabricLeatherHorsehide001_AO_4K.001(4096x4096)', 'FabricLeatherHorsehide001_BUMP16_4K.001(4096x4096)', 'FabricLeatherHorsehide001_COL_VAR1_4K.001(4096x4096)', 'FabricLeatherHorsehide001_DISP16_4K.001(4096x4096)', 'FabricLeatherHorsehide001_GLOSS_4K.001(4096x4096)', 'FabricLeatherHorsehide001_NRM_4K.001(4096x4096)']
MAT mat0 (no nodes) diffuse=[0.8, 0.8, 0.8, 1.0] users={'imagetostl_mesh0.001': 1}
MAT metalstainlesssteel dull  users={'master parent.002': 1} examples=[['watch base.003[2]']]
   Base Color: [0.901, 0.901, 0.901]
   Metallic: 1.0
   Roughness: 0.389
   IOR: 1.45
   Alpha: 1.0
   Normal: <-NORMAL_MAP:Normal Map {Strength=1.0, Color=[0.5, 0.5, 1.0, 1.0]}
   Anisotropic: 0.0
   Anisotropic Rotation: 0.0
   Coat Weight: 0.0
   Coat Roughness: 0.03
   Transmission Weight: 0.0
   Specular IOR Level: 0.5
   Sheen Weight: 0.0
   images: []
MAT metalstainlesssteel shiny_silver  users={'1. Black Base with  black face': 3, '4. Silver Base with white face': 2} examples=[['1. Base Mesh[9]', '1. hour hand[0]', '1. Minute hand[0]'], ['1. hour hand.001[0]', '1. Minute hand.001[0]']]
   Base Color: [0.8, 0.8, 0.8]
   Metallic: 1.0
   Roughness: 0.039
   IOR: 1.45
   Alpha: 1.0
   Normal: <-NORMAL_MAP:Normal Map {Strength=1.0, Color=[0.5, 0.5, 1.0, 1.0]}
   Anisotropic: 0.0
   Anisotropic Rotation: 0.0
   Coat Weight: 0.0
   Coat Roughness: 0.03
   Transmission Weight: 0.0
   Specular IOR Level: 0.5
   Sheen Weight: 0.0
   images: []
MAT metalstainlesssteel shiny_silver.001  users={'master parent.006 black': 1} examples=[['step to obj.024[3]']]
   Base Color: [0.8, 0.8, 0.8]
   Metallic: 1.0
   Roughness: 0.039
   IOR: 1.45
   Alpha: 1.0
   Normal: <-NORMAL_MAP:Normal Map {Strength=1.0, Color=[0.5, 0.5, 1.0, 1.0]}
   Anisotropic: 0.0
   Anisotropic Rotation: 0.0
   Coat Weight: 0.0
   Coat Roughness: 0.03
   Transmission Weight: 0.0
   Specular IOR Level: 0.5
   Sheen Weight: 0.0
   images: []
MAT metalstainlesssteel shiny_silver.002  users={'1. mesh band parent_gold': 4} examples=[['Object009.004[0]', 'polySurface007.004[1]', 'polySurface008.004[1]']]
   Base Color: [0.8, 0.8, 0.8]
   Metallic: 1.0
   Roughness: 0.039
   IOR: 1.45
   Alpha: 1.0
   Normal: <-NORMAL_MAP:Normal Map {Strength=1.0, Color=[0.5, 0.5, 1.0, 1.0]}
   Anisotropic: 0.0
   Anisotropic Rotation: 0.0
   Coat Weight: 0.0
   Coat Roughness: 0.03
   Transmission Weight: 0.0
   Specular IOR Level: 0.5
   Sheen Weight: 0.0
   images: []
MAT metalstainlesssteel shiny_silver.003  users={'1. mesh band parent.rose gold': 4, '1. mesh band parent.rose gold.001': 4} examples=[['Object009.001[0]', 'polySurface007.001[1]', 'polySurface008.001[1]'], ['Object009.008[0]', 'polySurface007.008[1]', 'polySurface008.008[1]']]
   Base Color: [0.8, 0.8, 0.8]
   Metallic: 1.0
   Roughness: 0.039
   IOR: 1.45
   Alpha: 1.0
   Normal: <-NORMAL_MAP:Normal Map {Strength=1.0, Color=[0.5, 0.5, 1.0, 1.0]}
   Anisotropic: 0.0
   Anisotropic Rotation: 0.0
   Coat Weight: 0.0
   Coat Roughness: 0.03
   Transmission Weight: 0.0
   Specular IOR Level: 0.5
   Sheen Weight: 0.0
   images: []
MAT metalstainlesssteel shiny_silver.004  users={'1. mesh band parent_silver': 9} examples=[['_pCylinder006.002[0]', 'Object008.002[0]', 'Object009.002[0]']]
   Base Color: [0.8, 0.8, 0.8]
   Metallic: 1.0
   Roughness: 0.039
   IOR: 1.45
   Alpha: 1.0
   Normal: <-NORMAL_MAP:Normal Map {Strength=1.0, Color=[0.5, 0.5, 1.0, 1.0]}
   Anisotropic: 0.0
   Anisotropic Rotation: 0.0
   Coat Weight: 0.0
   Coat Roughness: 0.03
   Transmission Weight: 0.0
   Specular IOR Level: 0.5
   Sheen Weight: 0.0
   images: []
MAT metalstainlesssteel shiny_silver.005  users={'master parent.002': 5} examples=[['step to obj[3]', 'step to obj.001[3]', 'step to obj.003[3]']]
   Base Color: [0.8, 0.8, 0.8]
   Metallic: 1.0
   Roughness: 0.039
   IOR: 1.45
   Alpha: 1.0
   Normal: <-NORMAL_MAP:Normal Map {Strength=1.0, Color=[0.5, 0.5, 1.0, 1.0]}
   Anisotropic: 0.0
   Anisotropic Rotation: 0.0
   Coat Weight: 0.0
   Coat Roughness: 0.03
   Transmission Weight: 0.0
   Specular IOR Level: 0.5
   Sheen Weight: 0.0
   images: []
MAT metalstainlesssteel shiny_silver.006  users={'1. black mesh band parent.004': 4, '1. black mesh band parent.001': 4, '1. black mesh band parent.002': 4} examples=[['Object009.005[0]', 'polySurface007.005[1]', 'polySurface008.005[1]'], ['Object009.006[0]', 'polySurface007.006[1]', 'polySurface008.006[1]']]
   Base Color: [0.8, 0.8, 0.8]
   Metallic: 1.0
   Roughness: 0.039
   IOR: 1.45
   Alpha: 1.0
   Normal: <-NORMAL_MAP:Normal Map {Strength=1.0, Color=[0.5, 0.5, 1.0, 1.0]}
   Anisotropic: 0.0
   Anisotropic Rotation: 0.0
   Coat Weight: 0.0
   Coat Roughness: 0.03
   Transmission Weight: 0.0
   Specular IOR Level: 0.5
   Sheen Weight: 0.0
   images: []
MAT metalstainlesssteel shiny_silver.007  users={'1. mesh band parent.rose gold.002': 2} examples=[['Object009.003[0]', 'polySurface008.003[1]']]
   Base Color: [0.8, 0.8, 0.8]
   Metallic: 1.0
   Roughness: 0.039
   IOR: 1.45
   Alpha: 1.0
   Normal: <-NORMAL_MAP:Normal Map {Strength=1.0, Color=[0.5, 0.5, 1.0, 1.0]}
   Anisotropic: 0.0
   Anisotropic Rotation: 0.0
   Coat Weight: 0.0
   Coat Roughness: 0.03
   Transmission Weight: 0.0
   Specular IOR Level: 0.5
   Sheen Weight: 0.0
   images: []
MAT metalstainlesssteel shiny_silver.008  users={'1. black mesh band parent.003': 2} examples=[['Object009.011[0]', 'polySurface008.011[1]']]
   Base Color: [0.8, 0.8, 0.8]
   Metallic: 1.0
   Roughness: 0.039
   IOR: 1.45
   Alpha: 1.0
   Normal: <-NORMAL_MAP:Normal Map {Strength=1.0, Color=[0.5, 0.5, 1.0, 1.0]}
   Anisotropic: 0.0
   Anisotropic Rotation: 0.0
   Coat Weight: 0.0
   Coat Roughness: 0.03
   Transmission Weight: 0.0
   Specular IOR Level: 0.5
   Sheen Weight: 0.0
   images: []
MAT metalstainlesssteel shiny_silver.009  users={'1. mesh band parent_gold.001': 2} examples=[['Object009.012[0]', 'polySurface008.012[1]']]
   Base Color: [0.8, 0.8, 0.8]
   Metallic: 1.0
   Roughness: 0.039
   IOR: 1.45
   Alpha: 1.0
   Normal: <-NORMAL_MAP:Normal Map {Strength=1.0, Color=[0.5, 0.5, 1.0, 1.0]}
   Anisotropic: 0.0
   Anisotropic Rotation: 0.0
   Coat Weight: 0.0
   Coat Roughness: 0.03
   Transmission Weight: 0.0
   Specular IOR Level: 0.5
   Sheen Weight: 0.0
   images: []
MAT metalstainlesssteel shiny_silver.010  users={'1. mesh band parent_silver.001': 7} examples=[['_pCylinder006.014[0]', 'Object008.013[0]', 'Object009.013[0]']]
   Base Color: [0.9, 0.9, 0.9]
   Metallic: 1.0
   Roughness: 0.039
   IOR: 1.45
   Alpha: 1.0
   Normal: <-NORMAL_MAP:Normal Map {Strength=1.0, Color=[0.5, 0.5, 1.0, 1.0]}
   Anisotropic: 0.0
   Anisotropic Rotation: 0.0
   Coat Weight: 0.0
   Coat Roughness: 0.03
   Transmission Weight: 0.0
   Specular IOR Level: 0.5
   Sheen Weight: 0.0
   images: []
MAT metalstainlesssteel shiny_silver.011  users={'4. Silver Base with white face.001': 2} examples=[['1. hour hand.008[0]', '1. Minute hand.008[0]']]
   Base Color: [0.9, 0.9, 0.9]
   Metallic: 1.0
   Roughness: 0.039
   IOR: 1.45
   Alpha: 1.0
   Normal: <-NORMAL_MAP:Normal Map {Strength=1.0, Color=[0.5, 0.5, 1.0, 1.0]}
   Anisotropic: 0.0
   Anisotropic Rotation: 0.0
   Coat Weight: 0.0
   Coat Roughness: 0.03
   Transmission Weight: 0.0
   Specular IOR Level: 0.5
   Sheen Weight: 0.0
   images: []
MAT metalstainlesssteel shiny_silver.012  users={'1. mesh band parent.rose gold.002': 2, 'polySurface007.010': 1, '1. black mesh band parent.003': 2, '1. mesh band parent_gold.001': 2, '1. mesh band parent_silver.001': 2, 'polySurface009.010': 1} examples=[['polySurface007.003[1]', 'polySurface009.003[1]'], ['polySurface007.010[1]']]
   Base Color: [0.8, 0.8, 0.8]
   Metallic: 1.0
   Roughness: 0.039
   IOR: 1.45
   Alpha: 1.0
   Normal: <-NORMAL_MAP:Normal Map {Strength=1.0, Color=[0.5, 0.5, 1.0, 1.0]}
   Anisotropic: 0.0
   Anisotropic Rotation: 0.0
   Coat Weight: 0.0
   Coat Roughness: 0.03
   Transmission Weight: 0.0
   Specular IOR Level: 0.5
   Sheen Weight: 0.0
   images: []
MAT paper  users={'backdrop': 1} examples=[['backdrop[0]']]
   Base Color: [0.378, 0.378, 0.363]
   Metallic: 0.0
   Roughness: <-RGB:RGB {}
   IOR: 1.5
   Alpha: 1.0
   Normal: [0.0, 0.0, 0.0]
   Anisotropic: 0.0
   Anisotropic Rotation: 0.0
   Coat Weight: 0.0
   Coat Roughness: 0.03
   Transmission Weight: 0.0
   Emission Color: [1.0, 1.0, 1.0]
   Emission Strength: 0.0
   Specular IOR Level: 0.5
   Sheen Weight: 0.0
   images: []
MAT pooltile_caustics  users={} examples=[]
   shader=MIX_SHADER -> MIX_SHADER:Mix Shader.001 {Fac<-(VALTORGB:ColorRamp {Fac<-(TEX_IMAGE:Image Texture image=caustics_2.png cs=Linear Rec.709 {Vector<-(MAPPING:Mapping.001 loc=[0.0, 0.0, 0.0] rot=[0.0, 0.0, 0.0] scale=[0.9, 0.9, 0.9] {Vector<-(TEX_COORD:Texture Coordinate.001)})})}), Shader<-(BSDF_PRINCIPLED:Principled BSDF {Base Color<-(MIX:Mix blend=MIX {Factor<-(VALTORGB:ColorRamp), A<-(TEX_IMAGE:Image Texture.001 image=TilesSquarePoolMixed001_COL_4K.jpg cs=sRGB {Vector<-(REROUTE:Reroute)}), B=[1.0, 1.0, 1.0, 1.0]}), Roughness<-(INVERT:Invert {Fac=1.0, Color<-(TEX_IMAGE:Image Texture.002 image=TilesSquarePoolMixed001_GLOSS_4K.jpg cs=Non-Color {Vector<-(REROUTE:Reroute)})}), Normal<-(NORMAL_MAP:Normal Map {Strength=1.0, Color<-(TEX_IMAGE:Image Texture.003 image=TilesSquarePoolMixed001_NRM16_4K.tif cs=Non-Color {Vector<-(REROUTE:Reroute)})}), Emission Color<-(MATH:Math {Value<-(VALTORGB:ColorRamp), Value=1.19}), Emission Strength<-(MATH:Math)}), Shader<-(EMISSION:Emission.001 {Color=[1.0, 1.0, 1.0, 1.0], Strength=5.0})}
MAT pooltile_shade  users={} examples=[]
   Base Color: <-TEX_IMAGE:Image Texture.001 image=TilesSquarePoolMixed001_COL_4K.jpg cs=sRGB {Vector<-(REROUTE:Reroute {Input<-(MAPPING:Mapping loc=[0.0, 0.0, 0.0] rot=[0.0, 0.0, 0.0] scale=[1.0, 1.0, 1.0] {Vector<-(TEX_COORD:Texture Coordinate {})})})}
   Metallic: 0.0
   Roughness: <-INVERT:Invert {Fac=1.0, Color<-(TEX_IMAGE:Image Texture.002 image=TilesSquarePoolMixed001_GLOSS_4K.jpg cs=Non-Color {Vector<-(REROUTE:Reroute {Input<-(MAPPING:Mapping loc=[0.0, 0.0, 0.0] rot=[0.0, 0.0, 0.0] scale=[1.0, 1.0, 1.0] {Vector<-(TEX_COORD:Texture Coordinate)})})})}
   IOR: 1.45
   Alpha: 1.0
   Normal: <-NORMAL_MAP:Normal Map {Strength=1.0, Color<-(TEX_IMAGE:Image Texture.003 image=TilesSquarePoolMixed001_NRM16_4K.tif cs=Non-Color {Vector<-(REROUTE:Reroute {Input<-(MAPPING:Mapping loc=[0.0, 0.0, 0.0] rot=[0.0, 0.0, 0.0] scale=[1.0, 1.0, 1.0] {Vector<-(TEX_COORD:Texture Coordinate)})})})}
   Anisotropic: 0.0
   Anisotropic Rotation: 0.0
   Coat Weight: 0.0
   Coat Roughness: 0.03
   Transmission Weight: 0.0
   Specular IOR Level: 0.5
   Sheen Weight: 0.0
   images: ['TilesSquarePoolMixed001_COL_4K.jpg(4096x4096)', 'TilesSquarePoolMixed001_GLOSS_4K.jpg(4096x4096)', 'TilesSquarePoolMixed001_NRM16_4K.tif(4096x4096)']
MAT proxy_Grass_Bermuda Grass.Cut.035 System (no nodes) diffuse=[0.034, 0.631, 0.024, 1.0] users={}
MAT proxy_Grass_Blue Gramagrass.000 System (no nodes) diffuse=[0.513, 0.737, 0.131, 1.0] users={}
MAT proxy_Grass_Kentucky_Bluegrass.000 System (no nodes) diffuse=[0.389, 0.767, 0.486, 1.0] users={}
MAT proxy_Leaves_Dead Generic Leaf.034 System (no nodes) diffuse=[0.898, 0.339, 0.094, 1.0] users={}
MAT proxy_RockBoulderLarge010_LOD1 System (no nodes) diffuse=[0.89, 0.557, 0.466, 1.0] users={}
MAT proxy_Weed_Chickweed Grass Blade.008 System (no nodes) diffuse=[0.014, 0.107, 0.007, 1.0] users={}
MAT proxy_Weed_Dandelion_Whitehead.027 System (no nodes) diffuse=[0.759, 0.824, 0.613, 1.0] users={}
MAT proxy_Weed_Dandelion_Yellowhead.017 System (no nodes) diffuse=[0.787, 0.815, 0.0, 1.0] users={}
MAT proxy_stick.001 System (no nodes) diffuse=[0.887, 0.798, 0.827, 1.0] users={}
MAT rose gold metal with hartley.001  users={'Strap Black Leather black buckle.001': 1, 'Strap Black Leather black buckle.002': 1} examples=[['metal lock.004[0]'], ['metal lock.005[0]']]
   Base Color: <-MIX:Mix.001 blend=MIX {Factor=1.0, A<-(MIX:Mix blend=MIX {Factor=1.0, A<-(GROUP:MetalStainlessSteelBrushed002_4K group=MetalStainlessSteelBrushed002_4K.005 {'Scale': 1.0, 'Aspect Ratio': 1.0, 'Global Rotation': 0.0, 'Roughness Adj.': 0.0, 'Normal Strength': 0.0} {UV<-(TEX_COORD:Texture Coordinate {})}), B=[0.081, 0.081, 0.081, 1.0]}), B=[0.694, 0.392, 0.332, 1.0]}
   Metallic: 1.0
   Roughness: <-VALTORGB:Color Ramp {Fac<-(TEX_IMAGE:Image Texture image=hartley.png cs=Non-Color {Vector<-(UVMAP:UV Map.001 {})})}
   IOR: 1.5
   Alpha: 1.0
   Normal: <-NORMAL_MAP:Normal Map.001 {Strength=1.0, Color<-(TEX_IMAGE:Image Texture.001 image=hartley_normal.png cs=Non-Color {Vector<-(UVMAP:UV Map.001 {})})}
   Anisotropic: 0.0
   Anisotropic Rotation: 0.0
   Coat Weight: 0.0
   Coat Roughness: 0.03
   Transmission Weight: 0.0
   Emission Color: [1.0, 1.0, 1.0]
   Emission Strength: 0.0
   Specular IOR Level: 0.5
   Sheen Weight: 0.0
   images: ['MetalStainlessSteelBrushed002_COL_4K_METALNESS.005(4096x4096)', 'MetalStainlessSteelBrushed002_METALNESS_4K_METALNESS.005(4096x4096)', 'MetalStainlessSteelBrushed002_NRM_2K_METALNESS.jpg.005(2048x2048)', 'MetalStainlessSteelBrushed002_ROUGHNESS_4K_METALNESS.005(4096x4096)', 'hartley.png(2000x2000)', 'hartley_normal.png(2000x2000)', 'leatherstrap_detail.jpg.012(2000x2000)', 'leatherstrap_detail.png.012(2000x2000)']
MAT rose gold metal with hartley.002  users={'Strap Black Leather black buckle.007': 1, 'Strap Black Leather black buckle.008': 1, 'Strap Black Leather black buckle.009': 1} examples=[['metal lock.014[0]'], ['metal lock.015[0]']]
   Base Color: <-MIX:Mix.001 blend=MIX {Factor=1.0, A<-(GROUP:MetalStainlessSteelBrushed002_4K group=MetalStainlessSteelBrushed002_4K.015 {'Scale': 1.0, 'Aspect Ratio': 1.0, 'Global Rotation': 0.0, 'Roughness Adj.': 0.0, 'Normal Strength': 0.0} {UV<-(TEX_COORD:Texture Coordinate {})}), B=[0.694, 0.451, 0.305, 1.0]}
   Metallic: 1.0
   Roughness: <-VALTORGB:Color Ramp {Fac<-(TEX_IMAGE:Image Texture image=hartley.png.001 cs=Non-Color {Vector<-(UVMAP:UV Map.001 {})})}
   IOR: 1.5
   Alpha: 1.0
   Normal: <-NORMAL_MAP:Normal Map.001 {Strength=1.0, Color<-(TEX_IMAGE:Image Texture.001 image=hartley_normal.png.001 cs=Non-Color {Vector<-(UVMAP:UV Map.001 {})})}
   Anisotropic: 0.0
   Anisotropic Rotation: 0.0
   Coat Weight: 0.0
   Coat Roughness: 0.03
   Transmission Weight: 0.0
   Emission Color: [1.0, 1.0, 1.0]
   Emission Strength: 0.0
   Specular IOR Level: 0.5
   Sheen Weight: 0.0
   images: ['MetalStainlessSteelBrushed002_COL_4K_METALNESS.015(4096x4096)', 'MetalStainlessSteelBrushed002_METALNESS_4K_METALNESS.015(4096x4096)', 'MetalStainlessSteelBrushed002_NRM_2K_METALNESS.jpg.015(2048x2048)', 'MetalStainlessSteelBrushed002_ROUGHNESS_4K_METALNESS.015(4096x4096)', 'hartley.png.001(2000x2000)', 'hartley_normal.png.001(2000x2000)', 'leatherstrap_detail.jpg.001(2000x2000)', 'leatherstrap_detail.png.001(2000x2000)']
MAT rose gold metal with hartley.003  users={'Strap Black Leather black buckle.011': 1, 'Strap Black Leather black buckle.012': 1} examples=[['metal lock.022[0]'], ['metal lock.023[0]']]
   Base Color: <-MIX:Mix.001 blend=MIX {Factor=1.0, A<-(MIX:Mix blend=MIX {Factor=1.0, A<-(GROUP:MetalStainlessSteelBrushed002_4K group=MetalStainlessSteelBrushed002_4K.015 {'Scale': 1.0, 'Aspect Ratio': 1.0, 'Global Rotation': 0.0, 'Roughness Adj.': 0.0, 'Normal Strength': 0.0} {UV<-(TEX_COORD:Texture Coordinate {})}), B=[0.081, 0.081, 0.081, 1.0]}), B=[0.694, 0.392, 0.332, 1.0]}
   Metallic: 1.0
   Roughness: <-VALTORGB:Color Ramp {Fac<-(TEX_IMAGE:Image Texture image=hartley.png.001 cs=Non-Color {Vector<-(UVMAP:UV Map.001 {})})}
   IOR: 1.5
   Alpha: 1.0
   Normal: <-NORMAL_MAP:Normal Map.001 {Strength=1.0, Color<-(TEX_IMAGE:Image Texture.001 image=hartley_normal.png.001 cs=Non-Color {Vector<-(UVMAP:UV Map.001 {})})}
   Anisotropic: 0.0
   Anisotropic Rotation: 0.0
   Coat Weight: 0.0
   Coat Roughness: 0.03
   Transmission Weight: 0.0
   Emission Color: [1.0, 1.0, 1.0]
   Emission Strength: 0.0
   Specular IOR Level: 0.5
   Sheen Weight: 0.0
   images: ['MetalStainlessSteelBrushed002_COL_4K_METALNESS.015(4096x4096)', 'MetalStainlessSteelBrushed002_METALNESS_4K_METALNESS.015(4096x4096)', 'MetalStainlessSteelBrushed002_NRM_2K_METALNESS.jpg.015(2048x2048)', 'MetalStainlessSteelBrushed002_ROUGHNESS_4K_METALNESS.015(4096x4096)', 'hartley.png.001(2000x2000)', 'hartley_normal.png.001(2000x2000)', 'leatherstrap_detail.jpg.001(2000x2000)', 'leatherstrap_detail.png.001(2000x2000)']
MAT rose gold metal with hartley_new  users={'leather black with rose gold': 1, 'leather beige with rose gold': 1} examples=[['metal lock.028[0]'], ['metal lock.032[0]']]
   Base Color: <-MIX:Mix.001 blend=MIX {Factor=1.0, A<-(GROUP:MetalStainlessSteelBrushed002_4K group=MetalStainlessSteelBrushed002_4K.020 {'Scale': 1.0, 'Aspect Ratio': 1.0, 'Global Rotation': 0.0, 'Roughness Adj.': 0.0, 'Normal Strength': 0.0} {UV<-(TEX_COORD:Texture Coordinate {})}), B=[0.694, 0.451, 0.305, 1.0]}
   Metallic: 1.0
   Roughness: <-VALTORGB:Color Ramp {Fac<-(TEX_IMAGE:Image Texture image=hartley.png.005 cs=Non-Color {Vector<-(UVMAP:UV Map.001 {})})}
   IOR: 1.5
   Alpha: 1.0
   Normal: <-NORMAL_MAP:Normal Map.001 {Strength=1.0, Color<-(TEX_IMAGE:Image Texture.001 image=hartley_normal.png.005 cs=Non-Color {Vector<-(UVMAP:UV Map.001 {})})}
   Anisotropic: 0.0
   Anisotropic Rotation: 0.0
   Coat Weight: 0.0
   Coat Roughness: 0.03
   Transmission Weight: 0.0
   Emission Color: [1.0, 1.0, 1.0]
   Emission Strength: 0.0
   Specular IOR Level: 0.5
   Sheen Weight: 0.0
   images: ['MetalStainlessSteelBrushed002_COL_4K_METALNESS.020(4096x4096)', 'MetalStainlessSteelBrushed002_METALNESS_4K_METALNESS.020(4096x4096)', 'MetalStainlessSteelBrushed002_NRM_2K_METALNESS.jpg.020(2048x2048)', 'MetalStainlessSteelBrushed002_ROUGHNESS_4K_METALNESS.020(4096x4096)', 'hartley.png.005(2000x2000)', 'hartley_normal.png.005(2000x2000)', 'leatherstrap_detail.jpg.017(2000x2000)', 'leatherstrap_detail.png.017(2000x2000)']
MAT rose gold metal with hartley_new.001  users={'leather pink with rose gold': 1} examples=[['metal lock.033[0]']]
   Base Color: <-MIX:Mix.001 blend=MIX {Factor=1.0, A<-(GROUP:MetalStainlessSteelBrushed002_4K group=MetalStainlessSteelBrushed002_4K.021 {'Scale': 1.0, 'Aspect Ratio': 1.0, 'Global Rotation': 0.0, 'Roughness Adj.': 0.0, 'Normal Strength': 0.0} {UV<-(TEX_COORD:Texture Coordinate {})}), B=[0.694, 0.451, 0.305, 1.0]}
   Metallic: 1.0
   Roughness: <-VALTORGB:Color Ramp {Fac<-(TEX_IMAGE:Image Texture image=hartley.png.006 cs=Non-Color {Vector<-(UVMAP:UV Map.001 {})})}
   IOR: 1.5
   Alpha: 1.0
   Normal: <-NORMAL_MAP:Normal Map.001 {Strength=1.0, Color<-(TEX_IMAGE:Image Texture.001 image=hartley_normal.png.006 cs=Non-Color {Vector<-(UVMAP:UV Map.001 {})})}
   Anisotropic: 0.0
   Anisotropic Rotation: 0.0
   Coat Weight: 0.0
   Coat Roughness: 0.03
   Transmission Weight: 0.0
   Emission Color: [1.0, 1.0, 1.0]
   Emission Strength: 0.0
   Specular IOR Level: 0.5
   Sheen Weight: 0.0
   images: ['MetalStainlessSteelBrushed002_COL_4K_METALNESS.021(4096x4096)', 'MetalStainlessSteelBrushed002_METALNESS_4K_METALNESS.021(4096x4096)', 'MetalStainlessSteelBrushed002_NRM_2K_METALNESS.jpg.021(2048x2048)', 'MetalStainlessSteelBrushed002_ROUGHNESS_4K_METALNESS.021(4096x4096)', 'hartley.png.006(2000x2000)', 'hartley_normal.png.006(2000x2000)', 'leatherstrap_detail.jpg.002(2000x2000)', 'leatherstrap_detail.png.002(2000x2000)']
MAT sfsfs  users={'__polySurface827group3group003': 1, '_Group006': 1, '_group3group2___polySurface482': 1, '_group3group2__polySurface2460': 1, '_group3group2_polySurface892': 1, '_group3group2_polySurface893': 1, '_group3group2_polySurface894': 1, '_group3group2_polySurface895': 1, '_group3group2_polySurface896': 1, '_group3group2_polySurface898': 1, '_group3group2_polySurface899': 1, '_group3group2_polySurface900': 1, '_group3group2_polySurface901': 1, '_group3group2_polySurface902': 1, '_group48_pCube041': 1, '_group9_pCube002': 1, '_pCylinder006': 1, '_ZBrush_defualt_group003': 1, '_ZBrush_defualt_group004': 1, 'imagetostl_mesh0.001': 1, 'Object008': 1, 'Object009': 1, 'polySurface007': 1, 'polySurface008': 1, 'polySurface009': 1} examples=[['__polySurface827group3group003[0]'], ['_Group006[0]']]
   Base Color: [0.5, 0.5, 0.5]
   Metallic: 0.0
   Roughness: 0.553
   IOR: 1.5
   Alpha: 1.0
   Normal: <-NORMAL_MAP:Normal Map {Strength=1.0, Color=[0.5, 0.5, 1.0, 1.0]}
   Anisotropic: 0.0
   Anisotropic Rotation: 0.0
   Coat Weight: 0.0
   Coat Roughness: 0.03
   Transmission Weight: 0.0
   Specular IOR Level: 1.0
   Sheen Weight: 0.0
   images: []
MAT sfsfs.001  users={'1. mesh band parent.rose gold.002': 1} examples=[['_ZBrush_defualt_group003.003[0]']]
   Base Color: [0.5, 0.5, 0.5]
   Metallic: 0.0
   Roughness: 0.553
   IOR: 1.5
   Alpha: 1.0
   Normal: <-NORMAL_MAP:Normal Map {Strength=1.0, Color=[0.5, 0.5, 1.0, 1.0]}
   Anisotropic: 0.0
   Anisotropic Rotation: 0.0
   Coat Weight: 0.0
   Coat Roughness: 0.03
   Transmission Weight: 0.0
   Specular IOR Level: 1.0
   Sheen Weight: 0.0
   images: []
MAT sfsfs.002  users={'1. mesh band parent_gold': 1} examples=[['_ZBrush_defualt_group003.004[0]']]
   Base Color: [0.5, 0.5, 0.5]
   Metallic: 0.0
   Roughness: 0.553
   IOR: 1.5
   Alpha: 1.0
   Normal: <-NORMAL_MAP:Normal Map {Strength=1.0, Color=[0.5, 0.5, 1.0, 1.0]}
   Anisotropic: 0.0
   Anisotropic Rotation: 0.0
   Coat Weight: 0.0
   Coat Roughness: 0.03
   Transmission Weight: 0.0
   Specular IOR Level: 1.0
   Sheen Weight: 0.0
   images: []
MAT sfsfs.003  users={'1. mesh band parent.rose gold': 1, '1. mesh band parent.rose gold.001': 1} examples=[['_ZBrush_defualt_group003.001[0]'], ['_ZBrush_defualt_group003.008[0]']]
   Base Color: [0.5, 0.5, 0.5]
   Metallic: 0.0
   Roughness: 0.553
   IOR: 1.5
   Alpha: 1.0
   Normal: <-NORMAL_MAP:Normal Map {Strength=1.0, Color=[0.5, 0.5, 1.0, 1.0]}
   Anisotropic: 0.0
   Anisotropic Rotation: 0.0
   Coat Weight: 0.0
   Coat Roughness: 0.03
   Transmission Weight: 0.0
   Specular IOR Level: 1.0
   Sheen Weight: 0.0
   images: []
MAT sfsfs.004  users={'1. mesh band parent_silver': 1} examples=[['_ZBrush_defualt_group003.002[0]']]
   Base Color: [0.5, 0.5, 0.5]
   Metallic: 0.0
   Roughness: 0.553
   IOR: 1.5
   Alpha: 1.0
   Normal: <-NORMAL_MAP:Normal Map {Strength=1.0, Color=[0.5, 0.5, 1.0, 1.0]}
   Anisotropic: 0.0
   Anisotropic Rotation: 0.0
   Coat Weight: 0.0
   Coat Roughness: 0.03
   Transmission Weight: 0.0
   Specular IOR Level: 1.0
   Sheen Weight: 0.0
   images: []
MAT sfsfs.005  users={'1. black mesh band parent.004': 1, '1. black mesh band parent.001': 1, '1. black mesh band parent.002': 1} examples=[['_ZBrush_defualt_group003.005[0]'], ['_ZBrush_defualt_group003.006[0]']]
   Base Color: [0.5, 0.5, 0.5]
   Metallic: 0.0
   Roughness: 0.553
   IOR: 1.5
   Alpha: 1.0
   Normal: <-NORMAL_MAP:Normal Map {Strength=1.0, Color=[0.5, 0.5, 1.0, 1.0]}
   Anisotropic: 0.0
   Anisotropic Rotation: 0.0
   Coat Weight: 0.0
   Coat Roughness: 0.03
   Transmission Weight: 0.0
   Specular IOR Level: 1.0
   Sheen Weight: 0.0
   images: []
MAT sfsfs.006  users={'1. black mesh band parent.003': 1} examples=[['_ZBrush_defualt_group003.011[0]']]
   Base Color: [0.5, 0.5, 0.5]
   Metallic: 0.0
   Roughness: 0.553
   IOR: 1.5
   Alpha: 1.0
   Normal: <-NORMAL_MAP:Normal Map {Strength=1.0, Color=[0.5, 0.5, 1.0, 1.0]}
   Anisotropic: 0.0
   Anisotropic Rotation: 0.0
   Coat Weight: 0.0
   Coat Roughness: 0.03
   Transmission Weight: 0.0
   Specular IOR Level: 1.0
   Sheen Weight: 0.0
   images: []
MAT sfsfs.007  users={'1. mesh band parent_gold.001': 1} examples=[['_ZBrush_defualt_group003.012[0]']]
   Base Color: [0.5, 0.5, 0.5]
   Metallic: 0.0
   Roughness: 0.553
   IOR: 1.5
   Alpha: 1.0
   Normal: <-NORMAL_MAP:Normal Map {Strength=1.0, Color=[0.5, 0.5, 1.0, 1.0]}
   Anisotropic: 0.0
   Anisotropic Rotation: 0.0
   Coat Weight: 0.0
   Coat Roughness: 0.03
   Transmission Weight: 0.0
   Specular IOR Level: 1.0
   Sheen Weight: 0.0
   images: []
MAT sfsfs.008  users={'1. mesh band parent_silver.001': 1} examples=[['_ZBrush_defualt_group003.013[0]']]
   Base Color: [0.5, 0.5, 0.5]
   Metallic: 0.0
   Roughness: 0.553
   IOR: 1.5
   Alpha: 1.0
   Normal: <-NORMAL_MAP:Normal Map {Strength=1.0, Color=[0.5, 0.5, 1.0, 1.0]}
   Anisotropic: 0.0
   Anisotropic Rotation: 0.0
   Coat Weight: 0.0
   Coat Roughness: 0.03
   Transmission Weight: 0.0
   Specular IOR Level: 1.0
   Sheen Weight: 0.0
   images: []
MAT silver metal with hartley  users={'Strap Black Leather black buckle.003': 1} examples=[['metal lock.008[0]']]
   Base Color: [0.765, 0.765, 0.765]
   Metallic: 1.0
   Roughness: <-VALTORGB:Color Ramp {Fac<-(TEX_IMAGE:Image Texture image=hartley.png cs=Non-Color {Vector<-(UVMAP:UV Map.001 {})})}
   IOR: 1.5
   Alpha: 1.0
   Normal: <-NORMAL_MAP:Normal Map.001 {Strength=1.0, Color<-(TEX_IMAGE:Image Texture.001 image=hartley_normal.png cs=Non-Color {Vector<-(UVMAP:UV Map.001 {})})}
   Anisotropic: 0.0
   Anisotropic Rotation: 0.0
   Coat Weight: 0.0
   Coat Roughness: 0.03
   Transmission Weight: 0.0
   Emission Color: [1.0, 1.0, 1.0]
   Emission Strength: 0.0
   Specular IOR Level: 0.5
   Sheen Weight: 0.0
   images: ['MetalStainlessSteelBrushed002_COL_4K_METALNESS.005(4096x4096)', 'MetalStainlessSteelBrushed002_METALNESS_4K_METALNESS.005(4096x4096)', 'MetalStainlessSteelBrushed002_NRM_2K_METALNESS.jpg.005(2048x2048)', 'MetalStainlessSteelBrushed002_ROUGHNESS_4K_METALNESS.005(4096x4096)', 'hartley.png(2000x2000)', 'hartley_normal.png(2000x2000)', 'leatherstrap_detail.jpg.012(2000x2000)', 'leatherstrap_detail.png.012(2000x2000)']
MAT silver metal with hartley.001  users={'Strap White Leather black buckle.001': 1, 'Strap White Leather black buckle.003': 1} examples=[['metal lock.009[0]'], ['metal lock.010[0]']]
   Base Color: [0.668, 0.668, 0.668]
   Metallic: 1.0
   Roughness: <-VALTORGB:Color Ramp {Fac<-(TEX_IMAGE:Image Texture image=hartley.png cs=Non-Color {Vector<-(UVMAP:UV Map.001 {})})}
   IOR: 1.5
   Alpha: 1.0
   Normal: <-NORMAL_MAP:Normal Map.001 {Strength=1.0, Color<-(TEX_IMAGE:Image Texture.001 image=hartley_normal.png cs=Non-Color {Vector<-(UVMAP:UV Map.001 {})})}
   Anisotropic: 0.0
   Anisotropic Rotation: 0.0
   Coat Weight: 0.0
   Coat Roughness: 0.03
   Transmission Weight: 0.0
   Emission Color: [1.0, 1.0, 1.0]
   Emission Strength: 0.0
   Specular IOR Level: 0.5
   Sheen Weight: 0.0
   images: ['MetalStainlessSteelBrushed002_COL_4K_METALNESS.005(4096x4096)', 'MetalStainlessSteelBrushed002_METALNESS_4K_METALNESS.005(4096x4096)', 'MetalStainlessSteelBrushed002_NRM_2K_METALNESS.jpg.005(2048x2048)', 'MetalStainlessSteelBrushed002_ROUGHNESS_4K_METALNESS.005(4096x4096)', 'hartley.png(2000x2000)', 'hartley_normal.png(2000x2000)', 'leatherstrap_detail.jpg.012(2000x2000)', 'leatherstrap_detail.png.012(2000x2000)']
MAT silver metal with hartley.002  users={'Strap White Leather black buckle.004': 1, 'Strap White Leather black buckle.006': 1} examples=[['metal lock.017[0]'], ['metal lock.018[0]']]
   Base Color: [0.668, 0.668, 0.668]
   Metallic: 1.0
   Roughness: <-VALTORGB:Color Ramp {Fac<-(TEX_IMAGE:Image Texture image=hartley.png.001 cs=Non-Color {Vector<-(UVMAP:UV Map.001 {})})}
   IOR: 1.5
   Alpha: 1.0
   Normal: <-NORMAL_MAP:Normal Map.001 {Strength=1.0, Color<-(TEX_IMAGE:Image Texture.001 image=hartley_normal.png.001 cs=Non-Color {Vector<-(UVMAP:UV Map.001 {})})}
   Anisotropic: 0.0
   Anisotropic Rotation: 0.0
   Coat Weight: 0.0
   Coat Roughness: 0.03
   Transmission Weight: 0.0
   Emission Color: [1.0, 1.0, 1.0]
   Emission Strength: 0.0
   Specular IOR Level: 0.5
   Sheen Weight: 0.0
   images: ['MetalStainlessSteelBrushed002_COL_4K_METALNESS.015(4096x4096)', 'MetalStainlessSteelBrushed002_METALNESS_4K_METALNESS.015(4096x4096)', 'MetalStainlessSteelBrushed002_NRM_2K_METALNESS.jpg.015(2048x2048)', 'MetalStainlessSteelBrushed002_ROUGHNESS_4K_METALNESS.015(4096x4096)', 'hartley.png.001(2000x2000)', 'hartley_normal.png.001(2000x2000)', 'leatherstrap_detail.jpg.001(2000x2000)', 'leatherstrap_detail.png.001(2000x2000)']
MAT silver metal with hartley.003  users={'Strap Black Leather black buckle.010': 1} examples=[['metal lock.019[0]']]
   Base Color: [0.765, 0.765, 0.765]
   Metallic: 1.0
   Roughness: <-VALTORGB:Color Ramp {Fac<-(TEX_IMAGE:Image Texture image=hartley.png.001 cs=Non-Color {Vector<-(UVMAP:UV Map.001 {})})}
   IOR: 1.5
   Alpha: 1.0
   Normal: <-NORMAL_MAP:Normal Map.001 {Strength=1.0, Color<-(TEX_IMAGE:Image Texture.001 image=hartley_normal.png.001 cs=Non-Color {Vector<-(UVMAP:UV Map.001 {})})}
   Anisotropic: 0.0
   Anisotropic Rotation: 0.0
   Coat Weight: 0.0
   Coat Roughness: 0.03
   Transmission Weight: 0.0
   Emission Color: [1.0, 1.0, 1.0]
   Emission Strength: 0.0
   Specular IOR Level: 0.5
   Sheen Weight: 0.0
   images: ['MetalStainlessSteelBrushed002_COL_4K_METALNESS.015(4096x4096)', 'MetalStainlessSteelBrushed002_METALNESS_4K_METALNESS.015(4096x4096)', 'MetalStainlessSteelBrushed002_NRM_2K_METALNESS.jpg.015(2048x2048)', 'MetalStainlessSteelBrushed002_ROUGHNESS_4K_METALNESS.015(4096x4096)', 'hartley.png.001(2000x2000)', 'hartley_normal.png.001(2000x2000)', 'leatherstrap_detail.jpg.001(2000x2000)', 'leatherstrap_detail.png.001(2000x2000)']
MAT silver metal with hartley.004  users={'leather white with silver': 1} examples=[['metal lock.029[0]']]
   Base Color: [0.668, 0.668, 0.668]
   Metallic: 1.0
   Roughness: <-VALTORGB:Color Ramp {Fac<-(TEX_IMAGE:Image Texture image=hartley.png.005 cs=Non-Color {Vector<-(UVMAP:UV Map.001 {})})}
   IOR: 1.5
   Alpha: 1.0
   Normal: <-NORMAL_MAP:Normal Map.001 {Strength=1.0, Color<-(TEX_IMAGE:Image Texture.001 image=hartley_normal.png.005 cs=Non-Color {Vector<-(UVMAP:UV Map.001 {})})}
   Anisotropic: 0.0
   Anisotropic Rotation: 0.0
   Coat Weight: 0.0
   Coat Roughness: 0.03
   Transmission Weight: 0.0
   Emission Color: [1.0, 1.0, 1.0]
   Emission Strength: 0.0
   Specular IOR Level: 0.5
   Sheen Weight: 0.0
   images: ['MetalStainlessSteelBrushed002_COL_4K_METALNESS.020(4096x4096)', 'MetalStainlessSteelBrushed002_METALNESS_4K_METALNESS.020(4096x4096)', 'MetalStainlessSteelBrushed002_NRM_2K_METALNESS.jpg.020(2048x2048)', 'MetalStainlessSteelBrushed002_ROUGHNESS_4K_METALNESS.020(4096x4096)', 'hartley.png.005(2000x2000)', 'hartley_normal.png.005(2000x2000)', 'leatherstrap_detail.jpg.017(2000x2000)', 'leatherstrap_detail.png.017(2000x2000)']
MAT silver metal with hartley.005  users={'leather black with silver': 1} examples=[['metal lock.030[0]']]
   Base Color: [0.765, 0.765, 0.765]
   Metallic: 1.0
   Roughness: <-VALTORGB:Color Ramp {Fac<-(TEX_IMAGE:Image Texture image=hartley.png.005 cs=Non-Color {Vector<-(UVMAP:UV Map.001 {})})}
   IOR: 1.5
   Alpha: 1.0
   Normal: <-NORMAL_MAP:Normal Map.001 {Strength=1.0, Color<-(TEX_IMAGE:Image Texture.001 image=hartley_normal.png.005 cs=Non-Color {Vector<-(UVMAP:UV Map.001 {})})}
   Anisotropic: 0.0
   Anisotropic Rotation: 0.0
   Coat Weight: 0.0
   Coat Roughness: 0.03
   Transmission Weight: 0.0
   Emission Color: [1.0, 1.0, 1.0]
   Emission Strength: 0.0
   Specular IOR Level: 0.5
   Sheen Weight: 0.0
   images: ['MetalStainlessSteelBrushed002_COL_4K_METALNESS.020(4096x4096)', 'MetalStainlessSteelBrushed002_METALNESS_4K_METALNESS.020(4096x4096)', 'MetalStainlessSteelBrushed002_NRM_2K_METALNESS.jpg.020(2048x2048)', 'MetalStainlessSteelBrushed002_ROUGHNESS_4K_METALNESS.020(4096x4096)', 'hartley.png.005(2000x2000)', 'hartley_normal.png.005(2000x2000)', 'leatherstrap_detail.jpg.017(2000x2000)', 'leatherstrap_detail.png.017(2000x2000)']
MAT x Concrete  users={} examples=[]
   shader=MIX_SHADER -> MIX_SHADER:Mix Shader {Fac<-(TEX_NOISE:Noise Texture {Vector<-(MAPPING:Mapping loc=[0.0, 0.0, 0.0] rot=[0.0, 0.0, 0.0] scale=[0.5, 0.5, 0.5] {Vector<-(TEX_COORD:Texture Coordinate {})})}), Shader<-(BSDF_PRINCIPLED:Principled BSDF {Base Color<-(CURVE_RGB:RGB Curves curves=[[(0.0, 0.0), (1.0, 1.0)], [(0.0, 0.0), (1.0, 1.0)], [(0.0, 0.0), (1.0, 1.0)], [(0.0, 0.0), (0.55, 0.41), (1.0, 1.0)]] {Fac=1.0, Color<-(TEX_IMAGE:Image Texture image=Concrete01_COL_VAR1_3K.jpg.001 cs=sRGB {Vector<-(REROUTE:Reroute)})}), Roughness<-(INVERT:Invert {Fac=1.0, Color<-(TEX_IMAGE:Image Texture.001 image=Concrete01_GLOSS_3K.jpg.001 cs=Non-Color {Vector<-(REROUTE:Reroute)})}), Normal<-(NORMAL_MAP:Normal Map {Strength=1.0, Color<-(TEX_IMAGE:Image Texture.002 image=Concrete01_NRM_3K.jpg.001 cs=Non-Color {Vector<-(REROUTE:Reroute)})})}), Shader<-(BSDF_PRINCIPLED:Principled BSDF.001 {Base Color<-(CURVE_RGB:RGB Curves.001 curves=[[(0.0, 0.0), (1.0, 1.0)], [(0.0, 0.0), (1.0, 1.0)], [(0.0, 0.0), (1.0, 1.0)], [(0.0, 0.0), (0.55, 0.41), (1.0, 1.0)]] {Fac=1.0, Color<-(TEX_IMAGE:Image Texture.003 image=Concrete07_COL_VAR1_3K.jpg.001 cs=sRGB {Vector<-(REROUTE:Reroute.001)})}), Roughness<-(INVERT:Invert.001 {Fac=1.0, Color<-(TEX_IMAGE:Image Texture.004 image=Concrete07_GLOSS_3K.jpg.001 cs=Non-Color {Vector<-(REROUTE:Reroute.001)})}), Normal<-(NORMAL_MAP:Normal Map.001 {Strength=1.0, Color<-(TEX_IMAGE:Image Texture.005 image=Concrete07_NRM_3K.jpg.001 cs=Non-Color {Vector<-(REROUTE:Reroute.001)})})})}
MAT x Glass, edge  users={} examples=[]
   shader=MIX_SHADER -> MIX_SHADER:Mix Shader {Fac=0.775, Shader<-(BSDF_TRANSPARENT:Transparent BSDF {Color=[0.9, 0.9, 0.9, 1.0]}), Shader<-(BSDF_GLOSSY:Glossy BSDF {Color=[0.9, 0.9, 0.9, 1.0]})}
MAT x Glass: Clear  users={'_group3group2_polySurface940': 1} examples=[['_group3group2_polySurface940[0]']]
   shader=MIX_SHADER -> MIX_SHADER:Mix Shader {Fac=0.192, Shader<-(BSDF_TRANSPARENT:Transparent BSDF {Color=[1.0, 1.0, 1.0, 1.0]}), Shader<-(BSDF_GLOSSY:Glossy BSDF {Color=[1.0, 1.0, 1.0, 1.0]})}
MAT x Glass: Clear IOR1.008  users={'1. Black Base with  black face': 1, '4. Silver Base with white face': 1, '2. rose gold base with black face': 1, '3. gold base with black face': 1, '5. rose gold with white face.001': 1} examples=[['1. Base Mesh[7]'], ['1. Base Mesh.001[7]']]
   Base Color: [1.0, 1.0, 1.0]
   Metallic: 0.0
   Roughness: 0.0
   IOR: 1.008
   Alpha: 1.0
   Normal: [0.0, 0.0, 0.0]
   Anisotropic: 0.0
   Anisotropic Rotation: 0.0
   Coat Weight: 0.0
   Coat Roughness: 0.03
   Transmission Weight: 1.0
   Emission Color: [1.0, 1.0, 1.0]
   Emission Strength: 0.0
   Specular IOR Level: 1.5
   Sheen Weight: 0.0
   images: []
MAT x Glass: Clear IOR1.1  users={'1. Black Base with  black face': 1, '4. Silver Base with white face': 1, '2. rose gold base with black face': 1, '3. gold base with black face': 1, '5. rose gold with white face.001': 1} examples=[['1. Base Mesh[10]'], ['1. Base Mesh.001[8]']]
   Base Color: [1.0, 1.0, 1.0]
   Metallic: 0.0
   Roughness: 0.2
   IOR: 1.1
   Alpha: 1.0
   Normal: [0.0, 0.0, 0.0]
   Anisotropic: 0.0
   Anisotropic Rotation: 0.0
   Coat Weight: 0.0
   Coat Roughness: 0.03
   Transmission Weight: 1.0
   Emission Color: [1.0, 1.0, 1.0]
   Emission Strength: 0.0
   Specular IOR Level: 1.5
   Sheen Weight: 0.0
   images: []
MAT x Glass: Clear.001  users={'5. rose gold with white face.002': 1, '3. gold base with black face.001': 1, '2. rose gold base with black face.001': 1, '4. Silver Base with white face.001': 1} examples=[['1. Base Mesh.005[7]'], ['1. Base Mesh.006[7]']]
   Base Color: [1.0, 1.0, 1.0]
   Metallic: 0.0
   Roughness: 0.0
   IOR: 1.0
   Alpha: 1.0
   Normal: [0.0, 0.0, 0.0]
   Anisotropic: 0.0
   Anisotropic Rotation: 0.0
   Coat Weight: 0.0
   Coat Roughness: 0.03
   Transmission Weight: 1.0
   Emission Color: [1.0, 1.0, 1.0]
   Emission Strength: 0.0
   Specular IOR Level: 1.5
   Sheen Weight: 0.0
   images: []
MAT x Glass: Clear.002  users={'master parent.006 black': 1} examples=[['step to obj.024[2]']]
   Base Color: [1.0, 1.0, 1.0]
   Metallic: 0.0
   Roughness: 0.0
   IOR: 1.1
   Alpha: 1.0
   Normal: [0.0, 0.0, 0.0]
   Anisotropic: 0.0
   Anisotropic Rotation: 0.0
   Coat Weight: 0.0
   Coat Roughness: 0.03
   Transmission Weight: 1.0
   Emission Color: [1.0, 1.0, 1.0]
   Emission Strength: 0.0
   Specular IOR Level: 0.5
   Sheen Weight: 0.0
   images: []
MAT x Glass: Clear.003  users={'master parent.005 rose gold': 1} examples=[['step to obj.020[2]']]
   Base Color: [1.0, 1.0, 1.0]
   Metallic: 0.0
   Roughness: 0.0
   IOR: 1.1
   Alpha: 1.0
   Normal: [0.0, 0.0, 0.0]
   Anisotropic: 0.0
   Anisotropic Rotation: 0.0
   Coat Weight: 0.0
   Coat Roughness: 0.03
   Transmission Weight: 1.0
   Emission Color: [1.0, 1.0, 1.0]
   Emission Strength: 0.0
   Specular IOR Level: 0.5
   Sheen Weight: 0.0
   images: []
MAT x Glass: Clear.004  users={'master parent.002': 4} examples=[['step to obj[2]', 'step to obj.001[2]', 'step to obj.003[2]']]
   Base Color: [1.0, 1.0, 1.0]
   Metallic: 0.0
   Roughness: 0.0
   IOR: 1.1
   Alpha: 1.0
   Normal: [0.0, 0.0, 0.0]
   Anisotropic: 0.0
   Anisotropic Rotation: 0.0
   Coat Weight: 0.0
   Coat Roughness: 0.03
   Transmission Weight: 1.0
   Emission Color: [1.0, 1.0, 1.0]
   Emission Strength: 0.0
   Specular IOR Level: 0.5
   Sheen Weight: 0.0
   images: []
MAT x Glass: Frosted  users={} examples=[]
   Base Color: [1.0, 1.0, 1.0]
   Metallic: 0.0
   Roughness: 0.286
   IOR: 1.45
   Alpha: 1.0
   Normal: [0.0, 0.0, 0.0]
   Anisotropic: 0.0
   Anisotropic Rotation: 0.0
   Coat Weight: 0.0
   Coat Roughness: 0.03
   Transmission Weight: 0.8
   Specular IOR Level: 0.5
   Sheen Weight: 0.0
   images: []
MAT x Grass  users={} examples=[]
   Base Color: <-TEX_IMAGE:Image Texture.001 image=GroundGrassGreenPatchy006_COL_3K.jpg.001 cs=sRGB {Vector<-(REROUTE:Reroute {Input<-(MAPPING:Mapping loc=[0.0, 0.0, 0.0] rot=[0.0, 0.0, 0.0] scale=[0.5, 0.5, 0.5] {Vector<-(TEX_COORD:Texture Coordinate {})})})}
   Metallic: 0.0
   Roughness: <-INVERT:Invert {Fac=1.0, Color<-(TEX_IMAGE:Image Texture.002 image=GroundGrassGreenPatchy006_GLOSS_3K.jpg.001 cs=Non-Color {Vector<-(REROUTE:Reroute {Input<-(MAPPING:Mapping loc=[0.0, 0.0, 0.0] rot=[0.0, 0.0, 0.0] scale=[0.5, 0.5, 0.5] {Vector<-(TEX_COORD:Texture Coordinate)})})})}
   IOR: 1.45
   Alpha: 1.0
   Normal: <-NORMAL_MAP:Normal Map {Strength=1.0, Color<-(TEX_IMAGE:Image Texture.003 image=GroundGrassGreenPatchy006_NRM_3K.jpg.001 cs=Non-Color {Vector<-(REROUTE:Reroute {Input<-(MAPPING:Mapping loc=[0.0, 0.0, 0.0] rot=[0.0, 0.0, 0.0] scale=[0.5, 0.5, 0.5] {Vector<-(TEX_COORD:Texture Coordinate)})})})}
   Anisotropic: 0.0
   Anisotropic Rotation: 0.0
   Coat Weight: 0.0
   Coat Roughness: 0.03
   Transmission Weight: 0.0
   Specular IOR Level: 0.0
   Sheen Weight: 0.0
   images: ['GroundGrassGreenPatchy006_COL_3K.jpg.001(3072x3072)', 'GroundGrassGreenPatchy006_GLOSS_3K.jpg.001(3072x3072)', 'GroundGrassGreenPatchy006_NRM_3K.jpg.001(3072x3072)']
MAT x MetalStainlessSteelBrushed002_2K  users={'1. Black Base with  black face': 1, '4. Silver Base with white face': 1, '2. rose gold base with black face': 1, '3. gold base with black face': 1, '5. rose gold with white face.001': 1, '1. mesh band parent_silver': 1} examples=[['1. Base Mesh[2]'], ['1. Base Mesh.001[2]']]
   Base Color: <-GROUP:MetalStainlessSteelBrushed002_2K group=MetalStainlessSteelBrushed002_2K {'Scale': 0.5, 'Aspect Ratio': 1.0, 'Global Rotation': 90.0, 'Roughness Adj.': 0.0, 'Normal Strength': 1.0} {UV<-(TEX_COORD:Texture Coordinate {})}
   Metallic: <-MATH:Math {Value<-(GROUP:MetalStainlessSteelBrushed002_2K group=MetalStainlessSteelBrushed002_2K {'Scale': 0.5, 'Aspect Ratio': 1.0, 'Global Rotation': 90.0, 'Roughness Adj.': 0.0, 'Normal Strength': 1.0} {UV<-(TEX_COORD:Texture Coordinate {})}), Value=0.0}
   Roughness: <-GROUP:MetalStainlessSteelBrushed002_2K group=MetalStainlessSteelBrushed002_2K {'Scale': 0.5, 'Aspect Ratio': 1.0, 'Global Rotation': 90.0, 'Roughness Adj.': 0.0, 'Normal Strength': 1.0} {UV<-(TEX_COORD:Texture Coordinate {})}
   IOR: 1.45
   Alpha: <-GROUP:MetalStainlessSteelBrushed002_2K group=MetalStainlessSteelBrushed002_2K {'Scale': 0.5, 'Aspect Ratio': 1.0, 'Global Rotation': 90.0, 'Roughness Adj.': 0.0, 'Normal Strength': 1.0} {UV<-(TEX_COORD:Texture Coordinate {})}
   Normal: <-GROUP:MetalStainlessSteelBrushed002_2K group=MetalStainlessSteelBrushed002_2K {'Scale': 0.5, 'Aspect Ratio': 1.0, 'Global Rotation': 90.0, 'Roughness Adj.': 0.0, 'Normal Strength': 1.0} {UV<-(TEX_COORD:Texture Coordinate {})}
   Anisotropic: 0.0
   Anisotropic Rotation: 0.0
   Coat Weight: 0.0
   Coat Roughness: 0.03
   Transmission Weight: <-GROUP:MetalStainlessSteelBrushed002_2K group=MetalStainlessSteelBrushed002_2K {'Scale': 0.5, 'Aspect Ratio': 1.0, 'Global Rotation': 90.0, 'Roughness Adj.': 0.0, 'Normal Strength': 1.0} {UV<-(TEX_COORD:Texture Coordinate {})}
   Specular IOR Level: 0.5
   Sheen Weight: 0.0
   images: ['MetalStainlessSteelBrushed002_COL_2K_METALNESS(2048x2048)', 'MetalStainlessSteelBrushed002_METALNESS_2K_METALNESS(2048x2048)', 'MetalStainlessSteelBrushed002_NRM16_2K_METALNESS(2048x2048)', 'MetalStainlessSteelBrushed002_ROUGHNESS_2K_METALNESS(2048x2048)']
MAT x MetalStainlessSteelBrushed002_2K.001  users={'2. rose gold base with black face': 1} examples=[['1. Base Mesh.002[2]']]
   Base Color: <-MIX:Mix.001 blend=MIX {Factor=1.0, A<-(GROUP:MetalStainlessSteelBrushed002_2K group=MetalStainlessSteelBrushed002_2K {'Scale': 0.5, 'Aspect Ratio': 1.0, 'Global Rotation': 90.0, 'Roughness Adj.': 0.0, 'Normal Strength': 1.0} {UV<-(TEX_COORD:Texture Coordinate {})}), B=[0.694, 0.413, 0.323, 1.0]}
   Metallic: <-MATH:Math {Value<-(GROUP:MetalStainlessSteelBrushed002_2K group=MetalStainlessSteelBrushed002_2K {'Scale': 0.5, 'Aspect Ratio': 1.0, 'Global Rotation': 90.0, 'Roughness Adj.': 0.0, 'Normal Strength': 1.0} {UV<-(TEX_COORD:Texture Coordinate {})}), Value=0.0}
   Roughness: <-GROUP:MetalStainlessSteelBrushed002_2K group=MetalStainlessSteelBrushed002_2K {'Scale': 0.5, 'Aspect Ratio': 1.0, 'Global Rotation': 90.0, 'Roughness Adj.': 0.0, 'Normal Strength': 1.0} {UV<-(TEX_COORD:Texture Coordinate {})}
   IOR: 1.45
   Alpha: <-GROUP:MetalStainlessSteelBrushed002_2K group=MetalStainlessSteelBrushed002_2K {'Scale': 0.5, 'Aspect Ratio': 1.0, 'Global Rotation': 90.0, 'Roughness Adj.': 0.0, 'Normal Strength': 1.0} {UV<-(TEX_COORD:Texture Coordinate {})}
   Normal: <-GROUP:MetalStainlessSteelBrushed002_2K group=MetalStainlessSteelBrushed002_2K {'Scale': 0.5, 'Aspect Ratio': 1.0, 'Global Rotation': 90.0, 'Roughness Adj.': 0.0, 'Normal Strength': 1.0} {UV<-(TEX_COORD:Texture Coordinate {})}
   Anisotropic: 0.0
   Anisotropic Rotation: 0.0
   Coat Weight: 0.0
   Coat Roughness: 0.03
   Transmission Weight: <-GROUP:MetalStainlessSteelBrushed002_2K group=MetalStainlessSteelBrushed002_2K {'Scale': 0.5, 'Aspect Ratio': 1.0, 'Global Rotation': 90.0, 'Roughness Adj.': 0.0, 'Normal Strength': 1.0} {UV<-(TEX_COORD:Texture Coordinate {})}
   Specular IOR Level: 0.5
   Sheen Weight: 0.0
   images: ['MetalStainlessSteelBrushed002_COL_2K_METALNESS(2048x2048)', 'MetalStainlessSteelBrushed002_METALNESS_2K_METALNESS(2048x2048)', 'MetalStainlessSteelBrushed002_NRM16_2K_METALNESS(2048x2048)', 'MetalStainlessSteelBrushed002_ROUGHNESS_2K_METALNESS(2048x2048)']
MAT x MetalStainlessSteelBrushed002_2K.002  users={'5. rose gold with white face.002': 1, '3. gold base with black face.001': 1, '2. rose gold base with black face.001': 1, '4. Silver Base with white face.001': 1, '1. mesh band parent_silver.001': 1} examples=[['1. Base Mesh.005[2]'], ['1. Base Mesh.006[8]']]
   Base Color: <-GROUP:MetalStainlessSteelBrushed002_2K group=MetalStainlessSteelBrushed002_2K.001 {'Scale': 0.5, 'Aspect Ratio': 1.0, 'Global Rotation': 90.0, 'Roughness Adj.': 0.0, 'Normal Strength': 1.0} {UV<-(TEX_COORD:Texture Coordinate {})}
   Metallic: <-MATH:Math {Value<-(GROUP:MetalStainlessSteelBrushed002_2K group=MetalStainlessSteelBrushed002_2K.001 {'Scale': 0.5, 'Aspect Ratio': 1.0, 'Global Rotation': 90.0, 'Roughness Adj.': 0.0, 'Normal Strength': 1.0} {UV<-(TEX_COORD:Texture Coordinate {})}), Value=0.0}
   Roughness: <-GROUP:MetalStainlessSteelBrushed002_2K group=MetalStainlessSteelBrushed002_2K.001 {'Scale': 0.5, 'Aspect Ratio': 1.0, 'Global Rotation': 90.0, 'Roughness Adj.': 0.0, 'Normal Strength': 1.0} {UV<-(TEX_COORD:Texture Coordinate {})}
   IOR: 1.45
   Alpha: <-GROUP:MetalStainlessSteelBrushed002_2K group=MetalStainlessSteelBrushed002_2K.001 {'Scale': 0.5, 'Aspect Ratio': 1.0, 'Global Rotation': 90.0, 'Roughness Adj.': 0.0, 'Normal Strength': 1.0} {UV<-(TEX_COORD:Texture Coordinate {})}
   Normal: <-GROUP:MetalStainlessSteelBrushed002_2K group=MetalStainlessSteelBrushed002_2K.001 {'Scale': 0.5, 'Aspect Ratio': 1.0, 'Global Rotation': 90.0, 'Roughness Adj.': 0.0, 'Normal Strength': 1.0} {UV<-(TEX_COORD:Texture Coordinate {})}
   Anisotropic: 0.0
   Anisotropic Rotation: 0.0
   Coat Weight: 0.0
   Coat Roughness: 0.03
   Transmission Weight: <-GROUP:MetalStainlessSteelBrushed002_2K group=MetalStainlessSteelBrushed002_2K.001 {'Scale': 0.5, 'Aspect Ratio': 1.0, 'Global Rotation': 90.0, 'Roughness Adj.': 0.0, 'Normal Strength': 1.0} {UV<-(TEX_COORD:Texture Coordinate {})}
   Specular IOR Level: 0.5
   Sheen Weight: 0.0
   images: ['MetalStainlessSteelBrushed002_COL_2K_METALNESS.001(2048x2048)', 'MetalStainlessSteelBrushed002_METALNESS_2K_METALNESS.001(2048x2048)', 'MetalStainlessSteelBrushed002_NRM16_2K_METALNESS.001(2048x2048)', 'MetalStainlessSteelBrushed002_ROUGHNESS_2K_METALNESS.001(2048x2048)']
MAT x MetalStainlessSteelBrushed002_2K.003  users={'2. rose gold base with black face.001': 1} examples=[['1. Base Mesh.007[2]']]
   Base Color: <-MIX:Mix.001 blend=MIX {Factor=1.0, A<-(GROUP:MetalStainlessSteelBrushed002_2K group=MetalStainlessSteelBrushed002_2K.001 {'Scale': 0.5, 'Aspect Ratio': 1.0, 'Global Rotation': 90.0, 'Roughness Adj.': 0.0, 'Normal Strength': 1.0} {UV<-(TEX_COORD:Texture Coordinate {})}), B=[0.694, 0.451, 0.305, 1.0]}
   Metallic: <-MATH:Math {Value<-(GROUP:MetalStainlessSteelBrushed002_2K group=MetalStainlessSteelBrushed002_2K.001 {'Scale': 0.5, 'Aspect Ratio': 1.0, 'Global Rotation': 90.0, 'Roughness Adj.': 0.0, 'Normal Strength': 1.0} {UV<-(TEX_COORD:Texture Coordinate {})}), Value=0.0}
   Roughness: <-GROUP:MetalStainlessSteelBrushed002_2K group=MetalStainlessSteelBrushed002_2K.001 {'Scale': 0.5, 'Aspect Ratio': 1.0, 'Global Rotation': 90.0, 'Roughness Adj.': 0.0, 'Normal Strength': 1.0} {UV<-(TEX_COORD:Texture Coordinate {})}
   IOR: 1.45
   Alpha: <-GROUP:MetalStainlessSteelBrushed002_2K group=MetalStainlessSteelBrushed002_2K.001 {'Scale': 0.5, 'Aspect Ratio': 1.0, 'Global Rotation': 90.0, 'Roughness Adj.': 0.0, 'Normal Strength': 1.0} {UV<-(TEX_COORD:Texture Coordinate {})}
   Normal: <-GROUP:MetalStainlessSteelBrushed002_2K group=MetalStainlessSteelBrushed002_2K.001 {'Scale': 0.5, 'Aspect Ratio': 1.0, 'Global Rotation': 90.0, 'Roughness Adj.': 0.0, 'Normal Strength': 1.0} {UV<-(TEX_COORD:Texture Coordinate {})}
   Anisotropic: 0.0
   Anisotropic Rotation: 0.0
   Coat Weight: 0.0
   Coat Roughness: 0.03
   Transmission Weight: <-GROUP:MetalStainlessSteelBrushed002_2K group=MetalStainlessSteelBrushed002_2K.001 {'Scale': 0.5, 'Aspect Ratio': 1.0, 'Global Rotation': 90.0, 'Roughness Adj.': 0.0, 'Normal Strength': 1.0} {UV<-(TEX_COORD:Texture Coordinate {})}
   Specular IOR Level: 0.5
   Sheen Weight: 0.0
   images: ['MetalStainlessSteelBrushed002_COL_2K_METALNESS.001(2048x2048)', 'MetalStainlessSteelBrushed002_METALNESS_2K_METALNESS.001(2048x2048)', 'MetalStainlessSteelBrushed002_NRM16_2K_METALNESS.001(2048x2048)', 'MetalStainlessSteelBrushed002_ROUGHNESS_2K_METALNESS.001(2048x2048)']
MAT x MetalStainlessSteelRadial002_2K_TEXT  users={'1. Black Base with  black face': 1, '4. Silver Base with white face': 1, '2. rose gold base with black face': 1, '3. gold base with black face': 1, '5. rose gold with white face.001': 1} examples=[['1. Base Mesh[1]'], ['1. Base Mesh.001[1]']]
   shader=MIX_SHADER -> MIX_SHADER:Mix Shader {Fac<-(TEX_IMAGE:Image Texture image=heritage mask.png cs=Non-Color {Vector<-(MAPPING:Mapping loc=[-0.01, 0.0, 0.0] rot=[0.0, 0.0, 0.0] scale=[1.0, 1.0, 1.0] {Vector<-(TEX_COORD:Texture Coordinate.001 {})})}), Shader<-(REROUTE:Reroute.001 {Input<-(BSDF_PRINCIPLED:Principled BSDF {Base Color<-(GROUP:MetalStainlessSteelRadial002_2K group=MetalStainlessSteelRadial002_2K {'Scale': 1.0, 'Aspect Ratio': 1.0, 'Global Rotation': 0.0, 'Roughness Adj.': 0.0, 'Normal Strength': 1.0} {UV<-(TEX_COORD:Texture Coordinate)}), Metallic<-(GROUP:MetalStainlessSteelRadial002_2K), Roughness<-(MATH:Math {Value<-(GROUP:MetalStainlessSteelRadial002_2K), Value=0.15}), Alpha<-(GROUP:MetalStainlessSteelRadial002_2K), Normal<-(NORMAL_MAP:Normal Map.001 {Strength=1.0, Color<-(GROUP:Group)}), Transmission Weight<-(GROUP:MetalStainlessSteelRadial002_2K), Emission Color<-(GROUP:MetalStainlessSteelRadial002_2K)})}), Shader<-(REROUTE:Reroute {Input<-(REROUTE:Reroute.002 {Input<-(BSDF_PRINCIPLED:Principled BSDF.001 {Base Color<-(CURVE_RGB:RGB Curves), Roughness<-(MATH:Math.001), Alpha<-(GROUP:MetalStainlessSteelBrushed002_2K), Normal<-(NORMAL_MAP:Normal Map), Transmission Weight<-(GROUP:MetalStainlessSteelBrushed002_2K)})})})}
MAT x MetalStainlessSteelRadial002_2K_TEXT.001  users={'5. rose gold with white face.002': 1, '3. gold base with black face.001': 1, '2. rose gold base with black face.001': 1, '4. Silver Base with white face.001': 1} examples=[['1. Base Mesh.005[1]'], ['1. Base Mesh.006[1]']]
   shader=MIX_SHADER -> MIX_SHADER:Mix Shader {Fac<-(TEX_IMAGE:Image Texture image=heritage mask.png.001 cs=Non-Color {Vector<-(MAPPING:Mapping loc=[-0.01, 0.0, 0.0] rot=[0.0, 0.0, 0.0] scale=[1.0, 1.0, 1.0] {Vector<-(TEX_COORD:Texture Coordinate.001 {})})}), Shader<-(REROUTE:Reroute.001 {Input<-(BSDF_PRINCIPLED:Principled BSDF {Base Color<-(GROUP:MetalStainlessSteelRadial002_2K group=MetalStainlessSteelRadial002_2K.001 {'Scale': 1.0, 'Aspect Ratio': 1.0, 'Global Rotation': 0.0, 'Roughness Adj.': 0.0, 'Normal Strength': 1.0} {UV<-(TEX_COORD:Texture Coordinate)}), Metallic<-(GROUP:MetalStainlessSteelRadial002_2K), Roughness<-(MATH:Math {Value<-(GROUP:MetalStainlessSteelRadial002_2K), Value=0.15}), Alpha<-(GROUP:MetalStainlessSteelRadial002_2K), Normal<-(NORMAL_MAP:Normal Map.001 {Strength=1.0, Color<-(GROUP:Group)}), Transmission Weight<-(GROUP:MetalStainlessSteelRadial002_2K), Emission Color<-(GROUP:MetalStainlessSteelRadial002_2K)})}), Shader<-(REROUTE:Reroute {Input<-(REROUTE:Reroute.002 {Input<-(BSDF_PRINCIPLED:Principled BSDF.001 {Base Color<-(CURVE_RGB:RGB Curves), Roughness<-(MATH:Math.001), Alpha<-(GROUP:MetalStainlessSteelBrushed002_2K), Normal<-(NORMAL_MAP:Normal Map), Transmission Weight<-(GROUP:MetalStainlessSteelBrushed002_2K)})})})}
MAT x Pool water_v2  users={} examples=[]
   Base Color: <-HUE_SAT:Hue Saturation Value {Hue=0.45, Saturation=1.0, Value=2.5, Fac=1.0, Color<-(RGB:RGB {})}
   Metallic: 0.468
   Roughness: 0.0
   IOR: 1.45
   Alpha: 1.0
   Normal: [0.0, 0.0, 0.0]
   Anisotropic: 0.0
   Anisotropic Rotation: 0.0
   Coat Weight: 0.0
   Coat Roughness: 0.03
   Transmission Weight: 1.0
   Specular IOR Level: 0.5
   Sheen Weight: 0.0
   images: []
MAT x WatchFace_black and white  users={'1. Black Base with  black face': 1, '2. rose gold base with black face': 1, '3. gold base with black face': 1} examples=[['1. Base Mesh[4]'], ['1. Base Mesh.002[4]']]
   shader=MIX_SHADER -> MIX_SHADER:Mix Shader {Fac<-(MIX:Mix blend=ADD {Factor=1.0, A<-(TEX_IMAGE:Image Texture image=hartley.png cs=Non-Color {Vector<-(UVMAP:UV Map.001 {})}), B<-(INVERT:Invert Color {Fac=1.0, Color<-(TEX_IMAGE:Image Texture.002 image=Second Hand.png cs=Non-Color {Vector<-(UVMAP:UV Map)})})}), Shader<-(BSDF_PRINCIPLED:Principled BSDF {Normal<-(REROUTE:Reroute {Input<-(NORMAL_MAP:Normal Map {Strength=2.0, Color<-(GROUP:Group)})})}), Shader<-(BSDF_PRINCIPLED:Principled BSDF.001 {Normal<-(NORMAL_MAP:Normal Map)})}
MAT x WatchFace_black and white.001  users={'3. gold base with black face.001': 1, '2. rose gold base with black face.001': 1} examples=[['1. Base Mesh.006[4]'], ['1. Base Mesh.007[4]']]
   shader=MIX_SHADER -> MIX_SHADER:Mix Shader {Fac<-(MIX:Mix blend=ADD {Factor=1.0, A<-(TEX_IMAGE:Image Texture image=hartley.png.001 cs=Non-Color {Vector<-(UVMAP:UV Map.001 {})}), B<-(INVERT:Invert Color {Fac=1.0, Color<-(TEX_IMAGE:Image Texture.002 image=Second Hand.png.001 cs=Non-Color {Vector<-(UVMAP:UV Map)})})}), Shader<-(BSDF_PRINCIPLED:Principled BSDF {Normal<-(REROUTE:Reroute {Input<-(NORMAL_MAP:Normal Map {Strength=2.0, Color<-(GROUP:Group)})})}), Shader<-(BSDF_PRINCIPLED:Principled BSDF.001 {Normal<-(NORMAL_MAP:Normal Map)})}
MAT x WatchFace_white base and black  users={'4. Silver Base with white face': 1, '5. rose gold with white face.001': 1} examples=[['1. Base Mesh.001[4]'], ['1. Base Mesh.004[4]']]
   shader=MIX_SHADER -> MIX_SHADER:Mix Shader {Fac<-(VALTORGB:Color Ramp.002 {Fac<-(MIX:Mix blend=ADD {Factor=1.0, A<-(TEX_IMAGE:Image Texture image=hartley.png cs=Non-Color {Vector<-(UVMAP:UV Map.001)}), B<-(INVERT:Invert Color {Fac=1.0, Color<-(TEX_IMAGE:Image Texture.002)})})}), Shader<-(BSDF_PRINCIPLED:Principled BSDF {Roughness<-(VALTORGB:Color Ramp.001 {Fac<-(TEX_NOISE:Noise Texture {Vector<-(VECT_MATH:Vector Math)})}), Normal<-(BUMP:Bump {Strength=0.05, Height<-(VALTORGB:Color Ramp {Fac<-(TEX_NOISE:Noise Texture)}), Normal<-(REROUTE:Reroute {Input<-(NORMAL_MAP:Normal Map)})})}), Shader<-(BSDF_PRINCIPLED:Principled BSDF.001 {Normal<-(NORMAL_MAP:Normal Map {Strength=2.0, Color<-(GROUP:Group group=Combine Normals {} {Image<-(TEX_IMAGE:Image Texture.001), Image<-(TEX_IMAGE:Image Texture.003)})})})}
MAT x WatchFace_white base and black.001  users={'5. rose gold with white face.002': 1, '4. Silver Base with white face.001': 1} examples=[['1. Base Mesh.005[4]'], ['1. Base Mesh.008[4]']]
   shader=MIX_SHADER -> MIX_SHADER:Mix Shader {Fac<-(VALTORGB:Color Ramp.002 {Fac<-(MIX:Mix blend=ADD {Factor=1.0, A<-(TEX_IMAGE:Image Texture image=hartley.png.001 cs=Non-Color {Vector<-(UVMAP:UV Map.001)}), B<-(INVERT:Invert Color {Fac=1.0, Color<-(TEX_IMAGE:Image Texture.002)})})}), Shader<-(BSDF_PRINCIPLED:Principled BSDF {Roughness<-(VALTORGB:Color Ramp.001 {Fac<-(TEX_NOISE:Noise Texture {Vector<-(VECT_MATH:Vector Math)})}), Normal<-(BUMP:Bump {Strength=0.05, Height<-(VALTORGB:Color Ramp {Fac<-(TEX_NOISE:Noise Texture)}), Normal<-(REROUTE:Reroute {Input<-(NORMAL_MAP:Normal Map)})})}), Shader<-(BSDF_PRINCIPLED:Principled BSDF.001 {Normal<-(NORMAL_MAP:Normal Map {Strength=2.0, Color<-(GROUP:Group group=Combine Normals.002 {} {Image<-(TEX_IMAGE:Image Texture.001), Image<-(TEX_IMAGE:Image Texture.003)})})})}
MAT x black mild reflective  users={'1. Black Base with  black face': 1, '2. rose gold base with black face': 1, '3. gold base with black face': 1} examples=[['1. Base Mesh[6]'], ['1. Base Mesh.002[6]']]
   Base Color: [0.002, 0.002, 0.002]
   Metallic: 0.0
   Roughness: 0.136
   IOR: 1.5
   Alpha: 1.0
   Normal: [0.0, 0.0, 0.0]
   Anisotropic: 0.0
   Anisotropic Rotation: 0.0
   Coat Weight: 0.0
   Coat Roughness: 0.03
   Transmission Weight: 0.0
   Emission Color: [1.0, 1.0, 1.0]
   Emission Strength: 0.0
   Specular IOR Level: 0.5
   Sheen Weight: 0.0
   images: []
MAT x black mild reflective.001  users={'3. gold base with black face.001': 1, '2. rose gold base with black face.001': 1} examples=[['1. Base Mesh.006[6]'], ['1. Base Mesh.007[6]']]
   Base Color: [0.002, 0.002, 0.002]
   Metallic: 0.0
   Roughness: 0.136
   IOR: 1.5
   Alpha: 1.0
   Normal: [0.0, 0.0, 0.0]
   Anisotropic: 0.0
   Anisotropic Rotation: 0.0
   Coat Weight: 0.0
   Coat Roughness: 0.03
   Transmission Weight: 0.0
   Emission Color: [1.0, 1.0, 1.0]
   Emission Strength: 0.0
   Specular IOR Level: 0.5
   Sheen Weight: 0.0
   images: []
MAT x metal shiny black_0.003 bevel  users={'1. Black Base with  black face': 1} examples=[['1. Base Mesh[3]']]
   Base Color: <-MIX:Mix blend=MIX {Factor=1.0, A<-(GROUP:MetalStainlessSteelBrushed002_4K group=MetalStainlessSteelBrushed002_4K.005 {'Scale': 1.0, 'Aspect Ratio': 1.0, 'Global Rotation': 0.0, 'Roughness Adj.': 0.0, 'Normal Strength': 0.0} {UV<-(TEX_COORD:Texture Coordinate {})}), B=[0.081, 0.081, 0.081, 1.0]}
   Metallic: <-GROUP:MetalStainlessSteelBrushed002_4K group=MetalStainlessSteelBrushed002_4K.005 {'Scale': 1.0, 'Aspect Ratio': 1.0, 'Global Rotation': 0.0, 'Roughness Adj.': 0.0, 'Normal Strength': 0.0} {UV<-(TEX_COORD:Texture Coordinate {})}
   Roughness: 0.01
   IOR: 1.45
   Alpha: <-GROUP:MetalStainlessSteelBrushed002_4K group=MetalStainlessSteelBrushed002_4K.005 {'Scale': 1.0, 'Aspect Ratio': 1.0, 'Global Rotation': 0.0, 'Roughness Adj.': 0.0, 'Normal Strength': 0.0} {UV<-(TEX_COORD:Texture Coordinate {})}
   Normal: <-BEVEL:Bevel {Normal<-(NORMAL_MAP:Normal Map {Strength=1.0, Color=[0.5, 0.5, 1.0, 1.0]})}
   Anisotropic: 0.0
   Anisotropic Rotation: 0.0
   Coat Weight: 0.0
   Coat Roughness: 0.03
   Transmission Weight: <-GROUP:MetalStainlessSteelBrushed002_4K group=MetalStainlessSteelBrushed002_4K.005 {'Scale': 1.0, 'Aspect Ratio': 1.0, 'Global Rotation': 0.0, 'Roughness Adj.': 0.0, 'Normal Strength': 0.0} {UV<-(TEX_COORD:Texture Coordinate {})}
   Specular IOR Level: 0.5
   Sheen Weight: 0.0
   images: ['MetalStainlessSteelBrushed002_COL_4K_METALNESS.005(4096x4096)', 'MetalStainlessSteelBrushed002_METALNESS_4K_METALNESS.005(4096x4096)', 'MetalStainlessSteelBrushed002_NRM_2K_METALNESS.jpg.005(2048x2048)', 'MetalStainlessSteelBrushed002_ROUGHNESS_4K_METALNESS.005(4096x4096)']
MAT x metal shiny black_0.005 bevel  users={'1. Black Base with  black face': 1} examples=[['1. Base Mesh[0]']]
   Base Color: <-MIX:Mix blend=MIX {Factor=1.0, A<-(GROUP:MetalStainlessSteelBrushed002_4K group=MetalStainlessSteelBrushed002_4K.005 {'Scale': 1.0, 'Aspect Ratio': 1.0, 'Global Rotation': 0.0, 'Roughness Adj.': 0.0, 'Normal Strength': 0.0} {UV<-(TEX_COORD:Texture Coordinate {})}), B=[0.081, 0.081, 0.081, 1.0]}
   Metallic: <-GROUP:MetalStainlessSteelBrushed002_4K group=MetalStainlessSteelBrushed002_4K.005 {'Scale': 1.0, 'Aspect Ratio': 1.0, 'Global Rotation': 0.0, 'Roughness Adj.': 0.0, 'Normal Strength': 0.0} {UV<-(TEX_COORD:Texture Coordinate {})}
   Roughness: 0.01
   IOR: 1.45
   Alpha: <-GROUP:MetalStainlessSteelBrushed002_4K group=MetalStainlessSteelBrushed002_4K.005 {'Scale': 1.0, 'Aspect Ratio': 1.0, 'Global Rotation': 0.0, 'Roughness Adj.': 0.0, 'Normal Strength': 0.0} {UV<-(TEX_COORD:Texture Coordinate {})}
   Normal: <-BEVEL:Bevel {Normal<-(NORMAL_MAP:Normal Map {Strength=1.0, Color=[0.5, 0.5, 1.0, 1.0]})}
   Anisotropic: 0.0
   Anisotropic Rotation: 0.0
   Coat Weight: 0.0
   Coat Roughness: 0.03
   Transmission Weight: <-GROUP:MetalStainlessSteelBrushed002_4K group=MetalStainlessSteelBrushed002_4K.005 {'Scale': 1.0, 'Aspect Ratio': 1.0, 'Global Rotation': 0.0, 'Roughness Adj.': 0.0, 'Normal Strength': 0.0} {UV<-(TEX_COORD:Texture Coordinate {})}
   Specular IOR Level: 0.5
   Sheen Weight: 0.0
   images: ['MetalStainlessSteelBrushed002_COL_4K_METALNESS.005(4096x4096)', 'MetalStainlessSteelBrushed002_METALNESS_4K_METALNESS.005(4096x4096)', 'MetalStainlessSteelBrushed002_NRM_2K_METALNESS.jpg.005(2048x2048)', 'MetalStainlessSteelBrushed002_ROUGHNESS_4K_METALNESS.005(4096x4096)']
MAT x metal shiny gold_0.003 bevel  users={'3. gold base with black face': 1} examples=[['1. Base Mesh.003[3]']]
   Base Color: <-MIX:Mix blend=MIX {Factor=1.0, A<-(GROUP:MetalStainlessSteelBrushed002_4K group=MetalStainlessSteelBrushed002_4K.007 {'Scale': 1.0, 'Aspect Ratio': 1.0, 'Global Rotation': 0.0, 'Roughness Adj.': 0.0, 'Normal Strength': 0.0} {UV<-(TEX_COORD:Texture Coordinate {})}), B=[0.558, 0.426, 0.168, 1.0]}
   Metallic: <-GROUP:MetalStainlessSteelBrushed002_4K group=MetalStainlessSteelBrushed002_4K.007 {'Scale': 1.0, 'Aspect Ratio': 1.0, 'Global Rotation': 0.0, 'Roughness Adj.': 0.0, 'Normal Strength': 0.0} {UV<-(TEX_COORD:Texture Coordinate {})}
   Roughness: 0.01
   IOR: 1.45
   Alpha: <-GROUP:MetalStainlessSteelBrushed002_4K group=MetalStainlessSteelBrushed002_4K.007 {'Scale': 1.0, 'Aspect Ratio': 1.0, 'Global Rotation': 0.0, 'Roughness Adj.': 0.0, 'Normal Strength': 0.0} {UV<-(TEX_COORD:Texture Coordinate {})}
   Normal: <-BEVEL:Bevel {Normal<-(NORMAL_MAP:Normal Map {Strength=1.0, Color=[0.5, 0.5, 1.0, 1.0]})}
   Anisotropic: 0.0
   Anisotropic Rotation: 0.0
   Coat Weight: 0.0
   Coat Roughness: 0.03
   Transmission Weight: <-GROUP:MetalStainlessSteelBrushed002_4K group=MetalStainlessSteelBrushed002_4K.007 {'Scale': 1.0, 'Aspect Ratio': 1.0, 'Global Rotation': 0.0, 'Roughness Adj.': 0.0, 'Normal Strength': 0.0} {UV<-(TEX_COORD:Texture Coordinate {})}
   Specular IOR Level: 0.5
   Sheen Weight: 0.0
   images: ['MetalStainlessSteelBrushed002_COL_4K_METALNESS.007(4096x4096)', 'MetalStainlessSteelBrushed002_METALNESS_4K_METALNESS.007(4096x4096)', 'MetalStainlessSteelBrushed002_NRM_2K_METALNESS.jpg.007(2048x2048)', 'MetalStainlessSteelBrushed002_ROUGHNESS_4K_METALNESS.007(4096x4096)']
MAT x metal shiny gold_0.003 bevel.001  users={'3. gold base with black face.001': 1} examples=[['1. Base Mesh.006[3]']]
   Base Color: <-MIX:Mix blend=MIX {Factor=1.0, A<-(GROUP:MetalStainlessSteelBrushed002_4K group=MetalStainlessSteelBrushed002_4K.019 {'Scale': 1.0, 'Aspect Ratio': 1.0, 'Global Rotation': 0.0, 'Roughness Adj.': 0.0, 'Normal Strength': 0.0} {UV<-(TEX_COORD:Texture Coordinate {})}), B=[0.558, 0.426, 0.168, 1.0]}
   Metallic: <-GROUP:MetalStainlessSteelBrushed002_4K group=MetalStainlessSteelBrushed002_4K.019 {'Scale': 1.0, 'Aspect Ratio': 1.0, 'Global Rotation': 0.0, 'Roughness Adj.': 0.0, 'Normal Strength': 0.0} {UV<-(TEX_COORD:Texture Coordinate {})}
   Roughness: 0.01
   IOR: 1.45
   Alpha: <-GROUP:MetalStainlessSteelBrushed002_4K group=MetalStainlessSteelBrushed002_4K.019 {'Scale': 1.0, 'Aspect Ratio': 1.0, 'Global Rotation': 0.0, 'Roughness Adj.': 0.0, 'Normal Strength': 0.0} {UV<-(TEX_COORD:Texture Coordinate {})}
   Normal: <-BEVEL:Bevel {Normal<-(NORMAL_MAP:Normal Map {Strength=1.0, Color=[0.5, 0.5, 1.0, 1.0]})}
   Anisotropic: 0.0
   Anisotropic Rotation: 0.0
   Coat Weight: 0.0
   Coat Roughness: 0.03
   Transmission Weight: <-GROUP:MetalStainlessSteelBrushed002_4K group=MetalStainlessSteelBrushed002_4K.019 {'Scale': 1.0, 'Aspect Ratio': 1.0, 'Global Rotation': 0.0, 'Roughness Adj.': 0.0, 'Normal Strength': 0.0} {UV<-(TEX_COORD:Texture Coordinate {})}
   Specular IOR Level: 0.5
   Sheen Weight: 0.0
   images: ['MetalStainlessSteelBrushed002_COL_4K_METALNESS.019(4096x4096)', 'MetalStainlessSteelBrushed002_METALNESS_4K_METALNESS.019(4096x4096)', 'MetalStainlessSteelBrushed002_NRM_2K_METALNESS.jpg.019(2048x2048)', 'MetalStainlessSteelBrushed002_ROUGHNESS_4K_METALNESS.019(4096x4096)']
MAT x metal shiny gold_0.005 bevel.001  users={'3. gold base with black face': 1} examples=[['1. Base Mesh.003[0]']]
   Base Color: <-MIX:Mix.001 blend=MIX {Factor=1.0, A<-(GROUP:MetalStainlessSteelBrushed002_4K.001 group=MetalStainlessSteelBrushed002_4K.007 {'Scale': 1.0, 'Aspect Ratio': 1.0, 'Global Rotation': 0.0, 'Roughness Adj.': 0.0, 'Normal Strength': 0.0} {UV<-(TEX_COORD:Texture Coordinate.001 {})}), B=[0.558, 0.426, 0.168, 1.0]}
   Metallic: <-GROUP:MetalStainlessSteelBrushed002_4K.001 group=MetalStainlessSteelBrushed002_4K.007 {'Scale': 1.0, 'Aspect Ratio': 1.0, 'Global Rotation': 0.0, 'Roughness Adj.': 0.0, 'Normal Strength': 0.0} {UV<-(TEX_COORD:Texture Coordinate.001 {})}
   Roughness: 0.01
   IOR: 1.45
   Alpha: <-GROUP:MetalStainlessSteelBrushed002_4K.001 group=MetalStainlessSteelBrushed002_4K.007 {'Scale': 1.0, 'Aspect Ratio': 1.0, 'Global Rotation': 0.0, 'Roughness Adj.': 0.0, 'Normal Strength': 0.0} {UV<-(TEX_COORD:Texture Coordinate.001 {})}
   Normal: <-BEVEL:Bevel {Normal<-(NORMAL_MAP:Normal Map {Strength=1.0, Color=[0.5, 0.5, 1.0, 1.0]})}
   Anisotropic: 0.0
   Anisotropic Rotation: 0.0
   Coat Weight: 0.0
   Coat Roughness: 0.03
   Transmission Weight: <-GROUP:MetalStainlessSteelBrushed002_4K.001 group=MetalStainlessSteelBrushed002_4K.007 {'Scale': 1.0, 'Aspect Ratio': 1.0, 'Global Rotation': 0.0, 'Roughness Adj.': 0.0, 'Normal Strength': 0.0} {UV<-(TEX_COORD:Texture Coordinate.001 {})}
   Specular IOR Level: 0.5
   Sheen Weight: 0.0
   images: ['MetalStainlessSteelBrushed002_COL_4K_METALNESS.007(4096x4096)', 'MetalStainlessSteelBrushed002_METALNESS_4K_METALNESS.007(4096x4096)', 'MetalStainlessSteelBrushed002_NRM_2K_METALNESS.jpg.007(2048x2048)', 'MetalStainlessSteelBrushed002_ROUGHNESS_4K_METALNESS.007(4096x4096)']
MAT x metal shiny gold_0.005 bevel.002  users={'3. gold base with black face.001': 1} examples=[['1. Base Mesh.006[0]']]
   Base Color: <-MIX:Mix.001 blend=MIX {Factor=1.0, A<-(GROUP:MetalStainlessSteelBrushed002_4K.001 group=MetalStainlessSteelBrushed002_4K.019 {'Scale': 1.0, 'Aspect Ratio': 1.0, 'Global Rotation': 0.0, 'Roughness Adj.': 0.0, 'Normal Strength': 0.0} {UV<-(TEX_COORD:Texture Coordinate.001 {})}), B=[0.558, 0.426, 0.168, 1.0]}
   Metallic: <-GROUP:MetalStainlessSteelBrushed002_4K.001 group=MetalStainlessSteelBrushed002_4K.019 {'Scale': 1.0, 'Aspect Ratio': 1.0, 'Global Rotation': 0.0, 'Roughness Adj.': 0.0, 'Normal Strength': 0.0} {UV<-(TEX_COORD:Texture Coordinate.001 {})}
   Roughness: 0.01
   IOR: 1.45
   Alpha: <-GROUP:MetalStainlessSteelBrushed002_4K.001 group=MetalStainlessSteelBrushed002_4K.019 {'Scale': 1.0, 'Aspect Ratio': 1.0, 'Global Rotation': 0.0, 'Roughness Adj.': 0.0, 'Normal Strength': 0.0} {UV<-(TEX_COORD:Texture Coordinate.001 {})}
   Normal: <-BEVEL:Bevel {Normal<-(NORMAL_MAP:Normal Map {Strength=1.0, Color=[0.5, 0.5, 1.0, 1.0]})}
   Anisotropic: 0.0
   Anisotropic Rotation: 0.0
   Coat Weight: 0.0
   Coat Roughness: 0.03
   Transmission Weight: <-GROUP:MetalStainlessSteelBrushed002_4K.001 group=MetalStainlessSteelBrushed002_4K.019 {'Scale': 1.0, 'Aspect Ratio': 1.0, 'Global Rotation': 0.0, 'Roughness Adj.': 0.0, 'Normal Strength': 0.0} {UV<-(TEX_COORD:Texture Coordinate.001 {})}
   Specular IOR Level: 0.5
   Sheen Weight: 0.0
   images: ['MetalStainlessSteelBrushed002_COL_4K_METALNESS.019(4096x4096)', 'MetalStainlessSteelBrushed002_METALNESS_4K_METALNESS.019(4096x4096)', 'MetalStainlessSteelBrushed002_NRM_2K_METALNESS.jpg.019(2048x2048)', 'MetalStainlessSteelBrushed002_ROUGHNESS_4K_METALNESS.019(4096x4096)']
MAT x metal shiny rose gold 0.003 bevel  users={'2. rose gold base with black face': 1, '5. rose gold with white face.001': 1} examples=[['1. Base Mesh.002[3]'], ['1. Base Mesh.004[3]']]
   Base Color: <-MIX:Mix.001 blend=MIX {Factor=1.0, A<-(GROUP:MetalStainlessSteelBrushed002_4K.001 group=MetalStainlessSteelBrushed002_4K.006 {'Scale': 1.0, 'Aspect Ratio': 1.0, 'Global Rotation': 0.0, 'Roughness Adj.': 0.0, 'Normal Strength': 0.0} {UV<-(TEX_COORD:Texture Coordinate.001 {})}), B=[0.694, 0.413, 0.323, 1.0]}
   Metallic: <-GROUP:MetalStainlessSteelBrushed002_4K.001 group=MetalStainlessSteelBrushed002_4K.006 {'Scale': 1.0, 'Aspect Ratio': 1.0, 'Global Rotation': 0.0, 'Roughness Adj.': 0.0, 'Normal Strength': 0.0} {UV<-(TEX_COORD:Texture Coordinate.001 {})}
   Roughness: 0.01
   IOR: 1.45
   Alpha: <-GROUP:MetalStainlessSteelBrushed002_4K.001 group=MetalStainlessSteelBrushed002_4K.006 {'Scale': 1.0, 'Aspect Ratio': 1.0, 'Global Rotation': 0.0, 'Roughness Adj.': 0.0, 'Normal Strength': 0.0} {UV<-(TEX_COORD:Texture Coordinate.001 {})}
   Normal: <-BEVEL:Bevel.001 {Normal<-(NORMAL_MAP:Normal Map.001 {Strength=1.0, Color=[0.5, 0.5, 1.0, 1.0]})}
   Anisotropic: 0.0
   Anisotropic Rotation: 0.0
   Coat Weight: 0.0
   Coat Roughness: 0.03
   Transmission Weight: <-GROUP:MetalStainlessSteelBrushed002_4K.001 group=MetalStainlessSteelBrushed002_4K.006 {'Scale': 1.0, 'Aspect Ratio': 1.0, 'Global Rotation': 0.0, 'Roughness Adj.': 0.0, 'Normal Strength': 0.0} {UV<-(TEX_COORD:Texture Coordinate.001 {})}
   Specular IOR Level: 0.5
   Sheen Weight: 0.0
   images: ['MetalStainlessSteelBrushed002_COL_4K_METALNESS.006(4096x4096)', 'MetalStainlessSteelBrushed002_METALNESS_4K_METALNESS.006(4096x4096)', 'MetalStainlessSteelBrushed002_NRM_2K_METALNESS.jpg.006(2048x2048)', 'MetalStainlessSteelBrushed002_ROUGHNESS_4K_METALNESS.006(4096x4096)']
MAT x metal shiny rose gold 0.003 bevel.001  users={'5. rose gold with white face.002': 1, '2. rose gold base with black face.001': 1} examples=[['1. Base Mesh.005[3]'], ['1. Base Mesh.007[3]']]
   Base Color: <-MIX:Mix.001 blend=MIX {Factor=1.0, A<-(GROUP:MetalStainlessSteelBrushed002_4K.001 group=MetalStainlessSteelBrushed002_4K.018 {'Scale': 1.0, 'Aspect Ratio': 1.0, 'Global Rotation': 0.0, 'Roughness Adj.': 0.0, 'Normal Strength': 0.0} {UV<-(TEX_COORD:Texture Coordinate.001 {})}), B=[0.694, 0.451, 0.305, 1.0]}
   Metallic: <-GROUP:MetalStainlessSteelBrushed002_4K.001 group=MetalStainlessSteelBrushed002_4K.018 {'Scale': 1.0, 'Aspect Ratio': 1.0, 'Global Rotation': 0.0, 'Roughness Adj.': 0.0, 'Normal Strength': 0.0} {UV<-(TEX_COORD:Texture Coordinate.001 {})}
   Roughness: 0.01
   IOR: 1.45
   Alpha: <-GROUP:MetalStainlessSteelBrushed002_4K.001 group=MetalStainlessSteelBrushed002_4K.018 {'Scale': 1.0, 'Aspect Ratio': 1.0, 'Global Rotation': 0.0, 'Roughness Adj.': 0.0, 'Normal Strength': 0.0} {UV<-(TEX_COORD:Texture Coordinate.001 {})}
   Normal: <-BEVEL:Bevel.001 {Normal<-(NORMAL_MAP:Normal Map.001 {Strength=1.0, Color=[0.5, 0.5, 1.0, 1.0]})}
   Anisotropic: 0.0
   Anisotropic Rotation: 0.0
   Coat Weight: 0.0
   Coat Roughness: 0.03
   Transmission Weight: <-GROUP:MetalStainlessSteelBrushed002_4K.001 group=MetalStainlessSteelBrushed002_4K.018 {'Scale': 1.0, 'Aspect Ratio': 1.0, 'Global Rotation': 0.0, 'Roughness Adj.': 0.0, 'Normal Strength': 0.0} {UV<-(TEX_COORD:Texture Coordinate.001 {})}
   Specular IOR Level: 0.5
   Sheen Weight: 0.0
   images: ['MetalStainlessSteelBrushed002_COL_4K_METALNESS.018(4096x4096)', 'MetalStainlessSteelBrushed002_METALNESS_4K_METALNESS.018(4096x4096)', 'MetalStainlessSteelBrushed002_NRM_2K_METALNESS.jpg.018(2048x2048)', 'MetalStainlessSteelBrushed002_ROUGHNESS_4K_METALNESS.018(4096x4096)']
MAT x metal shiny rose gold_0.005 bevel  users={'2. rose gold base with black face': 1, '5. rose gold with white face.001': 1} examples=[['1. Base Mesh.002[0]'], ['1. Base Mesh.004[0]']]
   Base Color: <-MIX:Mix.001 blend=MIX {Factor=1.0, A<-(GROUP:MetalStainlessSteelBrushed002_4K.001 group=MetalStainlessSteelBrushed002_4K.006 {'Scale': 1.0, 'Aspect Ratio': 1.0, 'Global Rotation': 0.0, 'Roughness Adj.': 0.0, 'Normal Strength': 0.0} {UV<-(TEX_COORD:Texture Coordinate.001 {})}), B=[0.694, 0.413, 0.323, 1.0]}
   Metallic: <-GROUP:MetalStainlessSteelBrushed002_4K.001 group=MetalStainlessSteelBrushed002_4K.006 {'Scale': 1.0, 'Aspect Ratio': 1.0, 'Global Rotation': 0.0, 'Roughness Adj.': 0.0, 'Normal Strength': 0.0} {UV<-(TEX_COORD:Texture Coordinate.001 {})}
   Roughness: 0.01
   IOR: 1.45
   Alpha: <-GROUP:MetalStainlessSteelBrushed002_4K.001 group=MetalStainlessSteelBrushed002_4K.006 {'Scale': 1.0, 'Aspect Ratio': 1.0, 'Global Rotation': 0.0, 'Roughness Adj.': 0.0, 'Normal Strength': 0.0} {UV<-(TEX_COORD:Texture Coordinate.001 {})}
   Normal: <-BEVEL:Bevel {Normal<-(NORMAL_MAP:Normal Map {Strength=1.0, Color=[0.5, 0.5, 1.0, 1.0]})}
   Anisotropic: 0.0
   Anisotropic Rotation: 0.0
   Coat Weight: 0.0
   Coat Roughness: 0.03
   Transmission Weight: <-GROUP:MetalStainlessSteelBrushed002_4K.001 group=MetalStainlessSteelBrushed002_4K.006 {'Scale': 1.0, 'Aspect Ratio': 1.0, 'Global Rotation': 0.0, 'Roughness Adj.': 0.0, 'Normal Strength': 0.0} {UV<-(TEX_COORD:Texture Coordinate.001 {})}
   Specular IOR Level: 0.5
   Sheen Weight: 0.0
   images: ['MetalStainlessSteelBrushed002_COL_4K_METALNESS.006(4096x4096)', 'MetalStainlessSteelBrushed002_METALNESS_4K_METALNESS.006(4096x4096)', 'MetalStainlessSteelBrushed002_NRM_2K_METALNESS.jpg.006(2048x2048)', 'MetalStainlessSteelBrushed002_ROUGHNESS_4K_METALNESS.006(4096x4096)']
MAT x metal shiny rose gold_0.005 bevel.001  users={'5. rose gold with white face.002': 1, '2. rose gold base with black face.001': 1} examples=[['1. Base Mesh.005[0]'], ['1. Base Mesh.007[0]']]
   Base Color: <-MIX:Mix.001 blend=MIX {Factor=1.0, A<-(GROUP:MetalStainlessSteelBrushed002_4K.001 group=MetalStainlessSteelBrushed002_4K.018 {'Scale': 1.0, 'Aspect Ratio': 1.0, 'Global Rotation': 0.0, 'Roughness Adj.': 0.0, 'Normal Strength': 0.0} {UV<-(TEX_COORD:Texture Coordinate.001 {})}), B=[0.694, 0.451, 0.305, 1.0]}
   Metallic: <-GROUP:MetalStainlessSteelBrushed002_4K.001 group=MetalStainlessSteelBrushed002_4K.018 {'Scale': 1.0, 'Aspect Ratio': 1.0, 'Global Rotation': 0.0, 'Roughness Adj.': 0.0, 'Normal Strength': 0.0} {UV<-(TEX_COORD:Texture Coordinate.001 {})}
   Roughness: 0.01
   IOR: 1.45
   Alpha: <-GROUP:MetalStainlessSteelBrushed002_4K.001 group=MetalStainlessSteelBrushed002_4K.018 {'Scale': 1.0, 'Aspect Ratio': 1.0, 'Global Rotation': 0.0, 'Roughness Adj.': 0.0, 'Normal Strength': 0.0} {UV<-(TEX_COORD:Texture Coordinate.001 {})}
   Normal: <-BEVEL:Bevel {Normal<-(NORMAL_MAP:Normal Map {Strength=1.0, Color=[0.5, 0.5, 1.0, 1.0]})}
   Anisotropic: 0.0
   Anisotropic Rotation: 0.0
   Coat Weight: 0.0
   Coat Roughness: 0.03
   Transmission Weight: <-GROUP:MetalStainlessSteelBrushed002_4K.001 group=MetalStainlessSteelBrushed002_4K.018 {'Scale': 1.0, 'Aspect Ratio': 1.0, 'Global Rotation': 0.0, 'Roughness Adj.': 0.0, 'Normal Strength': 0.0} {UV<-(TEX_COORD:Texture Coordinate.001 {})}
   Specular IOR Level: 0.5
   Sheen Weight: 0.0
   images: ['MetalStainlessSteelBrushed002_COL_4K_METALNESS.018(4096x4096)', 'MetalStainlessSteelBrushed002_METALNESS_4K_METALNESS.018(4096x4096)', 'MetalStainlessSteelBrushed002_NRM_2K_METALNESS.jpg.018(2048x2048)', 'MetalStainlessSteelBrushed002_ROUGHNESS_4K_METALNESS.018(4096x4096)']
MAT x metal shiny silver_0.003 bevel  users={'1. Black Base with  black face': 1, '4. Silver Base with white face': 2, '2. rose gold base with black face': 1, '3. gold base with black face': 1, '5. rose gold with white face.001': 1} examples=[['1. Base Mesh[5]'], ['1. Base Mesh.001[3]', '1. Base Mesh.001[5]']]
   Base Color: [0.8, 0.8, 0.8]
   Metallic: 1.0
   Roughness: 0.039
   IOR: 1.45
   Alpha: 1.0
   Normal: <-BEVEL:Bevel {Normal<-(NORMAL_MAP:Normal Map {Strength=1.0, Color=[0.5, 0.5, 1.0, 1.0]})}
   Anisotropic: 0.0
   Anisotropic Rotation: 0.0
   Coat Weight: 0.0
   Coat Roughness: 0.03
   Transmission Weight: 0.0
   Specular IOR Level: 0.5
   Sheen Weight: 0.0
   images: []
MAT x metal shiny silver_0.003 bevel.001  users={'5. rose gold with white face.002': 1, '3. gold base with black face.001': 1, '2. rose gold base with black face.001': 1, '4. Silver Base with white face.001': 2} examples=[['1. Base Mesh.005[5]'], ['1. Base Mesh.006[5]']]
   Base Color: [0.98, 0.98, 0.98]
   Metallic: 1.0
   Roughness: 0.039
   IOR: 1.45
   Alpha: 1.0
   Normal: <-BEVEL:Bevel {Normal<-(NORMAL_MAP:Normal Map {Strength=1.0, Color=[0.5, 0.5, 1.0, 1.0]})}
   Anisotropic: 0.0
   Anisotropic Rotation: 0.0
   Coat Weight: 0.0
   Coat Roughness: 0.03
   Transmission Weight: 0.0
   Specular IOR Level: 0.5
   Sheen Weight: 0.0
   images: []
MAT x metal shiny silver_0.005 bevel  users={'4. Silver Base with white face': 2, '1. Black Base with  black face': 1} examples=[['1. Base Mesh.001[0]', '1. second hand.001[0]'], ['1. second hand[0]']]
   Base Color: [0.8, 0.8, 0.8]
   Metallic: 1.0
   Roughness: 0.039
   IOR: 1.45
   Alpha: 1.0
   Normal: <-BEVEL:Bevel {Normal<-(NORMAL_MAP:Normal Map {Strength=1.0, Color=[0.5, 0.5, 1.0, 1.0]})}
   Anisotropic: 0.0
   Anisotropic Rotation: 0.0
   Coat Weight: 0.0
   Coat Roughness: 0.03
   Transmission Weight: 0.0
   Specular IOR Level: 0.5
   Sheen Weight: 0.0
   images: []
MAT x metal shiny silver_0.005 bevel.001  users={'4. Silver Base with white face.001': 2} examples=[['1. Base Mesh.008[0]', '1. second hand.008[0]']]
   Base Color: [0.9, 0.9, 0.9]
   Metallic: 1.0
   Roughness: 0.039
   IOR: 1.45
   Alpha: 1.0
   Normal: <-BEVEL:Bevel {Normal<-(NORMAL_MAP:Normal Map {Strength=1.0, Color=[0.5, 0.5, 1.0, 1.0]})}
   Anisotropic: 0.0
   Anisotropic Rotation: 0.0
   Coat Weight: 0.0
   Coat Roughness: 0.03
   Transmission Weight: 0.0
   Specular IOR Level: 0.5
   Sheen Weight: 0.0
   images: []
MAT x mulch  users={} examples=[]
   Base Color: <-TEX_IMAGE:Image Texture.001 image=GroundMulch001_COL_3K.jpg cs=sRGB {Vector<-(REROUTE:Reroute {Input<-(MAPPING:Mapping loc=[0.0, 0.0, 0.0] rot=[0.0, 0.0, 0.0] scale=[0.35, 0.35, 0.35] {Vector<-(TEX_COORD:Texture Coordinate {})})})}
   Metallic: 0.0
   Roughness: <-INVERT:Invert {Fac=1.0, Color<-(TEX_IMAGE:Image Texture.002 image=GroundMulch001_GLOSS_3K.jpg cs=Non-Color {Vector<-(REROUTE:Reroute {Input<-(MAPPING:Mapping loc=[0.0, 0.0, 0.0] rot=[0.0, 0.0, 0.0] scale=[0.35, 0.35, 0.35] {Vector<-(TEX_COORD:Texture Coordinate)})})})}
   IOR: 1.45
   Alpha: 1.0
   Normal: <-NORMAL_MAP:Normal Map {Strength=1.0, Color<-(TEX_IMAGE:Image Texture.003 image=GroundMulch001_NRM_3K.jpg cs=Non-Color {Vector<-(REROUTE:Reroute {Input<-(MAPPING:Mapping loc=[0.0, 0.0, 0.0] rot=[0.0, 0.0, 0.0] scale=[0.35, 0.35, 0.35] {Vector<-(TEX_COORD:Texture Coordinate)})})})}
   Anisotropic: 0.0
   Anisotropic Rotation: 0.0
   Coat Weight: 0.0
   Coat Roughness: 0.03
   Transmission Weight: 0.0
   Specular IOR Level: 0.5
   Sheen Weight: 0.0
   images: ['GroundMulch001_COL_3K.jpg(3072x3072)', 'GroundMulch001_GLOSS_3K.jpg(3072x3072)', 'GroundMulch001_NRM_3K.jpg(3072x3072)']
MAT x white mild reflective.001  users={'4. Silver Base with white face': 1, '5. rose gold with white face.001': 1} examples=[['1. Base Mesh.001[6]'], ['1. Base Mesh.004[6]']]
   Base Color: [0.806, 0.806, 0.806]
   Metallic: 0.0
   Roughness: 0.136
   IOR: 1.5
   Alpha: 1.0
   Normal: [0.0, 0.0, 0.0]
   Anisotropic: 0.0
   Anisotropic Rotation: 0.0
   Coat Weight: 0.0
   Coat Roughness: 0.03
   Transmission Weight: 0.0
   Emission Color: [1.0, 1.0, 1.0]
   Emission Strength: 0.0
   Specular IOR Level: 0.5
   Sheen Weight: 0.0
   images: []
MAT x white mild reflective.002  users={'5. rose gold with white face.002': 1, '4. Silver Base with white face.001': 1} examples=[['1. Base Mesh.005[6]'], ['1. Base Mesh.008[6]']]
   Base Color: [0.806, 0.806, 0.806]
   Metallic: 0.0
   Roughness: 0.136
   IOR: 1.5
   Alpha: 1.0
   Normal: [0.0, 0.0, 0.0]
   Anisotropic: 0.0
   Anisotropic Rotation: 0.0
   Coat Weight: 0.0
   Coat Roughness: 0.03
   Transmission Weight: 0.0
   Emission Color: [1.0, 1.0, 1.0]
   Emission Strength: 0.0
   Specular IOR Level: 0.5
   Sheen Weight: 0.0
   images: []
## ACTIONS 121
  ACTION 1. Base Mesh.005Action frames=[360.0, 360.0] sec=0.0 fcurves=10 changing=0 users=['1. Base Mesh.005[MESH]']
      location[0] keys=1 interp=['BEZIER'] range=(0.024,0.024)
      location[1] keys=1 interp=['BEZIER'] range=(-2.533,-2.533)
      location[2] keys=1 interp=['BEZIER'] range=(1.6,1.6)
      rotation_euler[0] keys=1 interp=['BEZIER'] range=(0.0,0.0)
      rotation_euler[1] keys=1 interp=['BEZIER'] range=(-0.0,-0.0)
      rotation_euler[2] keys=1 interp=['BEZIER'] range=(0.0,0.0)
  ACTION 1. Base Mesh.006Action frames=[360.0, 360.0] sec=0.0 fcurves=9 changing=0 users=['1. Base Mesh.006[MESH]']
      location[0] keys=1 interp=['BEZIER'] range=(0.024,0.024)
      location[1] keys=1 interp=['BEZIER'] range=(-2.533,-2.533)
      location[2] keys=1 interp=['BEZIER'] range=(1.6,1.6)
      rotation_euler[0] keys=1 interp=['BEZIER'] range=(0.0,0.0)
      rotation_euler[1] keys=1 interp=['BEZIER'] range=(-0.0,-0.0)
      rotation_euler[2] keys=1 interp=['BEZIER'] range=(0.0,0.0)
  ACTION 1. Base Mesh.007Action frames=[360.0, 360.0] sec=0.0 fcurves=9 changing=0 users=['1. Base Mesh.007[MESH]']
      location[0] keys=1 interp=['BEZIER'] range=(0.024,0.024)
      location[1] keys=1 interp=['BEZIER'] range=(-2.533,-2.533)
      location[2] keys=1 interp=['BEZIER'] range=(1.6,1.6)
      rotation_euler[0] keys=1 interp=['BEZIER'] range=(0.0,0.0)
      rotation_euler[1] keys=1 interp=['BEZIER'] range=(-0.0,-0.0)
      rotation_euler[2] keys=1 interp=['BEZIER'] range=(0.0,0.0)
  ACTION 1. Base Mesh.008Action frames=[360.0, 360.0] sec=0.0 fcurves=10 changing=0 users=['1. Base Mesh.008[MESH]']
      location[0] keys=1 interp=['BEZIER'] range=(0.024,0.024)
      location[1] keys=1 interp=['BEZIER'] range=(-2.533,-2.533)
      location[2] keys=1 interp=['BEZIER'] range=(1.6,1.6)
      rotation_euler[0] keys=1 interp=['BEZIER'] range=(0.0,0.0)
      rotation_euler[1] keys=1 interp=['BEZIER'] range=(-0.0,-0.0)
      rotation_euler[2] keys=1 interp=['BEZIER'] range=(0.0,0.0)
  ACTION 1. Black Base with  black faceAction frames=[239.0, 360.0] sec=4.03 fcurves=9 changing=1 users=['1. Black Base with  black face[EMPTY]']
      location[0] keys=4 interp=['BEZIER'] range=(0.0,0.0)
      location[1] keys=4 interp=['BEZIER'] range=(-2.115,-2.115)
      location[2] keys=4 interp=['BEZIER'] range=(-21.168,2.296)
      rotation_euler[0] keys=4 interp=['BEZIER'] range=(1.396,1.396)
      rotation_euler[1] keys=4 interp=['BEZIER'] range=(-0.0,-0.0)
      rotation_euler[2] keys=4 interp=['BEZIER'] range=(0.0,0.0)
  ACTION 1. Minute hand.005Action frames=[360.0, 360.0] sec=0.0 fcurves=9 changing=0 users=['1. Minute hand.005[MESH]']
      location[0] keys=1 interp=['BEZIER'] range=(0.018,0.018)
      location[1] keys=1 interp=['BEZIER'] range=(-2.532,-2.532)
      location[2] keys=1 interp=['BEZIER'] range=(1.597,1.597)
      rotation_euler[0] keys=1 interp=['BEZIER'] range=(0.0,0.0)
      rotation_euler[1] keys=1 interp=['BEZIER'] range=(0.0,0.0)
      rotation_euler[2] keys=1 interp=['BEZIER'] range=(-1.154,-1.154)
  ACTION 1. Minute hand.006Action frames=[360.0, 360.0] sec=0.0 fcurves=9 changing=0 users=['1. Minute hand.006[MESH]']
      location[0] keys=1 interp=['BEZIER'] range=(0.018,0.018)
      location[1] keys=1 interp=['BEZIER'] range=(-2.532,-2.532)
      location[2] keys=1 interp=['BEZIER'] range=(1.597,1.597)
      rotation_euler[0] keys=1 interp=['BEZIER'] range=(0.0,0.0)
      rotation_euler[1] keys=1 interp=['BEZIER'] range=(0.0,0.0)
      rotation_euler[2] keys=1 interp=['BEZIER'] range=(-1.154,-1.154)
  ACTION 1. Minute hand.007Action frames=[360.0, 360.0] sec=0.0 fcurves=9 changing=0 users=['1. Minute hand.007[MESH]']
      location[0] keys=1 interp=['BEZIER'] range=(0.018,0.018)
      location[1] keys=1 interp=['BEZIER'] range=(-2.532,-2.532)
      location[2] keys=1 interp=['BEZIER'] range=(1.597,1.597)
      rotation_euler[0] keys=1 interp=['BEZIER'] range=(0.0,0.0)
      rotation_euler[1] keys=1 interp=['BEZIER'] range=(0.0,0.0)
      rotation_euler[2] keys=1 interp=['BEZIER'] range=(-1.154,-1.154)
  ACTION 1. Minute hand.008Action frames=[360.0, 360.0] sec=0.0 fcurves=9 changing=0 users=['1. Minute hand.008[MESH]']
      location[0] keys=1 interp=['BEZIER'] range=(0.018,0.018)
      location[1] keys=1 interp=['BEZIER'] range=(-2.532,-2.532)
      location[2] keys=1 interp=['BEZIER'] range=(1.597,1.597)
      rotation_euler[0] keys=1 interp=['BEZIER'] range=(0.0,0.0)
      rotation_euler[1] keys=1 interp=['BEZIER'] range=(0.0,0.0)
      rotation_euler[2] keys=1 interp=['BEZIER'] range=(-1.154,-1.154)
  ACTION 1. hour hand.005Action frames=[360.0, 360.0] sec=0.0 fcurves=9 changing=0 users=['1. hour hand.005[MESH]']
      location[0] keys=1 interp=['BEZIER'] range=(0.018,0.018)
      location[1] keys=1 interp=['BEZIER'] range=(-2.532,-2.532)
      location[2] keys=1 interp=['BEZIER'] range=(1.589,1.589)
      rotation_euler[0] keys=1 interp=['BEZIER'] range=(0.0,0.0)
      rotation_euler[1] keys=1 interp=['BEZIER'] range=(-0.0,-0.0)
      rotation_euler[2] keys=1 interp=['BEZIER'] range=(0.912,0.912)
  ACTION 1. hour hand.006Action frames=[360.0, 360.0] sec=0.0 fcurves=9 changing=0 users=['1. hour hand.006[MESH]']
      location[0] keys=1 interp=['BEZIER'] range=(0.018,0.018)
      location[1] keys=1 interp=['BEZIER'] range=(-2.532,-2.532)
      location[2] keys=1 interp=['BEZIER'] range=(1.589,1.589)
      rotation_euler[0] keys=1 interp=['BEZIER'] range=(0.0,0.0)
      rotation_euler[1] keys=1 interp=['BEZIER'] range=(-0.0,-0.0)
      rotation_euler[2] keys=1 interp=['BEZIER'] range=(0.912,0.912)
  ACTION 1. hour hand.007Action frames=[360.0, 360.0] sec=0.0 fcurves=9 changing=0 users=['1. hour hand.007[MESH]']
      location[0] keys=1 interp=['BEZIER'] range=(0.018,0.018)
      location[1] keys=1 interp=['BEZIER'] range=(-2.532,-2.532)
      location[2] keys=1 interp=['BEZIER'] range=(1.589,1.589)
      rotation_euler[0] keys=1 interp=['BEZIER'] range=(0.0,0.0)
      rotation_euler[1] keys=1 interp=['BEZIER'] range=(-0.0,-0.0)
      rotation_euler[2] keys=1 interp=['BEZIER'] range=(0.912,0.912)
  ACTION 1. hour hand.008Action frames=[360.0, 360.0] sec=0.0 fcurves=9 changing=0 users=['1. hour hand.008[MESH]']
      location[0] keys=1 interp=['BEZIER'] range=(0.018,0.018)
      location[1] keys=1 interp=['BEZIER'] range=(-2.532,-2.532)
      location[2] keys=1 interp=['BEZIER'] range=(1.589,1.589)
      rotation_euler[0] keys=1 interp=['BEZIER'] range=(0.0,0.0)
      rotation_euler[1] keys=1 interp=['BEZIER'] range=(-0.0,-0.0)
      rotation_euler[2] keys=1 interp=['BEZIER'] range=(0.912,0.912)
  ACTION 1. mesh band parent.001Action frames=[12.0, 22.0] sec=0.33 fcurves=8 changing=1 users=['1. mesh band parent.rose gold[EMPTY]']
      location[1] keys=9 interp=['BEZIER'] range=(-1.086,-1.086)
      location[2] keys=9 interp=['BEZIER'] range=(-7.499,2.31)
      rotation_euler[0] keys=9 interp=['BEZIER'] range=(1.396,1.396)
      rotation_euler[1] keys=9 interp=['BEZIER'] range=(-0.0,-0.0)
      rotation_euler[2] keys=9 interp=['BEZIER'] range=(0.0,0.0)
      scale[0] keys=9 interp=['BEZIER'] range=(1.0,1.0)
  ACTION 1. mesh band parent.rose gold.002Action frames=[-3.0, 420.0] sec=14.1 fcurves=9 changing=2 users=['1. mesh band parent.rose gold.002[EMPTY]']
      location[0] keys=10 interp=['BEZIER'] range=(0.0,0.006)
      location[1] keys=10 interp=['BEZIER'] range=(-1.052,-1.052)
      location[2] keys=10 interp=['BEZIER'] range=(-23.065,2.305)
      rotation_euler[0] keys=10 interp=['BEZIER'] range=(1.396,1.396)
      rotation_euler[1] keys=10 interp=['BEZIER'] range=(-0.0,-0.0)
      rotation_euler[2] keys=10 interp=['BEZIER'] range=(0.0,0.0)
  ACTION 1. mesh band parentAction frames=[1807.0, 1819.0] sec=0.4 fcurves=9 changing=1 users=['gold[EMPTY]']
      location[0] keys=9 interp=['BEZIER'] range=(0.023,0.023)
      location[1] keys=9 interp=['BEZIER'] range=(-1.052,-1.052)
      location[2] keys=9 interp=['BEZIER'] range=(-3.36,2.305)
      rotation_euler[0] keys=9 interp=['BEZIER'] range=(1.396,1.396)
      rotation_euler[1] keys=9 interp=['BEZIER'] range=(-0.0,-0.0)
      rotation_euler[2] keys=9 interp=['BEZIER'] range=(0.0,0.0)
  ACTION 1. mesh band parentAction.001 frames=[15.0, 25.0] sec=0.33 fcurves=8 changing=1 users=['1. black mesh band parent.001[EMPTY]']
      location[1] keys=9 interp=['BEZIER'] range=(-1.052,-1.052)
      location[2] keys=9 interp=['BEZIER'] range=(-3.36,2.305)
      rotation_euler[0] keys=9 interp=['BEZIER'] range=(1.396,1.396)
      rotation_euler[1] keys=9 interp=['BEZIER'] range=(-0.0,-0.0)
      rotation_euler[2] keys=9 interp=['BEZIER'] range=(0.0,0.0)
      scale[0] keys=9 interp=['BEZIER'] range=(1.0,1.0)
  ACTION 1. mesh band parentAction.002 frames=[27.0, 37.0] sec=0.33 fcurves=8 changing=1 users=['1. black mesh band parent.002[EMPTY]']
      location[1] keys=9 interp=['BEZIER'] range=(-1.052,-1.052)
      location[2] keys=9 interp=['BEZIER'] range=(-3.36,2.305)
      rotation_euler[0] keys=9 interp=['BEZIER'] range=(1.396,1.396)
      rotation_euler[1] keys=9 interp=['BEZIER'] range=(-0.0,-0.0)
      rotation_euler[2] keys=9 interp=['BEZIER'] range=(0.0,0.0)
      scale[0] keys=9 interp=['BEZIER'] range=(1.0,1.0)
  ACTION 1. mesh band parentAction.003 frames=[-11.0, 666.0] sec=22.57 fcurves=9 changing=1 users=['1. black mesh band parent.003[EMPTY]']
      location[1] keys=5 interp=['BEZIER'] range=(-1.052,-1.052)
      location[2] keys=5 interp=['BEZIER'] range=(-4.799,2.305)
      rotation_euler[0] keys=5 interp=['BEZIER'] range=(1.396,1.396)
      rotation_euler[1] keys=5 interp=['BEZIER'] range=(-0.0,-0.0)
      rotation_euler[2] keys=5 interp=['BEZIER'] range=(0.0,0.0)
      scale[0] keys=5 interp=['BEZIER'] range=(1.0,1.0)
  ACTION 1. mesh band parent_gold.001Action frames=[-3.0, 540.0] sec=18.1 fcurves=9 changing=2 users=['1. mesh band parent_gold.001[EMPTY]']
      location[0] keys=6 interp=['BEZIER'] range=(0.0,0.006)
      location[1] keys=6 interp=['BEZIER'] range=(-1.052,-1.052)
      location[2] keys=6 interp=['BEZIER'] range=(-23.065,2.305)
      rotation_euler[0] keys=6 interp=['BEZIER'] range=(1.396,1.396)
      rotation_euler[1] keys=6 interp=['BEZIER'] range=(-0.0,-0.0)
      rotation_euler[2] keys=6 interp=['BEZIER'] range=(0.0,0.0)
  ACTION 1. mesh band parent_silver.001Action frames=[-3.0, 240.0] sec=8.1 fcurves=9 changing=2 users=['1. mesh band parent_silver.001[EMPTY]']
      location[0] keys=6 interp=['BEZIER'] range=(0.0,0.005)
      location[1] keys=6 interp=['BEZIER'] range=(-1.052,-1.052)
      location[2] keys=6 interp=['BEZIER'] range=(-23.065,2.305)
      rotation_euler[0] keys=6 interp=['BEZIER'] range=(1.396,1.396)
      rotation_euler[1] keys=6 interp=['BEZIER'] range=(-0.0,-0.0)
      rotation_euler[2] keys=6 interp=['BEZIER'] range=(0.0,0.0)
  ACTION 1. second hand parent.001Action frames=[1.0, 1801.0] sec=60.0 fcurves=9 changing=1 users=['1. second hand parent.001[EMPTY]']
      location[0] keys=1 interp=['LINEAR'] range=(0.018,0.018)
      location[1] keys=1 interp=['LINEAR'] range=(-2.532,-2.532)
      location[2] keys=1 interp=['LINEAR'] range=(1.619,1.619)
      rotation_euler[0] keys=2 interp=['LINEAR'] range=(0.0,0.0)
      rotation_euler[1] keys=2 interp=['LINEAR'] range=(0.0,0.0)
      rotation_euler[2] keys=2 interp=['LINEAR'] range=(-4.833,1.45)
  ACTION 1. second hand parent.002Action frames=[1.0, 1801.0] sec=60.0 fcurves=9 changing=1 users=['1. second hand parent.002[EMPTY]']
      location[0] keys=1 interp=['LINEAR'] range=(0.018,0.018)
      location[1] keys=1 interp=['LINEAR'] range=(-2.532,-2.532)
      location[2] keys=1 interp=['LINEAR'] range=(1.619,1.619)
      rotation_euler[0] keys=2 interp=['LINEAR'] range=(0.0,0.0)
      rotation_euler[1] keys=2 interp=['LINEAR'] range=(0.0,0.0)
      rotation_euler[2] keys=2 interp=['LINEAR'] range=(-4.833,1.45)
  ACTION 1. second hand parent.003Action frames=[1.0, 1801.0] sec=60.0 fcurves=9 changing=1 users=['1. second hand parent.003[EMPTY]']
      location[0] keys=1 interp=['LINEAR'] range=(0.018,0.018)
      location[1] keys=1 interp=['LINEAR'] range=(-2.532,-2.532)
      location[2] keys=1 interp=['LINEAR'] range=(1.619,1.619)
      rotation_euler[0] keys=2 interp=['LINEAR'] range=(0.0,0.0)
      rotation_euler[1] keys=2 interp=['LINEAR'] range=(0.0,0.0)
      rotation_euler[2] keys=2 interp=['LINEAR'] range=(-4.833,1.45)
  ACTION 1. second hand parent.004Action frames=[1.0, 1801.0] sec=60.0 fcurves=9 changing=1 users=['1. second hand parent.004[EMPTY]']
      location[0] keys=1 interp=['LINEAR'] range=(0.018,0.018)
      location[1] keys=1 interp=['LINEAR'] range=(-2.532,-2.532)
      location[2] keys=1 interp=['LINEAR'] range=(1.619,1.619)
      rotation_euler[0] keys=2 interp=['LINEAR'] range=(0.0,0.0)
      rotation_euler[1] keys=2 interp=['LINEAR'] range=(0.0,0.0)
      rotation_euler[2] keys=2 interp=['LINEAR'] range=(-4.833,1.45)
  ACTION 1. second hand parent.005Action frames=[360.0, 360.0] sec=0.0 fcurves=9 changing=0 users=['1. second hand parent.005[EMPTY]']
      location[0] keys=1 interp=['BEZIER'] range=(0.018,0.018)
      location[1] keys=1 interp=['BEZIER'] range=(-2.532,-2.532)
      location[2] keys=1 interp=['BEZIER'] range=(1.619,1.619)
      rotation_euler[0] keys=1 interp=['BEZIER'] range=(0.0,0.0)
      rotation_euler[1] keys=1 interp=['BEZIER'] range=(-0.0,-0.0)
      rotation_euler[2] keys=1 interp=['BEZIER'] range=(0.0,0.0)
  ACTION 1. second hand parent.006Action frames=[360.0, 360.0] sec=0.0 fcurves=9 changing=0 users=['1. second hand parent.006[EMPTY]']
      location[0] keys=1 interp=['BEZIER'] range=(0.018,0.018)
      location[1] keys=1 interp=['BEZIER'] range=(-2.532,-2.532)
      location[2] keys=1 interp=['BEZIER'] range=(1.619,1.619)
      rotation_euler[0] keys=1 interp=['BEZIER'] range=(0.0,0.0)
      rotation_euler[1] keys=1 interp=['BEZIER'] range=(-0.0,-0.0)
      rotation_euler[2] keys=1 interp=['BEZIER'] range=(0.0,0.0)
  ACTION 1. second hand parent.007Action frames=[360.0, 360.0] sec=0.0 fcurves=9 changing=0 users=['1. second hand parent.007[EMPTY]']
      location[0] keys=1 interp=['BEZIER'] range=(0.018,0.018)
      location[1] keys=1 interp=['BEZIER'] range=(-2.532,-2.532)
      location[2] keys=1 interp=['BEZIER'] range=(1.619,1.619)
      rotation_euler[0] keys=1 interp=['BEZIER'] range=(0.0,0.0)
      rotation_euler[1] keys=1 interp=['BEZIER'] range=(-0.0,-0.0)
      rotation_euler[2] keys=1 interp=['BEZIER'] range=(0.0,0.0)
  ACTION 1. second hand parent.008Action frames=[360.0, 360.0] sec=0.0 fcurves=9 changing=0 users=['1. second hand parent.008[EMPTY]']
      location[0] keys=1 interp=['BEZIER'] range=(0.018,0.018)
      location[1] keys=1 interp=['BEZIER'] range=(-2.532,-2.532)
      location[2] keys=1 interp=['BEZIER'] range=(1.619,1.619)
      rotation_euler[0] keys=1 interp=['BEZIER'] range=(0.0,0.0)
      rotation_euler[1] keys=1 interp=['BEZIER'] range=(-0.0,-0.0)
      rotation_euler[2] keys=1 interp=['BEZIER'] range=(0.0,0.0)
  ACTION 1. second hand parentAction.001 frames=[1.0, 1801.0] sec=60.0 fcurves=9 changing=1 users=['1. second hand parent[EMPTY]']
      location[0] keys=1 interp=['LINEAR'] range=(0.018,0.018)
      location[1] keys=1 interp=['LINEAR'] range=(-2.532,-2.532)
      location[2] keys=1 interp=['LINEAR'] range=(1.619,1.619)
      rotation_euler[0] keys=2 interp=['LINEAR'] range=(0.0,0.0)
      rotation_euler[1] keys=2 interp=['LINEAR'] range=(-0.0,-0.0)
      rotation_euler[2] keys=2 interp=['LINEAR'] range=(-4.833,1.45)
  ACTION 1. second hand.005Action frames=[360.0, 360.0] sec=0.0 fcurves=10 changing=0 users=['1. second hand.005[MESH]']
      location[0] keys=1 interp=['BEZIER'] range=(0.018,0.018)
      location[1] keys=1 interp=['BEZIER'] range=(-2.532,-2.532)
      location[2] keys=1 interp=['BEZIER'] range=(1.604,1.604)
      rotation_euler[0] keys=1 interp=['BEZIER'] range=(0.0,0.0)
      rotation_euler[1] keys=1 interp=['BEZIER'] range=(-0.0,-0.0)
      rotation_euler[2] keys=1 interp=['BEZIER'] range=(2.743,2.743)
  ACTION 1. second hand.006Action frames=[360.0, 360.0] sec=0.0 fcurves=10 changing=0 users=['1. second hand.006[MESH]']
      location[0] keys=1 interp=['BEZIER'] range=(0.018,0.018)
      location[1] keys=1 interp=['BEZIER'] range=(-2.532,-2.532)
      location[2] keys=1 interp=['BEZIER'] range=(1.604,1.604)
      rotation_euler[0] keys=1 interp=['BEZIER'] range=(0.0,0.0)
      rotation_euler[1] keys=1 interp=['BEZIER'] range=(-0.0,-0.0)
      rotation_euler[2] keys=1 interp=['BEZIER'] range=(2.743,2.743)
  ACTION 1. second hand.007Action frames=[360.0, 360.0] sec=0.0 fcurves=9 changing=0 users=['1. second hand.007[MESH]']
      location[0] keys=1 interp=['BEZIER'] range=(0.018,0.018)
      location[1] keys=1 interp=['BEZIER'] range=(-2.532,-2.532)
      location[2] keys=1 interp=['BEZIER'] range=(1.604,1.604)
      rotation_euler[0] keys=1 interp=['BEZIER'] range=(0.0,0.0)
      rotation_euler[1] keys=1 interp=['BEZIER'] range=(-0.0,-0.0)
      rotation_euler[2] keys=1 interp=['BEZIER'] range=(2.743,2.743)
  ACTION 1. second hand.008Action frames=[360.0, 360.0] sec=0.0 fcurves=10 changing=0 users=['1. second hand.008[MESH]']
      location[0] keys=1 interp=['BEZIER'] range=(0.018,0.018)
      location[1] keys=1 interp=['BEZIER'] range=(-2.532,-2.532)
      location[2] keys=1 interp=['BEZIER'] range=(1.604,1.604)
      rotation_euler[0] keys=1 interp=['BEZIER'] range=(0.0,0.0)
      rotation_euler[1] keys=1 interp=['BEZIER'] range=(-0.0,-0.0)
      rotation_euler[2] keys=1 interp=['BEZIER'] range=(2.743,2.743)
  ACTION 2. rose gold base with black face.001Action frames=[360.0, 360.0] sec=0.0 fcurves=9 changing=0 users=['2. rose gold base with black face.001[EMPTY]']
      location[0] keys=1 interp=['BEZIER'] range=(100.0,100.0)
      location[1] keys=1 interp=['BEZIER'] range=(-2.115,-2.115)
      location[2] keys=1 interp=['BEZIER'] range=(2.296,2.296)
      rotation_euler[0] keys=1 interp=['BEZIER'] range=(1.396,1.396)
      rotation_euler[1] keys=1 interp=['BEZIER'] range=(-0.0,-0.0)
      rotation_euler[2] keys=1 interp=['BEZIER'] range=(0.0,0.0)
  ACTION 2. rose gold base with black faceAction frames=[0.0, 120.0] sec=4.0 fcurves=9 changing=1 users=['2. rose gold base with black face[EMPTY]']
      location[0] keys=4 interp=['BEZIER'] range=(0.0,0.0)
      location[1] keys=4 interp=['BEZIER'] range=(-2.115,-2.115)
      location[2] keys=4 interp=['BEZIER'] range=(-21.168,2.296)
      rotation_euler[0] keys=4 interp=['BEZIER'] range=(1.396,1.396)
      rotation_euler[1] keys=4 interp=['BEZIER'] range=(0.0,0.0)
      rotation_euler[2] keys=4 interp=['BEZIER'] range=(0.0,0.0)
  ACTION 3. gold base with black face.001Action frames=[360.0, 360.0] sec=0.0 fcurves=9 changing=0 users=['3. gold base with black face.001[EMPTY]']
      location[0] keys=1 interp=['BEZIER'] range=(200.0,200.0)
      location[1] keys=1 interp=['BEZIER'] range=(-2.115,-2.115)
      location[2] keys=1 interp=['BEZIER'] range=(2.296,2.296)
      rotation_euler[0] keys=1 interp=['BEZIER'] range=(1.396,1.396)
      rotation_euler[1] keys=1 interp=['BEZIER'] range=(-0.0,-0.0)
      rotation_euler[2] keys=1 interp=['BEZIER'] range=(0.0,0.0)
  ACTION 3. gold base with black faceAction frames=[479.0, 661.0] sec=6.07 fcurves=9 changing=1 users=['3. gold base with black face[EMPTY]']
      location[0] keys=4 interp=['BEZIER'] range=(0.0,0.0)
      location[1] keys=4 interp=['BEZIER'] range=(-2.115,-2.115)
      location[2] keys=4 interp=['BEZIER'] range=(-21.168,2.296)
      rotation_euler[0] keys=4 interp=['BEZIER'] range=(1.396,1.396)
      rotation_euler[1] keys=4 interp=['BEZIER'] range=(0.0,0.0)
      rotation_euler[2] keys=4 interp=['BEZIER'] range=(0.0,0.0)
  ACTION 4. Silver Base with white face.001Action frames=[360.0, 360.0] sec=0.0 fcurves=9 changing=0 users=['4. Silver Base with white face.001[EMPTY]']
      location[0] keys=1 interp=['BEZIER'] range=(300.0,300.0)
      location[1] keys=1 interp=['BEZIER'] range=(-2.115,-2.115)
      location[2] keys=1 interp=['BEZIER'] range=(2.296,2.296)
      rotation_euler[0] keys=1 interp=['BEZIER'] range=(1.396,1.396)
      rotation_euler[1] keys=1 interp=['BEZIER'] range=(-0.0,-0.0)
      rotation_euler[2] keys=1 interp=['BEZIER'] range=(0.0,0.0)
  ACTION 4. Silver Base with white faceAction frames=[119.0, 240.0] sec=4.03 fcurves=9 changing=1 users=['4. Silver Base with white face[EMPTY]']
      location[0] keys=4 interp=['BEZIER'] range=(0.0,0.0)
      location[1] keys=4 interp=['BEZIER'] range=(-2.115,-2.115)
      location[2] keys=4 interp=['BEZIER'] range=(-21.168,2.296)
      rotation_euler[0] keys=4 interp=['BEZIER'] range=(1.396,1.396)
      rotation_euler[1] keys=4 interp=['BEZIER'] range=(0.0,0.0)
      rotation_euler[2] keys=4 interp=['BEZIER'] range=(0.0,0.0)
  ACTION 5. rose gold with white face.001Action frames=[359.0, 480.0] sec=4.03 fcurves=9 changing=1 users=['5. rose gold with white face.001[EMPTY]']
      location[0] keys=4 interp=['BEZIER'] range=(0.0,0.0)
      location[1] keys=4 interp=['BEZIER'] range=(-2.115,-2.115)
      location[2] keys=4 interp=['BEZIER'] range=(-21.168,2.296)
      rotation_euler[0] keys=4 interp=['BEZIER'] range=(1.396,1.396)
      rotation_euler[1] keys=4 interp=['BEZIER'] range=(0.0,0.0)
      rotation_euler[2] keys=4 interp=['BEZIER'] range=(0.0,0.0)
  ACTION 5. rose gold with white face.002Action frames=[360.0, 360.0] sec=0.0 fcurves=9 changing=0 users=['5. rose gold with white face.002[EMPTY]']
      location[0] keys=1 interp=['BEZIER'] range=(400.0,400.0)
      location[1] keys=1 interp=['BEZIER'] range=(-2.115,-2.115)
      location[2] keys=1 interp=['BEZIER'] range=(2.296,2.296)
      rotation_euler[0] keys=1 interp=['BEZIER'] range=(1.396,1.396)
      rotation_euler[1] keys=1 interp=['BEZIER'] range=(-0.0,-0.0)
      rotation_euler[2] keys=1 interp=['BEZIER'] range=(0.0,0.0)
  ACTION Object008.002Action frames=[36.0, 46.0] sec=0.33 fcurves=11 changing=0 users=['Object008.002[MESH]']
      location[0] keys=9 interp=['BEZIER'] range=(0.023,0.023)
      location[1] keys=9 interp=['BEZIER'] range=(-2.016,-2.016)
      location[2] keys=9 interp=['BEZIER'] range=(1.499,1.499)
      rotation_euler[0] keys=9 interp=['BEZIER'] range=(-2.589,-2.589)
      rotation_euler[1] keys=9 interp=['BEZIER'] range=(0.0,0.0)
      rotation_euler[2] keys=9 interp=['BEZIER'] range=(0.0,0.0)
  ACTION Object008.002Action.001 frames=[36.0, 360.0] sec=10.8 fcurves=11 changing=0 users=['Object008.013[MESH]']
      location[0] keys=10 interp=['BEZIER'] range=(0.023,0.023)
      location[1] keys=10 interp=['BEZIER'] range=(-2.016,-2.016)
      location[2] keys=10 interp=['BEZIER'] range=(1.499,1.499)
      rotation_euler[0] keys=10 interp=['BEZIER'] range=(-2.589,-2.589)
      rotation_euler[1] keys=10 interp=['BEZIER'] range=(0.0,0.0)
      rotation_euler[2] keys=10 interp=['BEZIER'] range=(0.0,0.0)
  ACTION Object008.003Action frames=[360.0, 360.0] sec=0.0 fcurves=11 changing=0 users=['Object008.003[MESH]']
      location[0] keys=1 interp=['BEZIER'] range=(0.023,0.023)
      location[1] keys=1 interp=['BEZIER'] range=(-2.016,-2.016)
      location[2] keys=1 interp=['BEZIER'] range=(1.499,1.499)
      rotation_euler[0] keys=1 interp=['BEZIER'] range=(-2.589,-2.589)
      rotation_euler[1] keys=1 interp=['BEZIER'] range=(0.0,0.0)
      rotation_euler[2] keys=1 interp=['BEZIER'] range=(0.0,0.0)
  ACTION Object008.011Action frames=[360.0, 360.0] sec=0.0 fcurves=11 changing=0 users=['Object008.011[MESH]']
      location[0] keys=1 interp=['BEZIER'] range=(0.023,0.023)
      location[1] keys=1 interp=['BEZIER'] range=(-2.016,-2.016)
      location[2] keys=1 interp=['BEZIER'] range=(1.499,1.499)
      rotation_euler[0] keys=1 interp=['BEZIER'] range=(-2.589,-2.589)
      rotation_euler[1] keys=1 interp=['BEZIER'] range=(0.0,0.0)
      rotation_euler[2] keys=1 interp=['BEZIER'] range=(0.0,0.0)
  ACTION Object008.012Action frames=[360.0, 360.0] sec=0.0 fcurves=11 changing=0 users=['Object008.012[MESH]']
      location[0] keys=1 interp=['BEZIER'] range=(0.023,0.023)
      location[1] keys=1 interp=['BEZIER'] range=(-2.016,-2.016)
      location[2] keys=1 interp=['BEZIER'] range=(1.499,1.499)
      rotation_euler[0] keys=1 interp=['BEZIER'] range=(-2.589,-2.589)
      rotation_euler[1] keys=1 interp=['BEZIER'] range=(0.0,0.0)
      rotation_euler[2] keys=1 interp=['BEZIER'] range=(0.0,0.0)
  ACTION Object009.002Action frames=[36.0, 46.0] sec=0.33 fcurves=11 changing=0 users=['Object009.002[MESH]']
      location[0] keys=9 interp=['BEZIER'] range=(-0.25,-0.25)
      location[1] keys=9 interp=['BEZIER'] range=(-2.027,-2.027)
      location[2] keys=9 interp=['BEZIER'] range=(1.589,1.589)
      rotation_euler[0] keys=9 interp=['BEZIER'] range=(-2.589,-2.589)
      rotation_euler[1] keys=9 interp=['BEZIER'] range=(0.0,0.0)
      rotation_euler[2] keys=9 interp=['BEZIER'] range=(0.0,0.0)
  ACTION Object009.002Action.001 frames=[36.0, 360.0] sec=10.8 fcurves=11 changing=0 users=['Object009.013[MESH]']
      location[0] keys=10 interp=['BEZIER'] range=(-0.25,-0.25)
      location[1] keys=10 interp=['BEZIER'] range=(-2.027,-2.027)
      location[2] keys=10 interp=['BEZIER'] range=(1.589,1.589)
      rotation_euler[0] keys=10 interp=['BEZIER'] range=(-2.589,-2.589)
      rotation_euler[1] keys=10 interp=['BEZIER'] range=(0.0,0.0)
      rotation_euler[2] keys=10 interp=['BEZIER'] range=(0.0,0.0)
  ACTION Object009.003Action frames=[360.0, 360.0] sec=0.0 fcurves=11 changing=0 users=['Object009.003[MESH]']
      location[0] keys=1 interp=['BEZIER'] range=(-0.25,-0.25)
      location[1] keys=1 interp=['BEZIER'] range=(-2.027,-2.027)
      location[2] keys=1 interp=['BEZIER'] range=(1.589,1.589)
      rotation_euler[0] keys=1 interp=['BEZIER'] range=(-2.589,-2.589)
      rotation_euler[1] keys=1 interp=['BEZIER'] range=(0.0,0.0)
      rotation_euler[2] keys=1 interp=['BEZIER'] range=(0.0,0.0)
  ACTION Object009.011Action frames=[360.0, 360.0] sec=0.0 fcurves=11 changing=0 users=['Object009.011[MESH]']
      location[0] keys=1 interp=['BEZIER'] range=(-0.25,-0.25)
      location[1] keys=1 interp=['BEZIER'] range=(-2.027,-2.027)
      location[2] keys=1 interp=['BEZIER'] range=(1.589,1.589)
      rotation_euler[0] keys=1 interp=['BEZIER'] range=(-2.589,-2.589)
      rotation_euler[1] keys=1 interp=['BEZIER'] range=(0.0,0.0)
      rotation_euler[2] keys=1 interp=['BEZIER'] range=(0.0,0.0)
  ACTION Object009.012Action frames=[360.0, 360.0] sec=0.0 fcurves=11 changing=0 users=['Object009.012[MESH]']
      location[0] keys=1 interp=['BEZIER'] range=(-0.25,-0.25)
      location[1] keys=1 interp=['BEZIER'] range=(-2.027,-2.027)
      location[2] keys=1 interp=['BEZIER'] range=(1.589,1.589)
      rotation_euler[0] keys=1 interp=['BEZIER'] range=(-2.589,-2.589)
      rotation_euler[1] keys=1 interp=['BEZIER'] range=(0.0,0.0)
      rotation_euler[2] keys=1 interp=['BEZIER'] range=(0.0,0.0)
  ACTION _Group006|Take 001|BaseLayer frames=[0.0, 0.0] sec=0.0 fcurves=0 changing=0 users=[]
  ACTION _ZBrush_defualt_group003.002Action frames=[36.0, 46.0] sec=0.33 fcurves=11 changing=0 users=['_ZBrush_defualt_group003.002[MESH]']
      location[0] keys=9 interp=['BEZIER'] range=(0.276,0.276)
      location[1] keys=9 interp=['BEZIER'] range=(-1.826,-1.826)
      location[2] keys=9 interp=['BEZIER'] range=(2.548,2.548)
      rotation_euler[0] keys=9 interp=['BEZIER'] range=(2.967,2.967)
      rotation_euler[1] keys=9 interp=['BEZIER'] range=(0.0,0.0)
      rotation_euler[2] keys=9 interp=['BEZIER'] range=(0.0,0.0)
  ACTION _ZBrush_defualt_group003.002Action.001 frames=[36.0, 360.0] sec=10.8 fcurves=11 changing=0 users=['_ZBrush_defualt_group003.013[MESH]']
      location[0] keys=10 interp=['BEZIER'] range=(0.276,0.276)
      location[1] keys=10 interp=['BEZIER'] range=(-1.826,-1.826)
      location[2] keys=10 interp=['BEZIER'] range=(2.548,2.548)
      rotation_euler[0] keys=10 interp=['BEZIER'] range=(2.967,2.967)
      rotation_euler[1] keys=10 interp=['BEZIER'] range=(0.0,0.0)
      rotation_euler[2] keys=10 interp=['BEZIER'] range=(0.0,0.0)
  ACTION _ZBrush_defualt_group003.003Action frames=[360.0, 360.0] sec=0.0 fcurves=11 changing=0 users=['_ZBrush_defualt_group003.003[MESH]']
      location[0] keys=1 interp=['BEZIER'] range=(0.276,0.276)
      location[1] keys=1 interp=['BEZIER'] range=(-1.826,-1.826)
      location[2] keys=1 interp=['BEZIER'] range=(2.548,2.548)
      rotation_euler[0] keys=1 interp=['BEZIER'] range=(2.967,2.967)
      rotation_euler[1] keys=1 interp=['BEZIER'] range=(0.0,0.0)
      rotation_euler[2] keys=1 interp=['BEZIER'] range=(0.0,0.0)
  ACTION _ZBrush_defualt_group003.011Action frames=[360.0, 360.0] sec=0.0 fcurves=11 changing=0 users=['_ZBrush_defualt_group003.011[MESH]']
      location[0] keys=1 interp=['BEZIER'] range=(0.276,0.276)
      location[1] keys=1 interp=['BEZIER'] range=(-1.826,-1.826)
      location[2] keys=1 interp=['BEZIER'] range=(2.548,2.548)
      rotation_euler[0] keys=1 interp=['BEZIER'] range=(2.967,2.967)
      rotation_euler[1] keys=1 interp=['BEZIER'] range=(0.0,0.0)
      rotation_euler[2] keys=1 interp=['BEZIER'] range=(0.0,0.0)
  ACTION _ZBrush_defualt_group003.012Action frames=[360.0, 360.0] sec=0.0 fcurves=11 changing=0 users=['_ZBrush_defualt_group003.012[MESH]']
      location[0] keys=1 interp=['BEZIER'] range=(0.276,0.276)
      location[1] keys=1 interp=['BEZIER'] range=(-1.826,-1.826)
      location[2] keys=1 interp=['BEZIER'] range=(2.548,2.548)
      rotation_euler[0] keys=1 interp=['BEZIER'] range=(2.967,2.967)
      rotation_euler[1] keys=1 interp=['BEZIER'] range=(0.0,0.0)
      rotation_euler[2] keys=1 interp=['BEZIER'] range=(0.0,0.0)
  ACTION _ZBrush_defualt_group003|Take 001|BaseLayer frames=[0.0, 0.0] sec=0.0 fcurves=0 changing=0 users=[]
  ACTION _ZBrush_defualt_group004|Take 001|BaseLayer frames=[0.0, 0.0] sec=0.0 fcurves=0 changing=0 users=[]
  ACTION __polySurface827group3group003|Take 001|BaseLayer frames=[0.0, 0.0] sec=0.0 fcurves=0 changing=0 users=[]
  ACTION _group3group2___polySurface482|Take 001|BaseLayer frames=[0.0, 0.0] sec=0.0 fcurves=0 changing=0 users=[]
  ACTION _group3group2__polySurface2460.002Action frames=[36.0, 46.0] sec=0.33 fcurves=13 changing=0 users=['_group3group2__polySurface2460.002[MESH]']
      location[0] keys=9 interp=['BEZIER'] range=(0.027,0.027)
      location[1] keys=9 interp=['BEZIER'] range=(0.386,0.386)
      location[2] keys=9 interp=['BEZIER'] range=(1.899,1.899)
      rotation_euler[0] keys=9 interp=['BEZIER'] range=(2.967,2.967)
      rotation_euler[1] keys=9 interp=['BEZIER'] range=(0.0,0.0)
      rotation_euler[2] keys=9 interp=['BEZIER'] range=(0.0,0.0)
  ACTION _group3group2__polySurface2460.002Action.001 frames=[36.0, 360.0] sec=10.8 fcurves=13 changing=0 users=['_group3group2__polySurface2460.013[MESH]']
      location[0] keys=10 interp=['BEZIER'] range=(0.027,0.027)
      location[1] keys=10 interp=['BEZIER'] range=(0.386,0.386)
      location[2] keys=10 interp=['BEZIER'] range=(1.899,1.899)
      rotation_euler[0] keys=10 interp=['BEZIER'] range=(2.967,2.967)
      rotation_euler[1] keys=10 interp=['BEZIER'] range=(0.0,0.0)
      rotation_euler[2] keys=10 interp=['BEZIER'] range=(0.0,0.0)
  ACTION _group3group2__polySurface2460.003Action frames=[360.0, 360.0] sec=0.0 fcurves=13 changing=0 users=['_group3group2__polySurface2460.003[MESH]']
      location[0] keys=1 interp=['BEZIER'] range=(0.027,0.027)
      location[1] keys=1 interp=['BEZIER'] range=(0.386,0.386)
      location[2] keys=1 interp=['BEZIER'] range=(1.899,1.899)
      rotation_euler[0] keys=1 interp=['BEZIER'] range=(2.967,2.967)
      rotation_euler[1] keys=1 interp=['BEZIER'] range=(0.0,0.0)
      rotation_euler[2] keys=1 interp=['BEZIER'] range=(0.0,0.0)
  ACTION _group3group2__polySurface2460.011Action frames=[360.0, 360.0] sec=0.0 fcurves=13 changing=0 users=['_group3group2__polySurface2460.011[MESH]']
      location[0] keys=1 interp=['BEZIER'] range=(0.027,0.027)
      location[1] keys=1 interp=['BEZIER'] range=(0.386,0.386)
      location[2] keys=1 interp=['BEZIER'] range=(1.899,1.899)
      rotation_euler[0] keys=1 interp=['BEZIER'] range=(2.967,2.967)
      rotation_euler[1] keys=1 interp=['BEZIER'] range=(0.0,0.0)
      rotation_euler[2] keys=1 interp=['BEZIER'] range=(0.0,0.0)
  ACTION _group3group2__polySurface2460.012Action frames=[360.0, 360.0] sec=0.0 fcurves=13 changing=0 users=['_group3group2__polySurface2460.012[MESH]']
      location[0] keys=1 interp=['BEZIER'] range=(0.027,0.027)
      location[1] keys=1 interp=['BEZIER'] range=(0.386,0.386)
      location[2] keys=1 interp=['BEZIER'] range=(1.899,1.899)
      rotation_euler[0] keys=1 interp=['BEZIER'] range=(2.967,2.967)
      rotation_euler[1] keys=1 interp=['BEZIER'] range=(0.0,0.0)
      rotation_euler[2] keys=1 interp=['BEZIER'] range=(0.0,0.0)
  ACTION _group3group2__polySurface2460|Take 001|BaseLayer frames=[0.0, 0.0] sec=0.0 fcurves=0 changing=0 users=[]
  ACTION _group3group2_polySurface892|Take 001|BaseLayer frames=[0.0, 0.0] sec=0.0 fcurves=0 changing=0 users=[]
  ACTION _group3group2_polySurface893|Take 001|BaseLayer frames=[0.0, 0.0] sec=0.0 fcurves=0 changing=0 users=[]
  ACTION _group3group2_polySurface894|Take 001|BaseLayer frames=[0.0, 0.0] sec=0.0 fcurves=0 changing=0 users=[]
  ACTION _group3group2_polySurface895|Take 001|BaseLayer frames=[0.0, 0.0] sec=0.0 fcurves=0 changing=0 users=[]
  ACTION _group3group2_polySurface896|Take 001|BaseLayer frames=[0.0, 0.0] sec=0.0 fcurves=0 changing=0 users=[]
  ACTION _group3group2_polySurface897|Take 001|BaseLayer frames=[0.0, 0.0] sec=0.0 fcurves=0 changing=0 users=[]
  ACTION _group3group2_polySurface898.002Action frames=[360.0, 360.0] sec=0.0 fcurves=12 changing=0 users=['_group3group2_polySurface898.002[MESH]']
      location[0] keys=1 interp=['BEZIER'] range=(0.023,0.023)
      location[1] keys=1 interp=['BEZIER'] range=(-0.821,-0.821)
      location[2] keys=1 interp=['BEZIER'] range=(1.075,1.075)
      rotation_euler[0] keys=1 interp=['BEZIER'] range=(2.967,2.967)
      rotation_euler[1] keys=1 interp=['BEZIER'] range=(0.0,0.0)
      rotation_euler[2] keys=1 interp=['BEZIER'] range=(0.0,0.0)
  ACTION _group3group2_polySurface898|Take 001|BaseLayer frames=[0.0, 0.0] sec=0.0 fcurves=0 changing=0 users=[]
  ACTION _group3group2_polySurface899|Take 001|BaseLayer frames=[0.0, 0.0] sec=0.0 fcurves=0 changing=0 users=[]
  ACTION _group3group2_polySurface900|Take 001|BaseLayer frames=[0.0, 0.0] sec=0.0 fcurves=0 changing=0 users=[]
  ACTION _group3group2_polySurface901.002Action frames=[360.0, 360.0] sec=0.0 fcurves=12 changing=0 users=['_group3group2_polySurface901.002[MESH]']
      location[0] keys=1 interp=['BEZIER'] range=(0.023,0.023)
      location[1] keys=1 interp=['BEZIER'] range=(0.287,0.287)
      location[2] keys=1 interp=['BEZIER'] range=(1.6,1.6)
      rotation_euler[0] keys=1 interp=['BEZIER'] range=(2.967,2.967)
      rotation_euler[1] keys=1 interp=['BEZIER'] range=(0.0,0.0)
      rotation_euler[2] keys=1 interp=['BEZIER'] range=(0.0,0.0)
  ACTION _group3group2_polySurface901|Take 001|BaseLayer frames=[0.0, 0.0] sec=0.0 fcurves=0 changing=0 users=[]
  ACTION _group3group2_polySurface902.002Action frames=[36.0, 46.0] sec=0.33 fcurves=13 changing=0 users=['_group3group2_polySurface902.002[MESH]']
      location[0] keys=9 interp=['BEZIER'] range=(0.024,0.024)
      location[1] keys=9 interp=['BEZIER'] range=(0.046,0.046)
      location[2] keys=9 interp=['BEZIER'] range=(1.101,1.101)
      rotation_euler[0] keys=9 interp=['BEZIER'] range=(2.967,2.967)
      rotation_euler[1] keys=9 interp=['BEZIER'] range=(0.0,0.0)
      rotation_euler[2] keys=9 interp=['BEZIER'] range=(0.0,0.0)
  ACTION _group3group2_polySurface902.002Action.001 frames=[36.0, 360.0] sec=10.8 fcurves=13 changing=0 users=['_group3group2_polySurface902.013[MESH]']
      location[0] keys=10 interp=['BEZIER'] range=(0.024,0.024)
      location[1] keys=10 interp=['BEZIER'] range=(0.046,0.046)
      location[2] keys=10 interp=['BEZIER'] range=(1.101,1.101)
      rotation_euler[0] keys=10 interp=['BEZIER'] range=(2.967,2.967)
      rotation_euler[1] keys=10 interp=['BEZIER'] range=(0.0,0.0)
      rotation_euler[2] keys=10 interp=['BEZIER'] range=(0.0,0.0)
  ACTION _group3group2_polySurface902.003Action frames=[360.0, 360.0] sec=0.0 fcurves=13 changing=0 users=['_group3group2_polySurface902.003[MESH]']
      location[0] keys=1 interp=['BEZIER'] range=(0.024,0.024)
      location[1] keys=1 interp=['BEZIER'] range=(0.046,0.046)
      location[2] keys=1 interp=['BEZIER'] range=(1.101,1.101)
      rotation_euler[0] keys=1 interp=['BEZIER'] range=(2.967,2.967)
      rotation_euler[1] keys=1 interp=['BEZIER'] range=(0.0,0.0)
      rotation_euler[2] keys=1 interp=['BEZIER'] range=(0.0,0.0)
  ACTION _group3group2_polySurface902.011Action frames=[360.0, 360.0] sec=0.0 fcurves=13 changing=0 users=['_group3group2_polySurface902.011[MESH]']
      location[0] keys=1 interp=['BEZIER'] range=(0.024,0.024)
      location[1] keys=1 interp=['BEZIER'] range=(0.046,0.046)
      location[2] keys=1 interp=['BEZIER'] range=(1.101,1.101)
      rotation_euler[0] keys=1 interp=['BEZIER'] range=(2.967,2.967)
      rotation_euler[1] keys=1 interp=['BEZIER'] range=(0.0,0.0)
      rotation_euler[2] keys=1 interp=['BEZIER'] range=(0.0,0.0)
  ACTION _group3group2_polySurface902.012Action frames=[360.0, 360.0] sec=0.0 fcurves=13 changing=0 users=['_group3group2_polySurface902.012[MESH]']
      location[0] keys=1 interp=['BEZIER'] range=(0.024,0.024)
      location[1] keys=1 interp=['BEZIER'] range=(0.046,0.046)
      location[2] keys=1 interp=['BEZIER'] range=(1.101,1.101)
      rotation_euler[0] keys=1 interp=['BEZIER'] range=(2.967,2.967)
      rotation_euler[1] keys=1 interp=['BEZIER'] range=(0.0,0.0)
      rotation_euler[2] keys=1 interp=['BEZIER'] range=(0.0,0.0)
  ACTION _group3group2_polySurface902|Take 001|BaseLayer frames=[0.0, 0.0] sec=0.0 fcurves=0 changing=0 users=[]
  ACTION _group3group2_polySurface940|Take 001|BaseLayer frames=[0.0, 0.0] sec=0.0 fcurves=0 changing=0 users=[]
  ACTION _group48_pCube041|Take 001|BaseLayer frames=[0.0, 0.0] sec=0.0 fcurves=0 changing=0 users=[]
  ACTION _group9_pCube002|Take 001|BaseLayer frames=[0.0, 0.0] sec=0.0 fcurves=0 changing=0 users=[]
  ACTION _pCylinder006.002Action frames=[36.0, 46.0] sec=0.33 fcurves=12 changing=0 users=['_pCylinder006.002[MESH]']
      location[0] keys=9 interp=['BEZIER'] range=(0.023,0.023)
      location[1] keys=9 interp=['BEZIER'] range=(-0.482,-0.482)
      location[2] keys=9 interp=['BEZIER'] range=(2.993,2.993)
      rotation_euler[0] keys=9 interp=['BEZIER'] range=(2.967,2.967)
      rotation_euler[1] keys=9 interp=['BEZIER'] range=(0.0,0.0)
      rotation_euler[2] keys=9 interp=['BEZIER'] range=(0.0,0.0)
  ACTION _pCylinder006.002Action.001 frames=[36.0, 360.0] sec=10.8 fcurves=12 changing=0 users=['_pCylinder006.014[MESH]']
      location[0] keys=10 interp=['BEZIER'] range=(0.023,0.023)
      location[1] keys=10 interp=['BEZIER'] range=(-0.482,-0.482)
      location[2] keys=10 interp=['BEZIER'] range=(2.993,2.993)
      rotation_euler[0] keys=10 interp=['BEZIER'] range=(2.967,2.967)
      rotation_euler[1] keys=10 interp=['BEZIER'] range=(0.0,0.0)
      rotation_euler[2] keys=10 interp=['BEZIER'] range=(0.0,0.0)
  ACTION _pCylinder006.003Action frames=[360.0, 360.0] sec=0.0 fcurves=12 changing=0 users=['_pCylinder006.003[MESH]']
      location[0] keys=1 interp=['BEZIER'] range=(0.023,0.023)
      location[1] keys=1 interp=['BEZIER'] range=(-0.482,-0.482)
      location[2] keys=1 interp=['BEZIER'] range=(2.993,2.993)
      rotation_euler[0] keys=1 interp=['BEZIER'] range=(2.967,2.967)
      rotation_euler[1] keys=1 interp=['BEZIER'] range=(0.0,0.0)
      rotation_euler[2] keys=1 interp=['BEZIER'] range=(0.0,0.0)
  ACTION _pCylinder006.012Action frames=[360.0, 360.0] sec=0.0 fcurves=12 changing=0 users=['_pCylinder006.012[MESH]']
      location[0] keys=1 interp=['BEZIER'] range=(0.023,0.023)
      location[1] keys=1 interp=['BEZIER'] range=(-0.482,-0.482)
      location[2] keys=1 interp=['BEZIER'] range=(2.993,2.993)
      rotation_euler[0] keys=1 interp=['BEZIER'] range=(2.967,2.967)
      rotation_euler[1] keys=1 interp=['BEZIER'] range=(0.0,0.0)
      rotation_euler[2] keys=1 interp=['BEZIER'] range=(0.0,0.0)
  ACTION _pCylinder006.013Action frames=[360.0, 360.0] sec=0.0 fcurves=12 changing=0 users=['_pCylinder006.013[MESH]']
      location[0] keys=1 interp=['BEZIER'] range=(0.023,0.023)
      location[1] keys=1 interp=['BEZIER'] range=(-0.482,-0.482)
      location[2] keys=1 interp=['BEZIER'] range=(2.993,2.993)
      rotation_euler[0] keys=1 interp=['BEZIER'] range=(2.967,2.967)
      rotation_euler[1] keys=1 interp=['BEZIER'] range=(0.0,0.0)
      rotation_euler[2] keys=1 interp=['BEZIER'] range=(0.0,0.0)
  ACTION _pCylinder006|Take 001|BaseLayer frames=[0.0, 0.0] sec=0.0 fcurves=0 changing=0 users=[]
  ACTION cam 10 parentAction frames=[1.0, 660.0] sec=21.97 fcurves=9 changing=1 users=['cam 10 parent[EMPTY]']
      location[0] keys=3 interp=['LINEAR'] range=(0.024,0.024)
      location[1] keys=3 interp=['LINEAR'] range=(-2.26,-2.26)
      location[2] keys=3 interp=['LINEAR'] range=(2.154,2.154)
      rotation_euler[0] keys=3 interp=['LINEAR'] range=(-1.122,0.086)
      rotation_euler[1] keys=3 interp=['LINEAR'] range=(-0.0,-0.0)
      rotation_euler[2] keys=3 interp=['LINEAR'] range=(0.0,0.0)
  ACTION leather beige with rose goldAction.001 frames=[-2.0, -1.0] sec=0.03 fcurves=9 changing=1 users=['leather beige with rose gold[EMPTY]']
      location[0] keys=2 interp=['BEZIER'] range=(0.0,0.0)
      location[1] keys=2 interp=['BEZIER'] range=(-1.367,-1.367)
      location[2] keys=2 interp=['BEZIER'] range=(-23.805,2.079)
      rotation_euler[0] keys=2 interp=['BEZIER'] range=(-1.138,-1.138)
      rotation_euler[1] keys=2 interp=['BEZIER'] range=(-3.142,-3.142)
      rotation_euler[2] keys=2 interp=['BEZIER'] range=(0.0,0.0)
  ACTION leather black with blackAction.001 frames=[0.0, 300.0] sec=10.0 fcurves=7 changing=1 users=['leather black with black[EMPTY]']
      location[1] keys=8 interp=['BEZIER'] range=(-1.367,-1.367)
      location[2] keys=8 interp=['BEZIER'] range=(-23.805,2.079)
      rotation_euler[1] keys=8 interp=['BEZIER'] range=(-3.142,-3.142)
      rotation_euler[2] keys=8 interp=['BEZIER'] range=(0.0,0.0)
      scale[0] keys=8 interp=['BEZIER'] range=(1.0,1.0)
      scale[1] keys=8 interp=['BEZIER'] range=(1.0,1.0)
  ACTION leather black with goldAction.001 frames=[-2.0, -1.0] sec=0.03 fcurves=9 changing=1 users=['leather black with gold[EMPTY]']
      location[0] keys=2 interp=['BEZIER'] range=(0.0,0.0)
      location[1] keys=2 interp=['BEZIER'] range=(-1.367,-1.367)
      location[2] keys=2 interp=['BEZIER'] range=(-23.805,2.079)
      rotation_euler[0] keys=2 interp=['BEZIER'] range=(-1.138,-1.138)
      rotation_euler[1] keys=2 interp=['BEZIER'] range=(-3.142,-3.142)
      rotation_euler[2] keys=2 interp=['BEZIER'] range=(0.0,0.0)
  ACTION leather black with rose goldAction.001 frames=[-2.0, -1.0] sec=0.03 fcurves=9 changing=1 users=['leather black with rose gold[EMPTY]']
      location[0] keys=2 interp=['BEZIER'] range=(0.0,0.0)
      location[1] keys=2 interp=['BEZIER'] range=(-1.367,-1.367)
      location[2] keys=2 interp=['BEZIER'] range=(-23.805,2.079)
      rotation_euler[0] keys=2 interp=['BEZIER'] range=(-1.138,-1.138)
      rotation_euler[1] keys=2 interp=['BEZIER'] range=(-3.142,-3.142)
      rotation_euler[2] keys=2 interp=['BEZIER'] range=(0.0,0.0)
  ACTION leather black with silverAction.001 frames=[-2.0, -1.0] sec=0.03 fcurves=9 changing=1 users=['leather black with silver[EMPTY]']
      location[0] keys=2 interp=['BEZIER'] range=(0.0,0.0)
      location[1] keys=2 interp=['BEZIER'] range=(-1.367,-1.367)
      location[2] keys=2 interp=['BEZIER'] range=(-23.805,2.079)
      rotation_euler[0] keys=2 interp=['BEZIER'] range=(-1.138,-1.138)
      rotation_euler[1] keys=2 interp=['BEZIER'] range=(-3.142,-3.142)
      rotation_euler[2] keys=2 interp=['BEZIER'] range=(0.0,0.0)
  ACTION leather pink with rose goldAction frames=[419.0, 480.0] sec=2.03 fcurves=9 changing=1 users=['leather pink with rose gold[EMPTY]']
      location[0] keys=4 interp=['BEZIER'] range=(0.015,0.015)
      location[1] keys=4 interp=['BEZIER'] range=(-1.368,-1.368)
      location[2] keys=4 interp=['BEZIER'] range=(-3.96,2.078)
      rotation_euler[0] keys=4 interp=['BEZIER'] range=(-1.134,-1.134)
      rotation_euler[1] keys=4 interp=['BEZIER'] range=(3.142,3.142)
      rotation_euler[2] keys=4 interp=['BEZIER'] range=(-0.0,-0.0)
  ACTION leather white with silverAction.001 frames=[-2.0, 360.0] sec=12.07 fcurves=9 changing=3 users=['leather white with silver[EMPTY]']
      location[0] keys=10 interp=['BEZIER'] range=(0.0,0.017)
      location[1] keys=10 interp=['BEZIER'] range=(-1.367,-1.367)
      location[2] keys=10 interp=['BEZIER'] range=(-23.805,2.083)
      rotation_euler[0] keys=10 interp=['BEZIER'] range=(-1.138,-1.138)
      rotation_euler[1] keys=10 interp=['BEZIER'] range=(-3.142,-3.142)
      rotation_euler[2] keys=10 interp=['BEZIER'] range=(0.0,0.0)
  ACTION polySurface007.002Action frames=[36.0, 46.0] sec=0.33 fcurves=13 changing=0 users=['polySurface007.002[MESH]']
      location[0] keys=9 interp=['BEZIER'] range=(0.185,0.185)
      location[1] keys=9 interp=['BEZIER'] range=(-1.822,-1.822)
      location[2] keys=9 interp=['BEZIER'] range=(2.957,2.957)
      rotation_euler[0] keys=9 interp=['BEZIER'] range=(2.166,2.166)
      rotation_euler[1] keys=9 interp=['BEZIER'] range=(0.0,0.0)
      rotation_euler[2] keys=9 interp=['BEZIER'] range=(0.0,0.0)
  ACTION polySurface007.002Action.001 frames=[36.0, 360.0] sec=10.8 fcurves=13 changing=0 users=['polySurface007.013[MESH]']
      location[0] keys=10 interp=['BEZIER'] range=(0.185,0.185)
      location[1] keys=10 interp=['BEZIER'] range=(-1.822,-1.822)
      location[2] keys=10 interp=['BEZIER'] range=(2.957,2.957)
      rotation_euler[0] keys=10 interp=['BEZIER'] range=(2.166,2.166)
      rotation_euler[1] keys=10 interp=['BEZIER'] range=(0.0,0.0)
      rotation_euler[2] keys=10 interp=['BEZIER'] range=(0.0,0.0)
  ACTION polySurface007.003Action frames=[360.0, 360.0] sec=0.0 fcurves=13 changing=0 users=['polySurface007.003[MESH]']
      location[0] keys=1 interp=['BEZIER'] range=(0.185,0.185)
      location[1] keys=1 interp=['BEZIER'] range=(-1.822,-1.822)
      location[2] keys=1 interp=['BEZIER'] range=(2.957,2.957)
      rotation_euler[0] keys=1 interp=['BEZIER'] range=(2.166,2.166)
      rotation_euler[1] keys=1 interp=['BEZIER'] range=(0.0,0.0)
      rotation_euler[2] keys=1 interp=['BEZIER'] range=(0.0,0.0)
  ACTION polySurface007.011Action frames=[360.0, 360.0] sec=0.0 fcurves=13 changing=0 users=['polySurface007.011[MESH]']
      location[0] keys=1 interp=['BEZIER'] range=(0.185,0.185)
      location[1] keys=1 interp=['BEZIER'] range=(-1.822,-1.822)
      location[2] keys=1 interp=['BEZIER'] range=(2.957,2.957)
      rotation_euler[0] keys=1 interp=['BEZIER'] range=(2.166,2.166)
      rotation_euler[1] keys=1 interp=['BEZIER'] range=(0.0,0.0)
      rotation_euler[2] keys=1 interp=['BEZIER'] range=(0.0,0.0)
  ACTION polySurface007.012Action frames=[360.0, 360.0] sec=0.0 fcurves=13 changing=0 users=['polySurface007.012[MESH]']
      location[0] keys=1 interp=['BEZIER'] range=(0.185,0.185)
      location[1] keys=1 interp=['BEZIER'] range=(-1.822,-1.822)
      location[2] keys=1 interp=['BEZIER'] range=(2.957,2.957)
      rotation_euler[0] keys=1 interp=['BEZIER'] range=(2.166,2.166)
      rotation_euler[1] keys=1 interp=['BEZIER'] range=(0.0,0.0)
      rotation_euler[2] keys=1 interp=['BEZIER'] range=(0.0,0.0)
  ACTION polySurface007|Take 001|BaseLayer frames=[0.0, 0.0] sec=0.0 fcurves=0 changing=0 users=[]
  ACTION polySurface008.002Action frames=[36.0, 46.0] sec=0.33 fcurves=12 changing=0 users=['polySurface008.002[MESH]']
      location[0] keys=9 interp=['BEZIER'] range=(0.102,0.102)
      location[1] keys=9 interp=['BEZIER'] range=(-1.764,-1.764)
      location[2] keys=9 interp=['BEZIER'] range=(2.974,2.974)
      rotation_euler[0] keys=9 interp=['BEZIER'] range=(2.196,2.196)
      rotation_euler[1] keys=9 interp=['BEZIER'] range=(0.0,0.0)
      rotation_euler[2] keys=9 interp=['BEZIER'] range=(0.0,0.0)
  ACTION polySurface008.002Action.001 frames=[36.0, 360.0] sec=10.8 fcurves=12 changing=0 users=['polySurface008.013[MESH]']
      location[0] keys=10 interp=['BEZIER'] range=(0.102,0.102)
      location[1] keys=10 interp=['BEZIER'] range=(-1.764,-1.764)
      location[2] keys=10 interp=['BEZIER'] range=(2.974,2.974)
      rotation_euler[0] keys=10 interp=['BEZIER'] range=(2.196,2.196)
      rotation_euler[1] keys=10 interp=['BEZIER'] range=(0.0,0.0)
      rotation_euler[2] keys=10 interp=['BEZIER'] range=(0.0,0.0)
  ACTION polySurface008.003Action frames=[360.0, 360.0] sec=0.0 fcurves=12 changing=0 users=['polySurface008.003[MESH]']
      location[0] keys=1 interp=['BEZIER'] range=(0.102,0.102)
      location[1] keys=1 interp=['BEZIER'] range=(-1.764,-1.764)
      location[2] keys=1 interp=['BEZIER'] range=(2.974,2.974)
      rotation_euler[0] keys=1 interp=['BEZIER'] range=(2.196,2.196)
      rotation_euler[1] keys=1 interp=['BEZIER'] range=(0.0,0.0)
      rotation_euler[2] keys=1 interp=['BEZIER'] range=(0.0,0.0)
  ACTION polySurface008.011Action frames=[360.0, 360.0] sec=0.0 fcurves=12 changing=0 users=['polySurface008.011[MESH]']
      location[0] keys=1 interp=['BEZIER'] range=(0.102,0.102)
      location[1] keys=1 interp=['BEZIER'] range=(-1.764,-1.764)
      location[2] keys=1 interp=['BEZIER'] range=(2.974,2.974)
      rotation_euler[0] keys=1 interp=['BEZIER'] range=(2.196,2.196)
      rotation_euler[1] keys=1 interp=['BEZIER'] range=(0.0,0.0)
      rotation_euler[2] keys=1 interp=['BEZIER'] range=(0.0,0.0)
  ACTION polySurface008.012Action frames=[360.0, 360.0] sec=0.0 fcurves=12 changing=0 users=['polySurface008.012[MESH]']
      location[0] keys=1 interp=['BEZIER'] range=(0.102,0.102)
      location[1] keys=1 interp=['BEZIER'] range=(-1.764,-1.764)
      location[2] keys=1 interp=['BEZIER'] range=(2.974,2.974)
      rotation_euler[0] keys=1 interp=['BEZIER'] range=(2.196,2.196)
      rotation_euler[1] keys=1 interp=['BEZIER'] range=(0.0,0.0)
      rotation_euler[2] keys=1 interp=['BEZIER'] range=(0.0,0.0)
  ACTION polySurface008|Take 001|BaseLayer frames=[0.0, 0.0] sec=0.0 fcurves=0 changing=0 users=[]
  ACTION polySurface009.002Action frames=[36.0, 46.0] sec=0.33 fcurves=12 changing=0 users=['polySurface009.002[MESH]']
      location[0] keys=9 interp=['BEZIER'] range=(-0.137,-0.137)
      location[1] keys=9 interp=['BEZIER'] range=(-2.068,-2.068)
      location[2] keys=9 interp=['BEZIER'] range=(1.565,1.565)
      rotation_euler[0] keys=9 interp=['BEZIER'] range=(-2.589,-2.589)
      rotation_euler[1] keys=9 interp=['BEZIER'] range=(0.0,0.0)
      rotation_euler[2] keys=9 interp=['BEZIER'] range=(0.0,0.0)
  ACTION polySurface009.002Action.001 frames=[36.0, 360.0] sec=10.8 fcurves=12 changing=0 users=['polySurface009.013[MESH]']
      location[0] keys=10 interp=['BEZIER'] range=(-0.137,-0.137)
      location[1] keys=10 interp=['BEZIER'] range=(-2.068,-2.068)
      location[2] keys=10 interp=['BEZIER'] range=(1.565,1.565)
      rotation_euler[0] keys=10 interp=['BEZIER'] range=(-2.589,-2.589)
      rotation_euler[1] keys=10 interp=['BEZIER'] range=(0.0,0.0)
      rotation_euler[2] keys=10 interp=['BEZIER'] range=(0.0,0.0)
  ACTION polySurface009.003Action frames=[360.0, 360.0] sec=0.0 fcurves=12 changing=0 users=['polySurface009.003[MESH]']
      location[0] keys=1 interp=['BEZIER'] range=(-0.137,-0.137)
      location[1] keys=1 interp=['BEZIER'] range=(-2.068,-2.068)
      location[2] keys=1 interp=['BEZIER'] range=(1.565,1.565)
      rotation_euler[0] keys=1 interp=['BEZIER'] range=(-2.589,-2.589)
      rotation_euler[1] keys=1 interp=['BEZIER'] range=(0.0,0.0)
      rotation_euler[2] keys=1 interp=['BEZIER'] range=(0.0,0.0)
  ACTION polySurface009.011Action frames=[360.0, 360.0] sec=0.0 fcurves=12 changing=0 users=['polySurface009.011[MESH]']
      location[0] keys=1 interp=['BEZIER'] range=(-0.137,-0.137)
      location[1] keys=1 interp=['BEZIER'] range=(-2.068,-2.068)
      location[2] keys=1 interp=['BEZIER'] range=(1.565,1.565)
      rotation_euler[0] keys=1 interp=['BEZIER'] range=(-2.589,-2.589)
      rotation_euler[1] keys=1 interp=['BEZIER'] range=(0.0,0.0)
      rotation_euler[2] keys=1 interp=['BEZIER'] range=(0.0,0.0)
  ACTION polySurface009.012Action frames=[360.0, 360.0] sec=0.0 fcurves=12 changing=0 users=['polySurface009.012[MESH]']
      location[0] keys=1 interp=['BEZIER'] range=(-0.137,-0.137)
      location[1] keys=1 interp=['BEZIER'] range=(-2.068,-2.068)
      location[2] keys=1 interp=['BEZIER'] range=(1.565,1.565)
      rotation_euler[0] keys=1 interp=['BEZIER'] range=(-2.589,-2.589)
      rotation_euler[1] keys=1 interp=['BEZIER'] range=(0.0,0.0)
      rotation_euler[2] keys=1 interp=['BEZIER'] range=(0.0,0.0)
  ACTION polySurface009|Take 001|BaseLayer frames=[0.0, 0.0] sec=0.0 fcurves=0 changing=0 users=[]
## GEOMETRY
totals {'objects': 481, 'meshes': 292, 'base_faces': 11674854, 'base_verts': 11547613, 'eval_faces': 11884783, 'eval_tris': 23247812}
  root 1. mesh band parent.rose gold.002 {'meshes': 9, 'eval_tris': 1723951, 'hidden_render': 0}
  root 1. black mesh band parent.003 {'meshes': 9, 'eval_tris': 1723951, 'hidden_render': 0}
  root 1. mesh band parent_gold.001 {'meshes': 11, 'eval_tris': 1723951, 'hidden_render': 0}
  root 1. mesh band parent_silver.001 {'meshes': 9, 'eval_tris': 1723951, 'hidden_render': 0}
  root 1. mesh band parent.rose gold {'meshes': 9, 'eval_tris': 1722269, 'hidden_render': 0}
  root 1. mesh band parent_silver {'meshes': 9, 'eval_tris': 1722269, 'hidden_render': 0}
  root 1. mesh band parent_gold {'meshes': 11, 'eval_tris': 1722269, 'hidden_render': 0}
  root 1. black mesh band parent.004 {'meshes': 9, 'eval_tris': 1722269, 'hidden_render': 0}
  root 1. black mesh band parent.001 {'meshes': 9, 'eval_tris': 1722269, 'hidden_render': 0}
  root 1. black mesh band parent.002 {'meshes': 9, 'eval_tris': 1722269, 'hidden_render': 0}
  root 1. mesh band parent.rose gold.001 {'meshes': 9, 'eval_tris': 1722269, 'hidden_render': 0}
  root _pCylinder006 {'meshes': 1, 'eval_tris': 762560, 'hidden_render': 0}
  root gold {'meshes': 1, 'eval_tris': 762560, 'hidden_render': 0}
  root _group3group2_polySurface898 {'meshes': 1, 'eval_tris': 760320, 'hidden_render': 0}
  root master parent.002 {'meshes': 6, 'eval_tris': 149517, 'hidden_render': 0}
  root leather black with black {'meshes': 3, 'eval_tris': 88632, 'hidden_render': 0}
  root leather black with rose gold {'meshes': 3, 'eval_tris': 88632, 'hidden_render': 0}
  root leather white with silver {'meshes': 3, 'eval_tris': 88632, 'hidden_render': 0}
  root leather black with silver {'meshes': 3, 'eval_tris': 88632, 'hidden_render': 0}
  root leather black with gold {'meshes': 3, 'eval_tris': 88632, 'hidden_render': 0}
  root leather beige with rose gold {'meshes': 3, 'eval_tris': 88632, 'hidden_render': 0}
  root leather pink with rose gold {'meshes': 3, 'eval_tris': 88632, 'hidden_render': 0}
  root _Group006 {'meshes': 1, 'eval_tris': 75875, 'hidden_render': 0}
  root polySurface008 {'meshes': 1, 'eval_tris': 43136, 'hidden_render': 0}
  root _group3group2_polySurface900 {'meshes': 1, 'eval_tris': 37600, 'hidden_render': 0}
heaviest objects (evaluated tris):
    1523596 _pCylinder006.014                        root=1. mesh band parent_silver.001 mods=[]
    1523596 _pCylinder006.012                        root=1. black mesh band parent.003 mods=[]
    1523596 _pCylinder006.009                        root=1. mesh band parent.rose gold.001 mods=[]
    1523596 _pCylinder006.008                        root=1. black mesh band parent.002 mods=[]
    1523596 _pCylinder006.007                        root=1. black mesh band parent.001 mods=[]
    1523596 _pCylinder006.006                        root=1. black mesh band parent.004 mods=[]
    1523596 _pCylinder006.003                        root=1. mesh band parent.rose gold.002 mods=[]
    1523596 _pCylinder006.002                        root=1. mesh band parent_silver mods=[]
    1523596 _pCylinder006.001                        root=1. mesh band parent.rose gold mods=[]
     762560 _pCylinder006.013                        root=1. mesh band parent_gold.001 mods=[]
     762560 _pCylinder006.005                        root=gold mods=[]
     762560 _pCylinder006.004                        root=1. mesh band parent_gold mods=[]
     762560 _pCylinder006                            root=_pCylinder006 mods=[]
     760320 _group3group2_polySurface898.002         root=1. mesh band parent_gold.001 mods=[]
     760320 _group3group2_polySurface898.001         root=1. mesh band parent_gold mods=[]
     760320 _group3group2_polySurface898             root=_group3group2_polySurface898 mods=[]
     130963 watch base.003                           root=master parent.002 mods=['NODES']
      78976 _group3group2_polySurface902.013         root=1. mesh band parent_silver.001 mods=[]
      78976 _group3group2_polySurface902.012         root=1. mesh band parent_gold.001 mods=[]
      78976 _group3group2_polySurface902.011         root=1. black mesh band parent.003 mods=[]
      78976 _group3group2_polySurface902.008         root=1. mesh band parent.rose gold.001 mods=[]
      78976 _group3group2_polySurface902.007         root=1. black mesh band parent.002 mods=[]
      78976 _group3group2_polySurface902.006         root=1. black mesh band parent.001 mods=[]
      78976 _group3group2_polySurface902.005         root=1. black mesh band parent.004 mods=[]
      78976 _group3group2_polySurface902.004         root=1. mesh band parent_gold mods=[]
## IMAGES 287
  GroundGravel008_AO_6K                                        6144x6144 fmt=JPEG depth=24 packed=True bytes=3232244 cs=Non-Color users=1
  GroundGravel008_COL_VAR1_6K                                  6144x6144 fmt=JPEG depth=24 packed=True bytes=12427579 cs=sRGB users=1
  GroundGravel008_DISP_6K                                      6144x6144 fmt=JPEG depth=8 packed=True bytes=3071913 cs=Non-Color users=1
  GroundGravel008_GLOSS_6K                                     6144x6144 fmt=JPEG depth=8 packed=True bytes=4042806 cs=Non-Color users=1
  GroundGravel008_NRM_6K                                       6144x6144 fmt=JPEG depth=24 packed=True bytes=12601521 cs=Non-Color users=1
  caustics_1.tif                                               4096x4096 fmt=TIFF depth=128 packed=True bytes=106493128 cs=sRGB users=1
  caustics_2.png                                               4096x4096 fmt=PNG depth=128 packed=True bytes=59060559 cs=Linear Rec.709 users=1
  FabricLeatherHorsehide001_AO_4K.001                          4096x4096 fmt=JPEG depth=8 packed=True bytes=6905959 cs=Non-Color users=1
  FabricLeatherHorsehide001_AO_4K.002                          4096x4096 fmt=JPEG depth=8 packed=True bytes=6905959 cs=Non-Color users=1
  FabricLeatherHorsehide001_AO_4K.003                          4096x4096 fmt=JPEG depth=8 packed=True bytes=6905959 cs=Non-Color users=1
  FabricLeatherHorsehide001_AO_4K.004                          4096x4096 fmt=JPEG depth=8 packed=True bytes=6905959 cs=Non-Color users=1
  FabricLeatherHorsehide001_BUMP16_4K.001                      4096x4096 fmt=TIFF depth=32 packed=True bytes=33555595 cs=Non-Color users=1
  FabricLeatherHorsehide001_BUMP16_4K.002                      4096x4096 fmt=TIFF depth=32 packed=True bytes=33555595 cs=Non-Color users=1
  FabricLeatherHorsehide001_BUMP16_4K.003                      4096x4096 fmt=TIFF depth=32 packed=True bytes=33555595 cs=Non-Color users=1
  FabricLeatherHorsehide001_BUMP16_4K.004                      4096x4096 fmt=TIFF depth=32 packed=True bytes=33555595 cs=Non-Color users=1
  FabricLeatherHorsehide001_COL_VAR1_4K.001                    4096x4096 fmt=JPEG depth=24 packed=True bytes=3415629 cs=sRGB users=1
  FabricLeatherHorsehide001_COL_VAR1_4K.002                    4096x4096 fmt=JPEG depth=24 packed=True bytes=3415629 cs=sRGB users=1
  FabricLeatherHorsehide001_COL_VAR1_4K.003                    4096x4096 fmt=JPEG depth=24 packed=True bytes=3415629 cs=sRGB users=1
  FabricLeatherHorsehide001_COL_VAR1_4K.004                    4096x4096 fmt=JPEG depth=24 packed=True bytes=3415629 cs=sRGB users=1
  FabricLeatherHorsehide001_DISP16_4K.001                      4096x4096 fmt=TIFF depth=32 packed=True bytes=33555595 cs=Non-Color users=1
  FabricLeatherHorsehide001_DISP16_4K.002                      4096x4096 fmt=TIFF depth=32 packed=True bytes=33555595 cs=Non-Color users=1
  FabricLeatherHorsehide001_DISP16_4K.003                      4096x4096 fmt=TIFF depth=32 packed=True bytes=33555595 cs=Non-Color users=1
  FabricLeatherHorsehide001_DISP16_4K.004                      4096x4096 fmt=TIFF depth=32 packed=True bytes=33555595 cs=Non-Color users=1
  FabricLeatherHorsehide001_GLOSS_4K.001                       4096x4096 fmt=JPEG depth=8 packed=True bytes=6946780 cs=Non-Color users=1
  FabricLeatherHorsehide001_GLOSS_4K.002                       4096x4096 fmt=JPEG depth=8 packed=True bytes=6946780 cs=Non-Color users=1
  FabricLeatherHorsehide001_GLOSS_4K.003                       4096x4096 fmt=JPEG depth=8 packed=True bytes=6946780 cs=Non-Color users=1
  FabricLeatherHorsehide001_GLOSS_4K.004                       4096x4096 fmt=JPEG depth=8 packed=True bytes=6946780 cs=Non-Color users=1
  FabricLeatherHorsehide001_NRM_4K.001                         4096x4096 fmt=JPEG depth=24 packed=True bytes=24950557 cs=Non-Color users=9
  FabricLeatherHorsehide001_NRM_4K.002                         4096x4096 fmt=JPEG depth=24 packed=True bytes=24950557 cs=Non-Color users=9
  FabricLeatherHorsehide001_NRM_4K.003                         4096x4096 fmt=JPEG depth=24 packed=True bytes=24950557 cs=Non-Color users=4
  FabricLeatherHorsehide001_NRM_4K.004                         4096x4096 fmt=JPEG depth=24 packed=True bytes=24950557 cs=Non-Color users=2
  MetalStainlessSteelBrushed002_COL_4K_METALNESS               4096x4096 fmt=JPEG depth=24 packed=True bytes=5693362 cs=sRGB users=1
  MetalStainlessSteelBrushed002_COL_4K_METALNESS.001           4096x4096 fmt=JPEG depth=24 packed=True bytes=5693362 cs=sRGB users=1
  MetalStainlessSteelBrushed002_COL_4K_METALNESS.002           4096x4096 fmt=JPEG depth=24 packed=True bytes=5693362 cs=sRGB users=1
  MetalStainlessSteelBrushed002_COL_4K_METALNESS.003           4096x4096 fmt=JPEG depth=24 packed=True bytes=5693362 cs=sRGB users=1
  MetalStainlessSteelBrushed002_COL_4K_METALNESS.004           4096x4096 fmt=JPEG depth=24 packed=True bytes=5693362 cs=sRGB users=1
  MetalStainlessSteelBrushed002_COL_4K_METALNESS.005           4096x4096 fmt=JPEG depth=24 packed=True bytes=5693362 cs=sRGB users=1
  MetalStainlessSteelBrushed002_COL_4K_METALNESS.006           4096x4096 fmt=JPEG depth=24 packed=True bytes=5693362 cs=sRGB users=1
  MetalStainlessSteelBrushed002_COL_4K_METALNESS.007           4096x4096 fmt=JPEG depth=24 packed=True bytes=5693362 cs=sRGB users=1
  MetalStainlessSteelBrushed002_COL_4K_METALNESS.008           4096x4096 fmt=JPEG depth=24 packed=True bytes=5693362 cs=sRGB users=1
  MetalStainlessSteelBrushed002_COL_4K_METALNESS.009           4096x4096 fmt=JPEG depth=24 packed=True bytes=5693362 cs=sRGB users=1
  MetalStainlessSteelBrushed002_COL_4K_METALNESS.010           4096x4096 fmt=JPEG depth=24 packed=True bytes=5693362 cs=sRGB users=1
  MetalStainlessSteelBrushed002_COL_4K_METALNESS.011           4096x4096 fmt=JPEG depth=24 packed=True bytes=5693362 cs=sRGB users=1
  MetalStainlessSteelBrushed002_COL_4K_METALNESS.012           4096x4096 fmt=JPEG depth=24 packed=True bytes=5693362 cs=sRGB users=1
  MetalStainlessSteelBrushed002_COL_4K_METALNESS.013           4096x4096 fmt=JPEG depth=24 packed=True bytes=5693362 cs=sRGB users=1
  MetalStainlessSteelBrushed002_COL_4K_METALNESS.014           4096x4096 fmt=JPEG depth=24 packed=True bytes=5693362 cs=sRGB users=1
  MetalStainlessSteelBrushed002_COL_4K_METALNESS.015           4096x4096 fmt=JPEG depth=24 packed=True bytes=5693362 cs=sRGB users=1
  MetalStainlessSteelBrushed002_COL_4K_METALNESS.016           4096x4096 fmt=JPEG depth=24 packed=True bytes=5693362 cs=sRGB users=1
  MetalStainlessSteelBrushed002_COL_4K_METALNESS.017           4096x4096 fmt=JPEG depth=24 packed=True bytes=5693362 cs=sRGB users=1
  MetalStainlessSteelBrushed002_COL_4K_METALNESS.018           4096x4096 fmt=JPEG depth=24 packed=True bytes=5693362 cs=sRGB users=1
  MetalStainlessSteelBrushed002_COL_4K_METALNESS.019           4096x4096 fmt=JPEG depth=24 packed=True bytes=5693362 cs=sRGB users=1
  MetalStainlessSteelBrushed002_COL_4K_METALNESS.020           4096x4096 fmt=JPEG depth=24 packed=True bytes=5693362 cs=sRGB users=1
  MetalStainlessSteelBrushed002_COL_4K_METALNESS.021           4096x4096 fmt=JPEG depth=24 packed=True bytes=5693362 cs=sRGB users=1
  MetalStainlessSteelBrushed002_COL_4K_METALNESS.022           4096x4096 fmt=JPEG depth=24 packed=True bytes=5693362 cs=sRGB users=1
  MetalStainlessSteelBrushed002_METALNESS_4K_METALNESS         4096x4096 fmt=JPEG depth=8 packed=True bytes=406040 cs=Non-Color users=1
  MetalStainlessSteelBrushed002_METALNESS_4K_METALNESS.001     4096x4096 fmt=JPEG depth=8 packed=True bytes=406040 cs=Non-Color users=1
  MetalStainlessSteelBrushed002_METALNESS_4K_METALNESS.002     4096x4096 fmt=JPEG depth=8 packed=True bytes=406040 cs=Non-Color users=1
  MetalStainlessSteelBrushed002_METALNESS_4K_METALNESS.003     4096x4096 fmt=JPEG depth=8 packed=True bytes=406040 cs=Non-Color users=1
  MetalStainlessSteelBrushed002_METALNESS_4K_METALNESS.004     4096x4096 fmt=JPEG depth=8 packed=True bytes=406040 cs=Non-Color users=1
  MetalStainlessSteelBrushed002_METALNESS_4K_METALNESS.005     4096x4096 fmt=JPEG depth=8 packed=True bytes=406040 cs=Non-Color users=1
  MetalStainlessSteelBrushed002_METALNESS_4K_METALNESS.006     4096x4096 fmt=JPEG depth=8 packed=True bytes=406040 cs=Non-Color users=1
  MetalStainlessSteelBrushed002_METALNESS_4K_METALNESS.007     4096x4096 fmt=JPEG depth=8 packed=True bytes=406040 cs=Non-Color users=1
  MetalStainlessSteelBrushed002_METALNESS_4K_METALNESS.008     4096x4096 fmt=JPEG depth=8 packed=True bytes=406040 cs=Non-Color users=1
  MetalStainlessSteelBrushed002_METALNESS_4K_METALNESS.009     4096x4096 fmt=JPEG depth=8 packed=True bytes=406040 cs=Non-Color users=1
  MetalStainlessSteelBrushed002_METALNESS_4K_METALNESS.010     4096x4096 fmt=JPEG depth=8 packed=True bytes=406040 cs=Non-Color users=1
  MetalStainlessSteelBrushed002_METALNESS_4K_METALNESS.011     4096x4096 fmt=JPEG depth=8 packed=True bytes=406040 cs=Non-Color users=1
  MetalStainlessSteelBrushed002_METALNESS_4K_METALNESS.012     4096x4096 fmt=JPEG depth=8 packed=True bytes=406040 cs=Non-Color users=1
  MetalStainlessSteelBrushed002_METALNESS_4K_METALNESS.013     4096x4096 fmt=JPEG depth=8 packed=True bytes=406040 cs=Non-Color users=1
  MetalStainlessSteelBrushed002_METALNESS_4K_METALNESS.014     4096x4096 fmt=JPEG depth=8 packed=True bytes=406040 cs=Non-Color users=1
  MetalStainlessSteelBrushed002_METALNESS_4K_METALNESS.015     4096x4096 fmt=JPEG depth=8 packed=True bytes=406040 cs=Non-Color users=1
  MetalStainlessSteelBrushed002_METALNESS_4K_METALNESS.016     4096x4096 fmt=JPEG depth=8 packed=True bytes=406040 cs=Non-Color users=1
  MetalStainlessSteelBrushed002_METALNESS_4K_METALNESS.017     4096x4096 fmt=JPEG depth=8 packed=True bytes=406040 cs=Non-Color users=1
  MetalStainlessSteelBrushed002_METALNESS_4K_METALNESS.018     4096x4096 fmt=JPEG depth=8 packed=True bytes=406040 cs=Non-Color users=1
  MetalStainlessSteelBrushed002_METALNESS_4K_METALNESS.019     4096x4096 fmt=JPEG depth=8 packed=True bytes=406040 cs=Non-Color users=1
  MetalStainlessSteelBrushed002_METALNESS_4K_METALNESS.020     4096x4096 fmt=JPEG depth=8 packed=True bytes=406040 cs=Non-Color users=1
  MetalStainlessSteelBrushed002_METALNESS_4K_METALNESS.021     4096x4096 fmt=JPEG depth=8 packed=True bytes=406040 cs=Non-Color users=1
  MetalStainlessSteelBrushed002_METALNESS_4K_METALNESS.022     4096x4096 fmt=JPEG depth=8 packed=True bytes=406040 cs=Non-Color users=1
  MetalStainlessSteelBrushed002_ROUGHNESS_4K_METALNESS         4096x4096 fmt=JPEG depth=8 packed=True bytes=1834878 cs=Non-Color users=1
  MetalStainlessSteelBrushed002_ROUGHNESS_4K_METALNESS.001     4096x4096 fmt=JPEG depth=8 packed=True bytes=1834878 cs=Non-Color users=1
  MetalStainlessSteelBrushed002_ROUGHNESS_4K_METALNESS.002     4096x4096 fmt=JPEG depth=8 packed=True bytes=1834878 cs=Non-Color users=1
  MetalStainlessSteelBrushed002_ROUGHNESS_4K_METALNESS.003     4096x4096 fmt=JPEG depth=8 packed=True bytes=1834878 cs=Non-Color users=1
  MetalStainlessSteelBrushed002_ROUGHNESS_4K_METALNESS.004     4096x4096 fmt=JPEG depth=8 packed=True bytes=1834878 cs=Non-Color users=1
  MetalStainlessSteelBrushed002_ROUGHNESS_4K_METALNESS.005     4096x4096 fmt=JPEG depth=8 packed=True bytes=1834878 cs=Non-Color users=1
  MetalStainlessSteelBrushed002_ROUGHNESS_4K_METALNESS.006     4096x4096 fmt=JPEG depth=8 packed=True bytes=1834878 cs=Non-Color users=1
  MetalStainlessSteelBrushed002_ROUGHNESS_4K_METALNESS.007     4096x4096 fmt=JPEG depth=8 packed=True bytes=1834878 cs=Non-Color users=1
  MetalStainlessSteelBrushed002_ROUGHNESS_4K_METALNESS.008     4096x4096 fmt=JPEG depth=8 packed=True bytes=1834878 cs=Non-Color users=1
  MetalStainlessSteelBrushed002_ROUGHNESS_4K_METALNESS.009     4096x4096 fmt=JPEG depth=8 packed=True bytes=1834878 cs=Non-Color users=1
  MetalStainlessSteelBrushed002_ROUGHNESS_4K_METALNESS.010     4096x4096 fmt=JPEG depth=8 packed=True bytes=1834878 cs=Non-Color users=1
  MetalStainlessSteelBrushed002_ROUGHNESS_4K_METALNESS.011     4096x4096 fmt=JPEG depth=8 packed=True bytes=1834878 cs=Non-Color users=1
  MetalStainlessSteelBrushed002_ROUGHNESS_4K_METALNESS.012     4096x4096 fmt=JPEG depth=8 packed=True bytes=1834878 cs=Non-Color users=1
  MetalStainlessSteelBrushed002_ROUGHNESS_4K_METALNESS.013     4096x4096 fmt=JPEG depth=8 packed=True bytes=1834878 cs=Non-Color users=1
  MetalStainlessSteelBrushed002_ROUGHNESS_4K_METALNESS.014     4096x4096 fmt=JPEG depth=8 packed=True bytes=1834878 cs=Non-Color users=1
  MetalStainlessSteelBrushed002_ROUGHNESS_4K_METALNESS.015     4096x4096 fmt=JPEG depth=8 packed=True bytes=1834878 cs=Non-Color users=1
  MetalStainlessSteelBrushed002_ROUGHNESS_4K_METALNESS.016     4096x4096 fmt=JPEG depth=8 packed=True bytes=1834878 cs=Non-Color users=1
  MetalStainlessSteelBrushed002_ROUGHNESS_4K_METALNESS.017     4096x4096 fmt=JPEG depth=8 packed=True bytes=1834878 cs=Non-Color users=1
  MetalStainlessSteelBrushed002_ROUGHNESS_4K_METALNESS.018     4096x4096 fmt=JPEG depth=8 packed=True bytes=1834878 cs=Non-Color users=1
  MetalStainlessSteelBrushed002_ROUGHNESS_4K_METALNESS.019     4096x4096 fmt=JPEG depth=8 packed=True bytes=1834878 cs=Non-Color users=1
  MetalStainlessSteelBrushed002_ROUGHNESS_4K_METALNESS.020     4096x4096 fmt=JPEG depth=8 packed=True bytes=1834878 cs=Non-Color users=1
  MetalStainlessSteelBrushed002_ROUGHNESS_4K_METALNESS.021     4096x4096 fmt=JPEG depth=8 packed=True bytes=1834878 cs=Non-Color users=1
  MetalStainlessSteelBrushed002_ROUGHNESS_4K_METALNESS.022     4096x4096 fmt=JPEG depth=8 packed=True bytes=1834878 cs=Non-Color users=1
  TilesSquarePoolMixed001_COL_4K.jpg                           4096x4096 fmt=JPEG depth=24 packed=True bytes=3660971 cs=sRGB users=2
  TilesSquarePoolMixed001_GLOSS_4K.jpg                         4096x4096 fmt=JPEG depth=8 packed=True bytes=3769655 cs=Non-Color users=2
  TilesSquarePoolMixed001_NRM16_4K.tif                         4096x4096 fmt=TIFF depth=96 packed=True bytes=65866592 cs=Non-Color users=2
  Concrete01_COL_VAR1_3K.jpg.001                               3072x3072 fmt=JPEG depth=24 packed=True bytes=4286740 cs=sRGB users=1
  Concrete01_GLOSS_3K.jpg.001                                  3072x3072 fmt=JPEG depth=24 packed=True bytes=1902343 cs=Non-Color users=1
  Concrete01_NRM_3K.jpg.001                                    3072x3072 fmt=JPEG depth=24 packed=True bytes=7346838 cs=Non-Color users=1
  Concrete07_COL_VAR1_3K.jpg.001                               3072x3072 fmt=JPEG depth=24 packed=True bytes=4003055 cs=sRGB users=1
  Concrete07_GLOSS_3K.jpg.001                                  3072x3072 fmt=JPEG depth=24 packed=True bytes=3038463 cs=Non-Color users=1
  Concrete07_NRM_3K.jpg.001                                    3072x3072 fmt=JPEG depth=24 packed=True bytes=6818230 cs=Non-Color users=1
  Flying Embers 1.jpg.001                                      3072x3072 fmt=JPEG depth=24 packed=True bytes=1238735 cs=sRGB users=1
  GroundGrassGreenPatchy006_COL_3K.jpg.001                     3072x3072 fmt=JPEG depth=24 packed=True bytes=17360094 cs=sRGB users=1
  GroundGrassGreenPatchy006_GLOSS_3K.jpg.001                   3072x3072 fmt=JPEG depth=8 packed=True bytes=6967789 cs=Non-Color users=1
  GroundGrassGreenPatchy006_NRM_3K.jpg.001                     3072x3072 fmt=JPEG depth=24 packed=True bytes=21133141 cs=Non-Color users=1
  GroundMulch001_COL_3K.jpg                                    3072x3072 fmt=JPEG depth=24 packed=True bytes=11377434 cs=sRGB users=1
  GroundMulch001_GLOSS_3K.jpg                                  3072x3072 fmt=JPEG depth=8 packed=True bytes=4282685 cs=Non-Color users=1
  GroundMulch001_NRM_3K.jpg                                    3072x3072 fmt=JPEG depth=24 packed=True bytes=18323421 cs=Non-Color users=1
  heritage mask NORMAL.png                                     3000x3000 fmt=PNG depth=32 packed=True bytes=784046 cs=Non-Color users=1
  heritage mask NORMAL.png.001                                 3000x3000 fmt=PNG depth=32 packed=True bytes=784046 cs=Non-Color users=1
  heritage mask.png                                            3000x3000 fmt=PNG depth=32 packed=True bytes=168205 cs=Non-Color users=1
  heritage mask.png.001                                        3000x3000 fmt=PNG depth=32 packed=True bytes=168205 cs=Non-Color users=1
  Abstract 01.jpg.001                                          3072x1536 fmt=JPEG depth=24 packed=True bytes=920413 cs=sRGB users=1
  ConcretePolished001_AO_2K                                    2048x2048 fmt=JPEG depth=8 packed=True bytes=393653 cs=Non-Color users=1
  ConcretePolished001_COL_2K                                   2048x2048 fmt=JPEG depth=24 packed=True bytes=682149 cs=sRGB users=1
  ConcretePolished001_GLOSS_2K                                 2048x2048 fmt=JPEG depth=8 packed=True bytes=589006 cs=Non-Color users=1
  ConcretePolished001_NRM_2K                                   2048x2048 fmt=JPEG depth=24 packed=True bytes=649409 cs=Non-Color users=1
  MetalStainlessSteelBrushed002_COL_2K_METALNESS               2048x2048 fmt=JPEG depth=24 packed=True bytes=1654074 cs=sRGB users=1
  MetalStainlessSteelBrushed002_COL_2K_METALNESS.001           2048x2048 fmt=JPEG depth=24 packed=True bytes=1654074 cs=sRGB users=1
  MetalStainlessSteelBrushed002_METALNESS_2K_METALNESS         2048x2048 fmt=JPEG depth=8 packed=True bytes=109864 cs=Non-Color users=1
  MetalStainlessSteelBrushed002_METALNESS_2K_METALNESS.001     2048x2048 fmt=JPEG depth=8 packed=True bytes=109864 cs=Non-Color users=1
  MetalStainlessSteelBrushed002_NRM16_2K_METALNESS             2048x2048 fmt=TIFF depth=96 packed=True bytes=4565212 cs=Non-Color users=1
  MetalStainlessSteelBrushed002_NRM16_2K_METALNESS.001         2048x2048 fmt=TIFF depth=96 packed=True bytes=4565212 cs=Non-Color users=1
  MetalStainlessSteelBrushed002_NRM_2K_METALNESS.jpg           2048x2048 fmt=JPEG depth=24 packed=True bytes=740062 cs=Non-Color users=1
  MetalStainlessSteelBrushed002_NRM_2K_METALNESS.jpg.001       2048x2048 fmt=JPEG depth=24 packed=True bytes=740062 cs=Non-Color users=1
  MetalStainlessSteelBrushed002_NRM_2K_METALNESS.jpg.002       2048x2048 fmt=JPEG depth=24 packed=True bytes=740062 cs=Non-Color users=1
  MetalStainlessSteelBrushed002_NRM_2K_METALNESS.jpg.003       2048x2048 fmt=JPEG depth=24 packed=True bytes=740062 cs=Non-Color users=1
  MetalStainlessSteelBrushed002_NRM_2K_METALNESS.jpg.004       2048x2048 fmt=JPEG depth=24 packed=True bytes=740062 cs=Non-Color users=1
  MetalStainlessSteelBrushed002_NRM_2K_METALNESS.jpg.005       2048x2048 fmt=JPEG depth=24 packed=True bytes=740062 cs=Non-Color users=1
  MetalStainlessSteelBrushed002_NRM_2K_METALNESS.jpg.006       2048x2048 fmt=JPEG depth=24 packed=True bytes=740062 cs=Non-Color users=1
  MetalStainlessSteelBrushed002_NRM_2K_METALNESS.jpg.007       2048x2048 fmt=JPEG depth=24 packed=True bytes=740062 cs=Non-Color users=1
  MetalStainlessSteelBrushed002_NRM_2K_METALNESS.jpg.009       2048x2048 fmt=JPEG depth=24 packed=True bytes=740062 cs=Non-Color users=1
  MetalStainlessSteelBrushed002_NRM_2K_METALNESS.jpg.010       2048x2048 fmt=JPEG depth=24 packed=True bytes=740062 cs=Non-Color users=1
  MetalStainlessSteelBrushed002_NRM_2K_METALNESS.jpg.011       2048x2048 fmt=JPEG depth=24 packed=True bytes=740062 cs=Non-Color users=1
  MetalStainlessSteelBrushed002_NRM_2K_METALNESS.jpg.012       2048x2048 fmt=JPEG depth=24 packed=True bytes=740062 cs=Non-Color users=1
  MetalStainlessSteelBrushed002_NRM_2K_METALNESS.jpg.013       2048x2048 fmt=JPEG depth=24 packed=True bytes=740062 cs=Non-Color users=1
  MetalStainlessSteelBrushed002_NRM_2K_METALNESS.jpg.014       2048x2048 fmt=JPEG depth=24 packed=True bytes=740062 cs=Non-Color users=1
  MetalStainlessSteelBrushed002_NRM_2K_METALNESS.jpg.015       2048x2048 fmt=JPEG depth=24 packed=True bytes=740062 cs=Non-Color users=1
  MetalStainlessSteelBrushed002_NRM_2K_METALNESS.jpg.016       2048x2048 fmt=JPEG depth=24 packed=True bytes=740062 cs=Non-Color users=1
  MetalStainlessSteelBrushed002_NRM_2K_METALNESS.jpg.017       2048x2048 fmt=JPEG depth=24 packed=True bytes=740062 cs=Non-Color users=1
  MetalStainlessSteelBrushed002_NRM_2K_METALNESS.jpg.018       2048x2048 fmt=JPEG depth=24 packed=True bytes=740062 cs=Non-Color users=1
  MetalStainlessSteelBrushed002_NRM_2K_METALNESS.jpg.019       2048x2048 fmt=JPEG depth=24 packed=True bytes=740062 cs=Non-Color users=1
  MetalStainlessSteelBrushed002_NRM_2K_METALNESS.jpg.020       2048x2048 fmt=JPEG depth=24 packed=True bytes=740062 cs=Non-Color users=1
  MetalStainlessSteelBrushed002_NRM_2K_METALNESS.jpg.021       2048x2048 fmt=JPEG depth=24 packed=True bytes=740062 cs=Non-Color users=1
  MetalStainlessSteelBrushed002_NRM_2K_METALNESS.jpg.022       2048x2048 fmt=JPEG depth=24 packed=True bytes=740062 cs=Non-Color users=1
  MetalStainlessSteelBrushed002_ROUGHNESS_2K_METALNESS         2048x2048 fmt=JPEG depth=8 packed=True bytes=592703 cs=Non-Color users=1
  MetalStainlessSteelBrushed002_ROUGHNESS_2K_METALNESS.001     2048x2048 fmt=JPEG depth=8 packed=True bytes=592703 cs=Non-Color users=1
  MetalStainlessSteelRadial002_COL_2K_METALNESS                2048x2048 fmt=JPEG depth=24 packed=True bytes=1811494 cs=sRGB users=1
  MetalStainlessSteelRadial002_COL_2K_METALNESS.001            2048x2048 fmt=JPEG depth=24 packed=True bytes=1811494 cs=sRGB users=1
  MetalStainlessSteelRadial002_METALNESS_2K_METALNESS          2048x2048 fmt=JPEG depth=8 packed=True bytes=108960 cs=Non-Color users=1
  MetalStainlessSteelRadial002_METALNESS_2K_METALNESS.001      2048x2048 fmt=JPEG depth=8 packed=True bytes=108960 cs=Non-Color users=1
  MetalStainlessSteelRadial002_NRM16_2K_METALNESS              2048x2048 fmt=TIFF depth=96 packed=True bytes=14746952 cs=Non-Color users=2
  MetalStainlessSteelRadial002_NRM16_2K_METALNESS.001          2048x2048 fmt=TIFF depth=96 packed=True bytes=14746952 cs=Non-Color users=2
  MetalStainlessSteelRadial002_ROUGHNESS_2K_METALNESS          2048x2048 fmt=JPEG depth=8 packed=True bytes=1960361 cs=Non-Color users=1
  MetalStainlessSteelRadial002_ROUGHNESS_2K_METALNESS.001      2048x2048 fmt=JPEG depth=8 packed=True bytes=1960361 cs=Non-Color users=1
  second hand normal.png                                       2048x2048 fmt=PNG depth=32 packed=True bytes=186279 cs=Non-Color users=2
  second hand normal.png.001                                   2048x2048 fmt=PNG depth=32 packed=True bytes=186279 cs=Non-Color users=2
  Second Hand.png                                              2048x2048 fmt=PNG depth=24 packed=True bytes=67959 cs=Non-Color users=2
  Second Hand.png.001                                          2048x2048 fmt=PNG depth=24 packed=True bytes=67959 cs=Non-Color users=2
  hartley.png                                                  2000x2000 fmt=PNG depth=24 packed=True bytes=29797 cs=Non-Color users=8
  hartley.png.001                                              2000x2000 fmt=PNG depth=24 packed=True bytes=29797 cs=Non-Color users=8
  hartley.png.002                                              2000x2000 fmt=PNG depth=24 packed=True bytes=29797 cs=Non-Color users=1
  hartley.png.003                                              2000x2000 fmt=PNG depth=24 packed=True bytes=29797 cs=Non-Color users=1
  hartley.png.004                                              2000x2000 fmt=PNG depth=24 packed=True bytes=29797 cs=Non-Color users=1
  hartley.png.005                                              2000x2000 fmt=PNG depth=24 packed=True bytes=29797 cs=Non-Color users=5
  hartley.png.006                                              2000x2000 fmt=PNG depth=24 packed=True bytes=29797 cs=Non-Color users=1
  hartley.png.007                                              2000x2000 fmt=PNG depth=24 packed=True bytes=29797 cs=Non-Color users=1
  hartley_normal.png                                           2000x2000 fmt=PNG depth=32 packed=True bytes=139324 cs=Non-Color users=8
  hartley_normal.png.001                                       2000x2000 fmt=PNG depth=32 packed=True bytes=139324 cs=Non-Color users=8
  hartley_normal.png.002                                       2000x2000 fmt=PNG depth=32 packed=True bytes=139324 cs=Non-Color users=1
  hartley_normal.png.003                                       2000x2000 fmt=PNG depth=32 packed=True bytes=139324 cs=Non-Color users=1
  hartley_normal.png.004                                       2000x2000 fmt=PNG depth=32 packed=True bytes=139324 cs=Non-Color users=1
  hartley_normal.png.005                                       2000x2000 fmt=PNG depth=32 packed=True bytes=139324 cs=Non-Color users=5
  hartley_normal.png.006                                       2000x2000 fmt=PNG depth=32 packed=True bytes=139324 cs=Non-Color users=1
  hartley_normal.png.007                                       2000x2000 fmt=PNG depth=32 packed=True bytes=139324 cs=Non-Color users=1
  italian leather normal.png.001                               2000x2000 fmt=PNG depth=32 packed=True bytes=176474 cs=Non-Color users=1
  italian leather normal.png.002                               2000x2000 fmt=PNG depth=32 packed=True bytes=176474 cs=Non-Color users=1
  italian leather normal.png.003                               2000x2000 fmt=PNG depth=32 packed=True bytes=176474 cs=Non-Color users=1
  italian leather normal.png.004                               2000x2000 fmt=PNG depth=32 packed=True bytes=176474 cs=Non-Color users=1
  ITALIAN LEATHER.png.001                                      2000x2000 fmt=PNG depth=24 packed=True bytes=37725 cs=sRGB users=1
  ITALIAN LEATHER.png.002                                      2000x2000 fmt=PNG depth=24 packed=True bytes=37725 cs=sRGB users=1
  ITALIAN LEATHER.png.003                                      2000x2000 fmt=PNG depth=24 packed=True bytes=37725 cs=sRGB users=1
  ITALIAN LEATHER.png.004                                      2000x2000 fmt=PNG depth=24 packed=True bytes=37725 cs=sRGB users=1
  leatherstrap_detail.jpg.001                                  2000x2000 fmt=JPEG depth=24 packed=True bytes=89789 cs=sRGB users=6
  leatherstrap_detail.jpg.002                                  2000x2000 fmt=JPEG depth=24 packed=True bytes=89789 cs=sRGB users=1
  leatherstrap_detail.jpg.003                                  2000x2000 fmt=JPEG depth=24 packed=True bytes=89789 cs=sRGB users=4
  leatherstrap_detail.jpg.004                                  2000x2000 fmt=JPEG depth=24 packed=True bytes=89789 cs=sRGB users=1
  leatherstrap_detail.jpg.005                                  2000x2000 fmt=JPEG depth=24 packed=True bytes=89789 cs=sRGB users=2
  leatherstrap_detail.jpg.006                                  2000x2000 fmt=JPEG depth=24 packed=True bytes=89789 cs=sRGB users=2
  leatherstrap_detail.jpg.007                                  2000x2000 fmt=JPEG depth=24 packed=True bytes=89789 cs=sRGB users=4
  leatherstrap_detail.jpg.008                                  2000x2000 fmt=JPEG depth=24 packed=True bytes=89789 cs=sRGB users=2
  leatherstrap_detail.jpg.009                                  2000x2000 fmt=JPEG depth=24 packed=True bytes=89789 cs=sRGB users=1
  leatherstrap_detail.jpg.010                                  2000x2000 fmt=JPEG depth=24 packed=True bytes=89789 cs=sRGB users=1
  leatherstrap_detail.jpg.011                                  2000x2000 fmt=JPEG depth=24 packed=True bytes=89789 cs=sRGB users=2
  leatherstrap_detail.jpg.012                                  2000x2000 fmt=JPEG depth=24 packed=True bytes=89789 cs=sRGB users=6
  leatherstrap_detail.jpg.013                                  2000x2000 fmt=JPEG depth=24 packed=True bytes=89789 cs=sRGB users=1
  leatherstrap_detail.jpg.014                                  2000x2000 fmt=JPEG depth=24 packed=True bytes=89789 cs=sRGB users=4
  leatherstrap_detail.jpg.015                                  2000x2000 fmt=JPEG depth=24 packed=True bytes=89789 cs=sRGB users=2
  leatherstrap_detail.jpg.016                                  2000x2000 fmt=JPEG depth=24 packed=True bytes=89789 cs=sRGB users=1
  leatherstrap_detail.jpg.017                                  2000x2000 fmt=JPEG depth=24 packed=True bytes=89789 cs=sRGB users=5
  leatherstrap_detail.jpg.018                                  2000x2000 fmt=JPEG depth=24 packed=True bytes=89789 cs=sRGB users=1
  leatherstrap_detail.png.001                                  2000x2000 fmt=PNG depth=32 packed=True bytes=204632 cs=Non-Color users=6
  leatherstrap_detail.png.002                                  2000x2000 fmt=PNG depth=32 packed=True bytes=204632 cs=Non-Color users=1
  leatherstrap_detail.png.003                                  2000x2000 fmt=PNG depth=32 packed=True bytes=204632 cs=Non-Color users=4
  leatherstrap_detail.png.004                                  2000x2000 fmt=PNG depth=32 packed=True bytes=204632 cs=Non-Color users=1
  leatherstrap_detail.png.005                                  2000x2000 fmt=PNG depth=32 packed=True bytes=204632 cs=Non-Color users=2
  leatherstrap_detail.png.006                                  2000x2000 fmt=PNG depth=32 packed=True bytes=204632 cs=Non-Color users=2
  leatherstrap_detail.png.007                                  2000x2000 fmt=PNG depth=32 packed=True bytes=204632 cs=Non-Color users=4
  leatherstrap_detail.png.008                                  2000x2000 fmt=PNG depth=32 packed=True bytes=204632 cs=Non-Color users=2
  leatherstrap_detail.png.009                                  2000x2000 fmt=PNG depth=32 packed=True bytes=204632 cs=Non-Color users=1
  leatherstrap_detail.png.010                                  2000x2000 fmt=PNG depth=32 packed=True bytes=204632 cs=Non-Color users=1
  leatherstrap_detail.png.011                                  2000x2000 fmt=PNG depth=32 packed=True bytes=204632 cs=Non-Color users=2
  leatherstrap_detail.png.012                                  2000x2000 fmt=PNG depth=32 packed=True bytes=204632 cs=Non-Color users=6
  leatherstrap_detail.png.013                                  2000x2000 fmt=PNG depth=32 packed=True bytes=204632 cs=Non-Color users=1
  leatherstrap_detail.png.014                                  2000x2000 fmt=PNG depth=32 packed=True bytes=204632 cs=Non-Color users=4
  leatherstrap_detail.png.015                                  2000x2000 fmt=PNG depth=32 packed=True bytes=204632 cs=Non-Color users=2
  leatherstrap_detail.png.016                                  2000x2000 fmt=PNG depth=32 packed=True bytes=204632 cs=Non-Color users=1
  leatherstrap_detail.png.017                                  2000x2000 fmt=PNG depth=32 packed=True bytes=204632 cs=Non-Color users=5
  leatherstrap_detail.png.018                                  2000x2000 fmt=PNG depth=32 packed=True bytes=204632 cs=Non-Color users=1
  0N5A0314 (Large).JPG                                         1620x1080 fmt=JPEG depth=24 packed=True bytes=284956 cs=sRGB users=1
  0N5A0324 (Large).JPG                                         1620x1080 fmt=JPEG depth=24 packed=True bytes=352001 cs=sRGB users=1
  FabricRope001_AO_1K                                          1024x1024 fmt=JPEG depth=8 packed=True bytes=195994 cs=Non-Color users=1
  FabricRope001_AO_1K.001                                      1024x1024 fmt=JPEG depth=8 packed=True bytes=195994 cs=Non-Color users=1
  FabricRope001_AO_1K.002                                      1024x1024 fmt=JPEG depth=8 packed=True bytes=195994 cs=Non-Color users=1
  FabricRope001_AO_1K.003                                      1024x1024 fmt=JPEG depth=8 packed=True bytes=195994 cs=Non-Color users=1
  FabricRope001_AO_1K.004                                      1024x1024 fmt=JPEG depth=8 packed=True bytes=195994 cs=Non-Color users=1
  FabricRope001_AO_1K.005                                      1024x1024 fmt=JPEG depth=8 packed=True bytes=195994 cs=Non-Color users=1
  FabricRope001_AO_1K.006                                      1024x1024 fmt=JPEG depth=8 packed=True bytes=195994 cs=Non-Color users=1
  FabricRope001_AO_1K.007                                      1024x1024 fmt=JPEG depth=8 packed=True bytes=195994 cs=Non-Color users=1
  FabricRope001_COL_1K                                         1024x1024 fmt=JPEG depth=24 packed=True bytes=473079 cs=sRGB users=1
  FabricRope001_COL_1K.001                                     1024x1024 fmt=JPEG depth=24 packed=True bytes=473079 cs=sRGB users=1
  FabricRope001_COL_1K.002                                     1024x1024 fmt=JPEG depth=24 packed=True bytes=473079 cs=sRGB users=1
  FabricRope001_COL_1K.003                                     1024x1024 fmt=JPEG depth=24 packed=True bytes=473079 cs=sRGB users=1
  FabricRope001_COL_1K.004                                     1024x1024 fmt=JPEG depth=24 packed=True bytes=473079 cs=sRGB users=1
  FabricRope001_COL_1K.005                                     1024x1024 fmt=JPEG depth=24 packed=True bytes=473079 cs=sRGB users=1
  FabricRope001_COL_1K.006                                     1024x1024 fmt=JPEG depth=24 packed=True bytes=473079 cs=sRGB users=1
  FabricRope001_COL_1K.007                                     1024x1024 fmt=JPEG depth=24 packed=True bytes=473079 cs=sRGB users=1
  FabricRope001_DISP16_1K                                      1024x1024 fmt=TIFF depth=32 packed=True bytes=2087420 cs=Non-Color users=1
  FabricRope001_DISP16_1K.001                                  1024x1024 fmt=TIFF depth=32 packed=True bytes=2087420 cs=Non-Color users=1
  FabricRope001_DISP16_1K.002                                  1024x1024 fmt=TIFF depth=32 packed=True bytes=2087420 cs=Non-Color users=1
  FabricRope001_DISP16_1K.003                                  1024x1024 fmt=TIFF depth=32 packed=True bytes=2087420 cs=Non-Color users=1
  FabricRope001_DISP16_1K.004                                  1024x1024 fmt=TIFF depth=32 packed=True bytes=2087420 cs=Non-Color users=1
  FabricRope001_DISP16_1K.005                                  1024x1024 fmt=TIFF depth=32 packed=True bytes=2087420 cs=Non-Color users=1
  FabricRope001_DISP16_1K.006                                  1024x1024 fmt=TIFF depth=32 packed=True bytes=2087420 cs=Non-Color users=1
  FabricRope001_DISP16_1K.007                                  1024x1024 fmt=TIFF depth=32 packed=True bytes=2087420 cs=Non-Color users=1
  FabricRope001_GLOSS_1K                                       1024x1024 fmt=JPEG depth=8 packed=True bytes=265733 cs=Non-Color users=1
  FabricRope001_GLOSS_1K.001                                   1024x1024 fmt=JPEG depth=8 packed=True bytes=265733 cs=Non-Color users=1
  FabricRope001_GLOSS_1K.002                                   1024x1024 fmt=JPEG depth=8 packed=True bytes=265733 cs=Non-Color users=1
  FabricRope001_GLOSS_1K.003                                   1024x1024 fmt=JPEG depth=8 packed=True bytes=265733 cs=Non-Color users=1
  FabricRope001_GLOSS_1K.004                                   1024x1024 fmt=JPEG depth=8 packed=True bytes=265733 cs=Non-Color users=1
  FabricRope001_GLOSS_1K.005                                   1024x1024 fmt=JPEG depth=8 packed=True bytes=265733 cs=Non-Color users=1
  FabricRope001_GLOSS_1K.006                                   1024x1024 fmt=JPEG depth=8 packed=True bytes=265733 cs=Non-Color users=1
  FabricRope001_GLOSS_1K.007                                   1024x1024 fmt=JPEG depth=8 packed=True bytes=265733 cs=Non-Color users=1
  FabricRope001_NRM_1K                                         1024x1024 fmt=JPEG depth=24 packed=True bytes=919351 cs=Non-Color users=1
  FabricRope001_NRM_1K.001                                     1024x1024 fmt=JPEG depth=24 packed=True bytes=919351 cs=Non-Color users=1
  FabricRope001_NRM_1K.002                                     1024x1024 fmt=JPEG depth=24 packed=True bytes=919351 cs=Non-Color users=1
  FabricRope001_NRM_1K.003                                     1024x1024 fmt=JPEG depth=24 packed=True bytes=919351 cs=Non-Color users=1
  FabricRope001_NRM_1K.004                                     1024x1024 fmt=JPEG depth=24 packed=True bytes=919351 cs=Non-Color users=1
  FabricRope001_NRM_1K.005                                     1024x1024 fmt=JPEG depth=24 packed=True bytes=919351 cs=Non-Color users=1
  FabricRope001_NRM_1K.006                                     1024x1024 fmt=JPEG depth=24 packed=True bytes=919351 cs=Non-Color users=1
  FabricRope001_NRM_1K.007                                     1024x1024 fmt=JPEG depth=24 packed=True bytes=919351 cs=Non-Color users=1
  MetalCladdingContinuousWavy004_BUMP16_1K                     1024x1024 fmt=TIFF depth=32 packed=True bytes=2098331 cs=Non-Color users=1
  MetalCladdingContinuousWavy004_COL_1K                        1024x1024 fmt=JPEG depth=24 packed=True bytes=351935 cs=sRGB users=1
  MetalCladdingContinuousWavy004_DISP16_1K                     1024x1024 fmt=TIFF depth=32 packed=True bytes=2098331 cs=Non-Color users=1
  MetalCladdingContinuousWavy004_GLOSS_1K                      1024x1024 fmt=JPEG depth=8 packed=True bytes=285933 cs=Non-Color users=1
  MetalCladdingContinuousWavy004_NRM_1K                        1024x1024 fmt=PNG depth=24 packed=True bytes=236511 cs=Non-Color users=1
  Plaster35_COL_VAR1_1K                                        1024x1024 fmt=JPEG depth=24 packed=True bytes=356085 cs=sRGB users=1
  Plaster35_GLOSS_1K                                           1024x1024 fmt=JPEG depth=24 packed=True bytes=137133 cs=Non-Color users=1
  Plaster35_NRM_1K                                             1024x1024 fmt=JPEG depth=24 packed=True bytes=545381 cs=Non-Color users=1
  uv scale.png                                                 1024x1024 fmt=PNG depth=32 packed=True bytes=495217 cs=sRGB users=1
  WoodPaintedWhite001_COL_1K                                   1024x1024 fmt=JPEG depth=24 packed=True bytes=84894 cs=sRGB users=1
  WoodPaintedWhite001_GLOSS_1K                                 1024x1024 fmt=JPEG depth=8 packed=True bytes=268782 cs=Non-Color users=1
  WoodPaintedWhite001_NRM_1K                                   1024x1024 fmt=PNG depth=24 packed=True bytes=951673 cs=Non-Color users=1
  Mask Round.jpg.001                                           256x256 fmt=JPEG depth=8 packed=True bytes=7499 cs=sRGB users=1
WARN (bpy.rna): source/blender/python/intern/bpy_rna.cc:1377 pyrna_enum_to_py: current value '0' matches no enum in 'ColorManagedInputColorspaceSettings', '(null)', 'name'
  Viewer Node                                                  256x256 fmt=TARGA depth=128 packed=False bytes=0 cs= users=1
## DONE
Blender 4.2.9 LTS (hash a10f621e649a built 2025-04-15 01:58:48)
Read blend: "/Users/faizan/Desktop/Projects/veloris/Heritage_Animation_export.blend"

Blender quit
